#
# A fatal error has been detected by the Java Runtime Environment:
#
#  EXCEPTION_ACCESS_VIOLATION (0xc0000005) at pc=0x00007ffe0cd74fc8, pid=21204, tid=25088
#
# JRE version: OpenJDK Runtime Environment Temurin-21.0.5+11 (21.0.5+11) (build 21.0.5+11-LTS)
# Java VM: OpenJDK 64-Bit Server VM Temurin-21.0.5+11 (21.0.5+11-LTS, mixed mode, sharing, tiered, compressed oops, compressed class ptrs, g1 gc, windows-amd64)
# Problematic frame:
# C  0x00007ffe0cd74fc8
#
# No core dump will be written. Minidumps are not enabled by default on client versions of Windows
#
# If you would like to submit a bug report, please visit:
#   https://github.com/adoptium/adoptium-support/issues
# The crash happened outside the Java Virtual Machine in native code.
# See problematic frame for where to report the bug.
#

---------------  S U M M A R Y ------------

Command Line: -Dsun.java2d.pmoffscreen=false -Dhttps.protocols=TLSv1,TLSv1.1,TLSv1.2 -Dsun.java2d.xrender=false -Dsun.java2d.d3d=false -Dsun.awt.nopixfmt=true -Dsun.java2d.dpiaware=true -Dsun.java2d.uiScale.enabled=false -Dswing.aatext=true -XX:-UsePerfData -Djdk.map.althashing.threshold=512 -XX:StringTableSize=4072 -XX:+UseStringDeduplication -XX:MaxGCPauseMillis=200 -XX:ParallelGCThreads=4 -XX:+ParallelRefProcEnabled --add-opens=java.desktop/javax.swing.plaf.synth=ALL-UNNAMED --add-opens=java.base/java.nio=ALL-UNNAMED --add-opens=java.desktop/sun.swing=ALL-UNNAMED --add-opens=java.desktop/javax.swing=ALL-UNNAMED --add-opens=java.desktop/javax.swing.tree=ALL-UNNAMED --add-opens=java.desktop/javax.swing.plaf.basic=ALL-UNNAMED --add-opens=java.desktop/javax.swing.plaf.synth=ALL-UNNAMED --add-opens=java.desktop/javax.swing.plaf.basic=ALL-UNNAMED --add-opens=java.desktop/javax.swing=ALL-UNNAMED --add-opens=java.desktop/javax.swing.tree=ALL-UNNAMED --add-opens=java.desktop/java.awt.event=ALL-UNNAMED --add-exports=java.desktop/javax.swing.plaf.synth=ALL-UNNAMED --add-exports=java.base/java.nio=ALL-UNNAMED --add-exports=java.desktop/sun.swing=ALL-UNNAMED --add-exports=java.desktop/javax.swing=ALL-UNNAMED --add-exports=java.desktop/javax.swing.tree=ALL-UNNAMED --add-exports=java.desktop/javax.swing.plaf.basic=ALL-UNNAMED --add-exports=java.desktop/sun.swing=ALL-UNNAMED --add-exports=java.desktop/sun.swing.table=ALL-UNNAMED --add-exports=java.desktop/sun.swing.plaf.synth=ALL-UNNAMED --add-exports=java.desktop/sun.awt.shell=ALL-UNNAMED --add-exports=java.base/sun.security.action=ALL-UNNAMED --add-exports=java.desktop/sun.font=ALL-UNNAMED -XX:NewSize=80m -XX:MaxNewSize=80m -Xms812m -Xmx6144m -Xss10m 

Host: 13th Gen Intel(R) Core(TM) i5-13420H, 12 cores, 15G,  Windows 11 , 64 bit Build 26100 (10.0.26100.8115)
Time: Sun Apr  5 23:44:23 2026 India Standard Time elapsed time: 43695.484950 seconds (0d 12h 8m 15s)

---------------  T H R E A D  ---------------

Current thread (0x000001f25d931010):  JavaThread "AWT-EventQueue-0"        [_thread_in_native, id=25088, stack(0x0000008526700000,0x0000008527100000) (10240K)]

Stack: [0x0000008526700000,0x0000008527100000],  sp=0x00000085270feaf0,  free space=10234k
Native frames: (J=compiled Java code, j=interpreted, Vv=VM code, C=native code)
C  0x00007ffe0cd74fc8
C  0x00007ffe0cd740e2
C  0x00007ffe0cf895e9
C  0x000001f207bdc7c8

The last pc belongs to native nmethod (printed below).
Java frames: (J=compiled Java code, j=interpreted, Vv=VM code)
J 29069  ui.data.srcscan.srcscani.EditorAssist_createParseInfoIter(JLjava/lang/String;)J (0 bytes) @ 0x000001f207bdc72d [0x000001f207bdc6c0+0x000000000000006d]
J 77092 c2 ui.h.a.c.ado(Ljava/lang/String;)J (23 bytes) @ 0x000001f20821d794 [0x000001f20821d680+0x0000000000000114]
J 75955 c1 ui.h.a.d.jtB()V (275 bytes) @ 0x000001f201befdbc [0x000001f201bef440+0x000000000000097c]
J 76630 c1 ui.views.X.a.a.mvC()V (36 bytes) @ 0x000001f20009397c [0x000001f200093540+0x000000000000043c]
J 76629 c1 ui.views.X.a.a.mvy()V (47 bytes) @ 0x000001f2001976ec [0x000001f200196fc0+0x000000000000072c]
J 76628 c1 ui.views.X.a.i.finished()V (81 bytes) @ 0x000001f200fe3664 [0x000001f200fe3480+0x00000000000001e4]
J 38754 c2 ui.frmwork.C.run()V (15 bytes) @ 0x000001f207aead24 [0x000001f207aeaa00+0x0000000000000324]
J 13366 c2 java.awt.EventQueue.dispatchEvent(Ljava/awt/AWTEvent;)V java.desktop@21.0.5 (80 bytes) @ 0x000001f207c13d28 [0x000001f207c13740+0x00000000000005e8]
J 14832 c2 ui.frmwork.a.d.dispatchEvent(Ljava/awt/AWTEvent;)V (41 bytes) @ 0x000001f20858b820 [0x000001f20858b2c0+0x0000000000000560]
J 35597 c2 java.awt.EventDispatchThread.pumpOneEventForFilters(I)V java.desktop@21.0.5 (106 bytes) @ 0x000001f208faf764 [0x000001f208faea40+0x0000000000000d24]
J 31972% c2 java.awt.EventDispatchThread.pumpEventsForFilter(ILjava/awt/Conditional;Ljava/awt/EventFilter;)V java.desktop@21.0.5 (47 bytes) @ 0x000001f208ab9c14 [0x000001f208ab9b60+0x00000000000000b4]
j  java.awt.EventDispatchThread.pumpEventsForHierarchy(ILjava/awt/Conditional;Ljava/awt/Component;)V+11 java.desktop@21.0.5
j  java.awt.EventDispatchThread.pumpEvents(ILjava/awt/Conditional;)V+4 java.desktop@21.0.5
j  java.awt.EventDispatchThread.pumpEvents(Ljava/awt/Conditional;)V+3 java.desktop@21.0.5
j  java.awt.EventDispatchThread.run()V+9 java.desktop@21.0.5
v  ~StubRoutines::call_stub 0x000001f20753100d

siginfo: EXCEPTION_ACCESS_VIOLATION (0xc0000005), reading address 0x000000000000000f


Registers:
RAX=0x0000000000000001, RBX=0x000001f28aa97ca8, RCX=0x000001f28b1194b0, RDX=0x000000000000000f
RSP=0x00000085270feaf0, RBP=0x00000085270fed70, RSI=0x0000000000000000, RDI=0x000001f2725824d0
R8 =0x0000000000000000, R9 =0x000000851bacd000, R10=0x000001f26a900000, R11=0x4014014014001000
R12=0x000001f26886e100, R13=0x0000000000000076, R14=0x0000000000000000, R15=0x000001f2942e3f30
RIP=0x00007ffe0cd74fc8, EFLAGS=0x0000000000010256


Register to memory mapping:

RAX=0x0000000000000001 is an unknown value
RBX=0x000001f28aa97ca8 points into unknown readable memory: 0x000000000000000f | 0f 00 00 00 00 00 00 00
RCX=0x000001f28b1194b0 points into unknown readable memory: 0x0000000000000000 | 00 00 00 00 00 00 00 00
RDX=0x000000000000000f is an unknown value
RSP=0x00000085270feaf0 is pointing into the stack for thread: 0x000001f25d931010
RBP=0x00000085270fed70 is pointing into the stack for thread: 0x000001f25d931010
RSI=0x0 is null
RDI=0x000001f2725824d0 points into unknown readable memory: 0x00007ffe0d1babf0 | f0 ab 1b 0d fe 7f 00 00
R8 =0x0 is null
R9 =0x000000851bacd000 points into unknown readable memory: 0x0000000000000000 | 00 00 00 00 00 00 00 00
R10=0x000001f26a900000 points into unknown readable memory: 0x0000000000000000 | 00 00 00 00 00 00 00 00
R11=0x4014014014001000 is an unknown value
R12=0x000001f26886e100 points into unknown readable memory: 0x000001f2663c4960 | 60 49 3c 66 f2 01 00 00
R13=0x0000000000000076 is an unknown value
R14=0x0 is null
R15=0x000001f2942e3f30 points into unknown readable memory: 0x005c003f003f005c | 5c 00 3f 00 3f 00 5c 00

Top of Stack: (sp=0x00000085270feaf0)
0x00000085270feaf0:   00000085270feb30 0000008500000000
0x00000085270feb00:   00000085270fed70 000001f2942e3c4c
0x00000085270feb10:   0000000000000000 00000085270fec60
0x00000085270feb20:   0000000000000000 000000000000000f
0x00000085270feb30:   000001f29397e600 000001f2723b8180
0x00000085270feb40:   0000000000000000 000000000000000f
0x00000085270feb50:   0000e9420d078bda 000001f2725824d0
0x00000085270feb60:   000001f26886e100 000001f2725824d0
0x00000085270feb70:   00000085270fed70 00007ffe0cd740e2
0x00000085270feb80:   000001f289fc3b20 00007ffe0d1bc798
0x00000085270feb90:   000000000000001e 00000085270fec80
0x00000085270feba0:   0000000000000000 0000000000000000
0x00000085270febb0:   0000000000000000 0000000000000010
0x00000085270febc0:   00007fff60ac88b0 00007fff609a0139
0x00000085270febd0:   000001f297d562b0 000001f26886e100
0x00000085270febe0:   0000000000000009 00007ffe0000000b
0x00000085270febf0:   0000000000000001 00007ffe3576f801
0x00000085270fec00:   0000000000000001 00007ffe3570e5ff
0x00000085270fec10:   00000085270fec40 00007ffe409c7261
0x00000085270fec20:   000001f2942e3c10 00007ffe3516fa00
0x00000085270fec30:   00000085270feec0 00007ffe41f56204
0x00000085270fec40:   000001f2942e3c10 0000000000000018
0x00000085270fec50:   0000000000000010 00007ffe409c7ea6
0x00000085270fec60:   00000085270fed90 0000000000000000
0x00000085270fec70:   00007f84a039b2ee 73726573555c3a43
0x00000085270fec80:   435c69686b696e5c 00007ffe40c02403
0x00000085270fec90:   000001f2942e3c10 000001f2942e3c4c
0x00000085270feca0:   00000085270fed70 000001f2723b8180
0x00000085270fecb0:   0000e9420d078aaa 000001f2942e3c4c
0x00000085270fecc0:   000001f2942e3f30 000000000000001d
0x00000085270fecd0:   0000000000000076 000001f26886e100
0x00000085270fece0:   000001f25d9313c8 0000000000000000 

Instructions: (pc=0x00007ffe0cd74fc8)
0x00007ffe0cd74ec8:   c0 f8 48 83 f8 1f 76 07 ff 15 d2 59 42 00 cc e8
0x00007ffe0cd74ed8:   fc 40 2f 00 48 c7 44 24 38 00 00 00 00 48 c7 44
0x00007ffe0cd74ee8:   24 40 0f 00 00 00 c6 44 24 28 00 48 8b cb e8 0d
0x00007ffe0cd74ef8:   37 2f 00 48 8b c6 48 8b 4c 24 48 48 33 cc e8 b5
0x00007ffe0cd74f08:   49 2f 00 48 8b 9c 24 88 00 00 00 48 83 c4 50 5f
0x00007ffe0cd74f18:   5e 5d c3 8b c8 e8 ec 36 2f 00 cc cc cc cc cc cc
0x00007ffe0cd74f28:   cc cc cc cc cc cc cc cc b8 02 00 00 00 c3 cc cc
0x00007ffe0cd74f38:   cc cc cc cc cc cc cc cc 8b 01 90 c3 cc cc cc cc
0x00007ffe0cd74f48:   cc cc cc cc cc cc cc cc 48 89 5c 24 18 48 89 6c
0x00007ffe0cd74f58:   24 20 56 57 41 56 48 83 ec 70 48 8b 05 df a9 62
0x00007ffe0cd74f68:   00 48 33 c4 48 89 44 24 60 48 8b ea 48 8b f9 48
0x00007ffe0cd74f78:   8b 01 48 8b 40 08 ff 15 14 7a 42 00 8b f0 85 c0
0x00007ffe0cd74f88:   0f 85 27 01 00 00 48 8b 5f 08 48 83 c3 08 48 3b
0x00007ffe0cd74f98:   5f 10 0f 84 15 01 00 00 45 33 f6 48 8b 13 4c 89
0x00007ffe0cd74fa8:   74 24 20 4c 89 74 24 30 48 c7 44 24 38 0f 00 00
0x00007ffe0cd74fb8:   00 c6 44 24 20 00 49 c7 c0 ff ff ff ff 49 ff c0
0x00007ffe0cd74fc8:   42 80 3c 02 00 75 f6 48 8d 4c 24 20 e8 57 a3 de
0x00007ffe0cd74fd8:   ff 90 48 8d 54 24 20 48 8d 4c 24 40 ff 15 0e 5d
0x00007ffe0cd74fe8:   42 00 90 48 8b d5 48 8d 4c 24 40 ff 15 c7 61 42
0x00007ffe0cd74ff8:   00 84 c0 75 55 48 8d 4c 24 40 ff 15 f8 5c 42 00
0x00007ffe0cd75008:   90 48 8b 54 24 38 48 83 fa 10 72 2e 48 ff c2 48
0x00007ffe0cd75018:   8b 4c 24 20 48 8b c1 48 81 fa 00 10 00 00 72 15
0x00007ffe0cd75028:   48 83 c2 27 48 8b 49 f8 48 2b c1 48 83 c0 f8 48
0x00007ffe0cd75038:   83 f8 1f 77 6c e8 96 3f 2f 00 48 83 c3 08 48 3b
0x00007ffe0cd75048:   5f 10 0f 85 53 ff ff ff eb 63 48 8b 07 48 8d 54
0x00007ffe0cd75058:   24 20 48 8b cf 48 8b 40 08 ff 15 31 79 42 00 8b
0x00007ffe0cd75068:   f0 48 8d 4c 24 40 ff 15 8c 5c 42 00 90 48 8b 54
0x00007ffe0cd75078:   24 38 48 83 fa 10 72 35 48 ff c2 48 8b 4c 24 20
0x00007ffe0cd75088:   48 8b c1 48 81 fa 00 10 00 00 72 1c 48 83 c2 27
0x00007ffe0cd75098:   48 8b 49 f8 48 2b c1 48 83 c0 f8 48 83 f8 1f 76
0x00007ffe0cd750a8:   07 ff 15 f9 57 42 00 cc e8 23 3f 2f 00 8b c6 48
0x00007ffe0cd750b8:   8b 4c 24 60 48 33 cc e8 fc 47 2f 00 4c 8d 5c 24 


Stack slot to memory mapping:

stack at sp + 0 slots: 0x00000085270feb30 is pointing into the stack for thread: 0x000001f25d931010
stack at sp + 1 slots: 0x0000008500000000 is an unknown value
stack at sp + 2 slots: 0x00000085270fed70 is pointing into the stack for thread: 0x000001f25d931010
stack at sp + 3 slots: 0x000001f2942e3c4c points into unknown readable memory: 00 00 65 00
stack at sp + 4 slots: 0x0 is null
stack at sp + 5 slots: 0x00000085270fec60 is pointing into the stack for thread: 0x000001f25d931010
stack at sp + 6 slots: 0x0 is null
stack at sp + 7 slots: 0x000000000000000f is an unknown value


Compiled method (n/a) 43695868 29069     n 0       ui.data.srcscan.srcscani::EditorAssist_createParseInfoIter (native)
 total in heap  [0x000001f207bdc510,0x000001f207bdc910] = 1024
 relocation     [0x000001f207bdc670,0x000001f207bdc6a8] = 56
 main code      [0x000001f207bdc6c0,0x000001f207bdc904] = 580
 stub code      [0x000001f207bdc904,0x000001f207bdc908] = 4
 oops           [0x000001f207bdc908,0x000001f207bdc910] = 8

[Constant Pool (empty)]

[MachCode]
[Entry Point]
  # {method} {0x000001f25b315dd8} 'EditorAssist_createParseInfoIter' '(JLjava/lang/String;)J' in 'ui/data/srcscan/srcscani'
  # parm0:    rdx:rdx   = long
  # parm1:    r8:r8     = 'java/lang/String'
  #           [sp+0x70]  (sp of caller)
  0x000001f207bdc6c0: 448b 5208 | 49bb 0000 | 0017 f201 | 0000 4d03 | d349 3bc2 | 0f84 0600 

  0x000001f207bdc6d8: ;   {runtime_call ic_miss_stub}
  0x000001f207bdc6d8: 0000 e9a1 | 209a ff90 
[Verified Entry Point]
  0x000001f207bdc6e0: 8984 2400 | 80ff ff55 | 488b ec48 | 83ec 6090 | 4181 7f20 | 4c05 0000 

  0x000001f207bdc6f8: ;   {runtime_call StubRoutines (final stubs)}
  0x000001f207bdc6f8: 7405 e861 | 8698 ff4c | 8944 2428 | 4983 f800 | 4c8d 4c24 | 284c 0f44 | 4c24 284c 

  0x000001f207bdc714: ;   {oop(a 'java/lang/Class'{0x00000006824b4378} = 'ui/data/srcscan/srcscani')}
  0x000001f207bdc714: 8bc2 49be | 7843 4b82 | 0600 0000 | 4c89 7424 | 504c 8d74 | 2450 498b | d6c5 f877 

  0x000001f207bdc730: ;   {internal_word}
  0x000001f207bdc730: 49ba 2dc7 | bd07 f201 | 0000 4d89 | 97a0 0300 | 0049 89a7 | 9803 0000 

  0x000001f207bdc748: ;   {external_word}
  0x000001f207bdc748: 49ba 354b | d435 fe7f | 0000 4180 | 3a00 0f84 | 4e00 0000 | 5241 5041 

  0x000001f207bdc760: ;   {metadata({method} {0x000001f25b315dd8} 'EditorAssist_createParseInfoIter' '(JLjava/lang/String;)J' in 'ui/data/srcscan/srcscani')}
  0x000001f207bdc760: 5148 bad0 | 5d31 5bf2 | 0100 0049 | 8bcf 4883 | ec20 40f6 | c40f 0f84 | 1900 0000 | 4883 ec08 
  0x000001f207bdc780: ;   {runtime_call}
  0x000001f207bdc780: 48b8 5041 | 7e35 fe7f | 0000 ffd0 | 4883 c408 | e90c 0000 

  0x000001f207bdc794: ;   {runtime_call}
  0x000001f207bdc794: 0048 b850 | 417e 35fe | 7f00 00ff | d048 83c4 | 2041 5941 | 585a 498d | 8fb8 0300 | 0041 c787 
  0x000001f207bdc7b4: 4404 0000 | 0400 0000 

  0x000001f207bdc7bc: ;   {runtime_call}
  0x000001f207bdc7bc: 48b8 f092 | f80c fe7f | 0000 ffd0 | c5f8 7741 | c787 4404 | 0000 0500 | 0000 f083 | 4424 c000 
  0x000001f207bdc7dc: 493b af48 | 0400 000f | 870e 0000 | 0041 83bf | 4004 0000 | 000f 842b | 0000 00c5 | f877 4889 
  0x000001f207bdc7fc: 45f8 498b | cf4c 8be4 | 4883 ec20 | 4883 e4f0 

  0x000001f207bdc80c: ;   {runtime_call}
  0x000001f207bdc80c: 48b8 e0cd | 4935 fe7f | 0000 ffd0 | 498b e44d | 33e4 488b | 45f8 41c7 | 8744 0400 | 0008 0000 
  0x000001f207bdc82c: 0041 83bf | c004 0000 | 020f 849c 

  0x000001f207bdc838: ;   {external_word}
  0x000001f207bdc838: 0000 0049 | ba35 4bd4 | 35fe 7f00 | 0041 803a | 000f 844c | 0000 0048 

  0x000001f207bdc850: ;   {metadata({method} {0x000001f25b315dd8} 'EditorAssist_createParseInfoIter' '(JLjava/lang/String;)J' in 'ui/data/srcscan/srcscani')}
  0x000001f207bdc850: 8945 f848 | bad0 5d31 | 5bf2 0100 | 0049 8bcf | 4883 ec20 | 40f6 c40f | 0f84 1900 | 0000 4883 
  0x000001f207bdc870: ;   {runtime_call}
  0x000001f207bdc870: ec08 48b8 | 5041 7e35 | fe7f 0000 | ffd0 4883 | c408 e90c 

  0x000001f207bdc884: ;   {runtime_call}
  0x000001f207bdc884: 0000 0048 | b850 417e | 35fe 7f00 | 00ff d048 | 83c4 2048 | 8b45 f849 | c787 9803 | 0000 0000 
  0x000001f207bdc8a4: 0000 49c7 | 87a0 0300 | 0000 0000 | 00c5 f877 | 498b 8f28 | 0400 00c7 | 8100 0100 | 0000 0000 
  0x000001f207bdc8c4: 00c9 4983 | 7f08 000f | 8501 0000 

  0x000001f207bdc8d0: ;   {runtime_call StubRoutines (initial stubs)}
  0x000001f207bdc8d0: 00c3 e929 | 4695 ffc5 | f877 4889 | 45f8 4c8b | e448 83ec | 2048 83e4 

  0x000001f207bdc8e8: ;   {runtime_call}
  0x000001f207bdc8e8: f048 b830 | 797e 35fe | 7f00 00ff | d049 8be4 | 4d33 e448 | 8b45 f8e9 | 37ff ffff 
[Stub Code]
  0x000001f207bdc904: f4f4 f4f4 
[/MachCode]


Compiled method (c2) 43695898 77092   !   4       ui.h.a.c::ado (23 bytes)
 total in heap  [0x000001f20821d490,0x000001f20821df90] = 2816
 relocation     [0x000001f20821d5f0,0x000001f20821d668] = 120
 main code      [0x000001f20821d680,0x000001f20821daf8] = 1144
 stub code      [0x000001f20821daf8,0x000001f20821db30] = 56
 oops           [0x000001f20821db30,0x000001f20821db58] = 40
 metadata       [0x000001f20821db58,0x000001f20821dbe8] = 144
 scopes data    [0x000001f20821dbe8,0x000001f20821de18] = 560
 scopes pcs     [0x000001f20821de18,0x000001f20821df28] = 272
 dependencies   [0x000001f20821df28,0x000001f20821df38] = 16
 handler table  [0x000001f20821df38,0x000001f20821df68] = 48
 nul chk table  [0x000001f20821df68,0x000001f20821df90] = 40

[Constant Pool (empty)]

[MachCode]
[Entry Point]
  # {method} {0x000001f25abb31f0} 'ado' '(Ljava/lang/String;)J' in 'ui/h/a/c'
  # this:     rdx:rdx   = 'ui/h/a/c'
  # parm0:    r8:r8     = 'java/lang/String'
  #           [sp+0x50]  (sp of caller)
  0x000001f20821d680: 448b 5208 | 49bb 0000 | 0017 f201 | 0000 4d03 | d349 3bc2 

  0x000001f20821d694: ;   {runtime_call ic_miss_stub}
  0x000001f20821d694: 0f85 e610 | 36ff 6690 | 0f1f 4000 
[Verified Entry Point]
  0x000001f20821d6a0: 8984 2400 | 80ff ff55 | 4883 ec40 | 4181 7f20 | 4c05 0000 | 0f85 3404 | 0000 4889 | 5424 104c 
  0x000001f20821d6c0: 8944 2420 

  0x000001f20821d6c4: ; implicit exception: dispatches to 0x000001f20821d95c
  0x000001f20821d6c4: 458b 5014 

  0x000001f20821d6c8: ; implicit exception: dispatches to 0x000001f20821da6c
  0x000001f20821d6c8: 478b 44d4 | 0c45 85c0 | 0f86 8602 | 0000 4c8b | 5c24 2041 | 0fbe 4b10 | c4c2 72f7 | e885 ed0f 
  0x000001f20821d6e8: 8e83 0200 | 0045 33c0 | 4489 4424 | 1885 c90f | 85f8 0000 | 0047 8b5c | d40c 448b | 4c24 1845 
  0x000001f20821d708: 3bcb 0f83 | d001 0000 | 8b6c 2418 | 413b eb0f | 8303 0200 | 0049 c1e2 | 0345 0fb6 | 5c2a 1045 
  0x000001f20821d728: 33d2 4585 | d20f 8570 

  0x000001f20821d730: ;   {oop(a 'java/lang/CharacterDataLatin1'{0x000000068143b200})}
  0x000001f20821d730: 0100 0048 | bd00 b243 | 8106 0000 | 0044 8b45 

  0x000001f20821d740: ;   {metadata('java/lang/CharacterDataLatin1')}
  0x000001f20821d740: 0841 81f8 | 00ed 0200 | 0f85 dd00 | 0000 4181 | fb00 0100 | 000f 8357 

  0x000001f20821d758: ;   {oop([I{0x000000068143adf0})}
  0x000001f20821d758: 0100 0049 | baf0 ad43 | 8106 0000 | 0047 8b54 | 9a10 4183 | e21f 41bb | 0070 0000 | c442 2af7 
  0x000001f20821d778: d341 f6c2 | 0175 304c | 8b54 2410 | 498b 5218 | 4c8b 4424 

  0x000001f20821d78c: ;   {static_call}
  0x000001f20821d78c: 2066 90e8 

  0x000001f20821d790: ; ImmutableOopMap {}
                      ;*invokestatic EditorAssist_createParseInfoIter {reexecute=0 rethrow=0 return_oop=0}
                      ; - ui.h.a.c::ado@14 (line 228)
  0x000001f20821d790: 4cef 9bff 

  0x000001f20821d794: ;   {other}
  0x000001f20821d794: 0f1f 8400 | 0403 0000 | 4883 c440 

  0x000001f20821d7a0: ;   {poll_return}
  0x000001f20821d7a0: 5d49 3ba7 | 4804 0000 | 0f87 2a03 | 0000 c34c | 8b54 2420 | 458b 5214 | 448b 5c24 | 1841 ffc3 
  0x000001f20821d7c0: 498b 8f50 | 0400 004c 

  0x000001f20821d7c8: ; ImmutableOopMap {r10=NarrowOop r8=Oop [16]=Oop [32]=Oop }
                      ;*goto {reexecute=1 rethrow=0 return_oop=0}
                      ; - (reexecute) ui.utils.ap::agA@26 (line 3069)
                      ; - ui.utils.ap::kH@12 (line 2990)
                      ; - ui.h.a.c::ado@1 (line 224)
  0x000001f20821d7c8: 8b44 2420 

  0x000001f20821d7cc: ;   {poll}
  0x000001f20821d7cc: 8501 478b | 44d4 0c4c | 8b4c 2420 | 410f be49 | 10c4 c272 | f7e8 443b | dd0f 8d49 | 0200 0044 
  0x000001f20821d7ec: 895c 2418 | e900 ffff | ff49 8bd2 | 48c1 e203 | 448b 4424 | 1848 8b6c | 2410 48ff | 7424 2048 
  0x000001f20821d80c: ;   {static_call}
  0x000001f20821d80c: 8f04 24e8 

  0x000001f20821d810: ; ImmutableOopMap {rbp=Oop [0]=Oop [16]=Oop [32]=Oop }
                      ;*invokestatic charAt {reexecute=0 rethrow=0 return_oop=0}
                      ; - java.lang.String::charAt@21 (line 1557)
                      ; - ui.utils.ap::agA@12 (line 3070)
                      ; - ui.utils.ap::kH@12 (line 2990)
                      ; - ui.h.a.c::ado@1 (line 224)
  0x000001f20821d810: 6c18 36ff 

  0x000001f20821d814: ;   {other}
  0x000001f20821d814: 0f1f 8400 | 8403 0002 | 448b d041 | c1ea 0844 | 8bd8 e9ff 

  0x000001f20821d828: ;   {metadata('java/lang/CharacterData00')}
  0x000001f20821d828: feff ff41 | 81f8 70b5 | 1a00 0f85 | c001 0000 | 458b c341 | d1e8 458b | cb41 c1f9 | 0541 83e0 
  0x000001f20821d848: ;   {oop([C{0x00000006800a83a0})}
  0x000001f20821d848: 0f49 baa0 | 830a 8006 | 0000 0043 | 0fb7 6c4a | 1041 0be8 | 81fd a017 | 0000 0f83 | 1c01 0000 
  0x000001f20821d868: 4183 e301 

  0x000001f20821d86c: ;   {oop([C{0x000000068009a480})}
  0x000001f20821d86c: 49ba 80a4 | 0980 0600 | 0000 410f | b76c 6a10 | 410b eb81 | fd20 0400 | 000f 8335 

  0x000001f20821d888: ;   {oop([I{0x00000006800993f0})}
  0x000001f20821d888: 0100 0049 | baf0 9309 | 8006 0000 | 0045 8b54 | aa10 4183 | e21f e9cb 

  0x000001f20821d8a0: ;   {oop(a 'java/lang/CharacterData00'{0x000000068067e5f8})}
  0x000001f20821d8a0: feff ff48 | bdf8 e567 | 8006 0000 | 00e9 8bfe | ffff bae4 | ffff ff8b | 6c24 184c | 8b54 2410 
  0x000001f20821d8c0: 4c89 1424 | 48ff 7424 | 2048 8f44 | 2408 4489 

  0x000001f20821d8d0: ;   {runtime_call UncommonTrapBlob}
  0x000001f20821d8d0: 5c24 18e8 

  0x000001f20821d8d4: ; ImmutableOopMap {[0]=Oop [8]=Oop }
                      ;*iaload {reexecute=0 rethrow=0 return_oop=0}
                      ; - java.lang.CharacterDataLatin1::getProperties@7 (line 74)
                      ; - java.lang.CharacterDataLatin1::getType@2 (line 110)
                      ; - java.lang.Character::getType@5 (line 11559)
                      ; - java.lang.Character::isSpaceChar@4 (line 11357)
                      ; - java.lang.Character::isSpaceChar@1 (line 11332)
                      ; - ui.utils.ap::t@1 (line 3064)
                      ; - ui.utils.ap::agA@15 (line 3070)
                      ; - ui.utils.ap::kH@12 (line 2990)
                      ; - ui.h.a.c::ado@1 (line 224)
  0x000001f20821d8d4: 286d 36ff 

  0x000001f20821d8d8: ;   {other}
  0x000001f20821d8d8: 0f1f 8400 | 4804 0003 | bae4 ffff | ff44 8914 | 2448 8944 | 24f8 8b44 | 2418 8944 | 2404 488b 
  0x000001f20821d8f8: 4424 f848 | 8944 24f8 | 8b44 2418 | 8944 2408 | 488b 4424 | f844 895c 

  0x000001f20821d910: ;   {runtime_call UncommonTrapBlob}
  0x000001f20821d910: 240c 90e8 

  0x000001f20821d914: ; ImmutableOopMap {[0]=NarrowOop [16]=Oop [32]=Oop }
                      ;*invokestatic checkIndex {reexecute=0 rethrow=0 return_oop=0}
                      ; - java.lang.String::checkIndex@5 (line 4832)
                      ; - java.lang.StringLatin1::charAt@3 (line 46)
                      ; - java.lang.String::charAt@12 (line 1555)
                      ; - ui.utils.ap::agA@12 (line 3070)
                      ; - ui.utils.ap::kH@12 (line 2990)
                      ; - ui.h.a.c::ado@1 (line 224)
  0x000001f20821d914: e86c 36ff 

  0x000001f20821d918: ;   {other}
  0x000001f20821d918: 0f1f 8400 | 8804 0004 | bae4 ffff | ff48 8944 | 24f8 8b44 | 2418 8904 | 2448 8b44 | 24f8 4489 
  0x000001f20821d938: 5424 044c | 8b54 2410 | 4c89 5424 | 0848 ff74 | 2420 488f 

  0x000001f20821d94c: ;   {runtime_call UncommonTrapBlob}
  0x000001f20821d94c: 4424 10e8 

  0x000001f20821d950: ; ImmutableOopMap {[4]=NarrowOop [8]=Oop [16]=Oop }
                      ;*baload {reexecute=0 rethrow=0 return_oop=0}
                      ; - java.lang.StringLatin1::charAt@8 (line 47)
                      ; - java.lang.String::charAt@12 (line 1555)
                      ; - ui.utils.ap::agA@12 (line 3070)
                      ; - ui.utils.ap::kH@12 (line 2990)
                      ; - ui.h.a.c::ado@1 (line 224)
  0x000001f20821d950: ac6c 36ff 

  0x000001f20821d954: ;   {other}
  0x000001f20821d954: 0f1f 8400 | c404 0005 | ba45 ffff 

  0x000001f20821d960: ;   {runtime_call UncommonTrapBlob}
  0x000001f20821d960: ff66 90e8 

  0x000001f20821d964: ; ImmutableOopMap {}
                      ;*ifne {reexecute=1 rethrow=0 return_oop=0}
                      ; - (reexecute) ui.h.a.c::ado@4 (line 224)
  0x000001f20821d964: 986c 36ff 

  0x000001f20821d968: ;   {other}
  0x000001f20821d968: 0f1f 8400 | d804 0006 | ba45 ffff 

  0x000001f20821d974: ;   {runtime_call UncommonTrapBlob}
  0x000001f20821d974: ff66 90e8 

  0x000001f20821d978: ; ImmutableOopMap {[16]=Oop [32]=Oop }
                      ;*if_icmpge {reexecute=1 rethrow=0 return_oop=0}
                      ; - (reexecute) ui.utils.ap::agA@7 (line 3069)
                      ; - ui.utils.ap::kH@12 (line 2990)
                      ; - ui.h.a.c::ado@1 (line 224)
  0x000001f20821d978: 846c 36ff 

  0x000001f20821d97c: ;   {other}
  0x000001f20821d97c: 0f1f 8400 | ec04 0007 | bae4 ffff | ff48 8944 | 24f8 8b44 | 2418 8904 | 2448 8b44 | 24f8 4c8b 
  0x000001f20821d99c: 5424 104c | 8954 2408 | 48ff 7424 | 2048 8f44 | 2410 4489 

  0x000001f20821d9b0: ;   {runtime_call UncommonTrapBlob}
  0x000001f20821d9b0: 5c24 04e8 

  0x000001f20821d9b4: ; ImmutableOopMap {[8]=Oop [16]=Oop }
                      ;*caload {reexecute=0 rethrow=0 return_oop=0}
                      ; - java.lang.CharacterData00::getProperties@23 (line 73)
                      ; - java.lang.CharacterData00::getType@2 (line 84)
                      ; - java.lang.Character::getType@5 (line 11559)
                      ; - java.lang.Character::isSpaceChar@4 (line 11357)
                      ; - java.lang.Character::isSpaceChar@1 (line 11332)
                      ; - ui.utils.ap::t@1 (line 3064)
                      ; - ui.utils.ap::agA@15 (line 3070)
                      ; - ui.utils.ap::kH@12 (line 2990)
                      ; - ui.h.a.c::ado@1 (line 224)
  0x000001f20821d9b4: 486c 36ff 

  0x000001f20821d9b8: ;   {other}
  0x000001f20821d9b8: 0f1f 8400 | 2805 0008 | bae4 ffff | ff48 8944 | 24f8 8b44 | 2418 8904 | 2448 8b44 | 24f8 4c8b 
  0x000001f20821d9d8: 5424 104c | 8954 2408 | 48ff 7424 | 2048 8f44 

  0x000001f20821d9e8: ;   {runtime_call UncommonTrapBlob}
  0x000001f20821d9e8: 2410 90e8 

  0x000001f20821d9ec: ; ImmutableOopMap {[8]=Oop [16]=Oop }
                      ;*iaload {reexecute=0 rethrow=0 return_oop=0}
                      ; - java.lang.CharacterData00::getProperties@28 (line 73)
                      ; - java.lang.CharacterData00::getType@2 (line 84)
                      ; - java.lang.Character::getType@5 (line 11559)
                      ; - java.lang.Character::isSpaceChar@4 (line 11357)
                      ; - java.lang.Character::isSpaceChar@1 (line 11332)
                      ; - ui.utils.ap::t@1 (line 3064)
                      ; - ui.utils.ap::agA@15 (line 3070)
                      ; - ui.utils.ap::kH@12 (line 2990)
                      ; - ui.h.a.c::ado@1 (line 224)
  0x000001f20821d9ec: 106c 36ff 

  0x000001f20821d9f0: ;   {other}
  0x000001f20821d9f0: 0f1f 8400 | 6005 0009 | bac6 ffff | ff48 8944 | 24f8 8b44 | 2418 8904 | 2448 8b44 | 24f8 4c8b 
  0x000001f20821da10: 5424 104c | 8954 2408 | 48ff 7424 | 2048 8f44 | 2410 4489 

  0x000001f20821da24: ;   {runtime_call UncommonTrapBlob}
  0x000001f20821da24: 5c24 04e8 

  0x000001f20821da28: ; ImmutableOopMap {rbp=Oop [8]=Oop [16]=Oop }
                      ;*invokevirtual getType {reexecute=0 rethrow=0 return_oop=0}
                      ; - java.lang.Character::getType@5 (line 11559)
                      ; - java.lang.Character::isSpaceChar@4 (line 11357)
                      ; - java.lang.Character::isSpaceChar@1 (line 11332)
                      ; - ui.utils.ap::t@1 (line 3064)
                      ; - ui.utils.ap::agA@15 (line 3070)
                      ; - ui.utils.ap::kH@12 (line 2990)
                      ; - ui.h.a.c::ado@1 (line 224)
  0x000001f20821da28: d46b 36ff 

  0x000001f20821da2c: ;   {other}
  0x000001f20821da2c: 0f1f 8400 | 9c05 000a | ba45 ffff | ff44 891c | 244c 8b54 | 2410 4c89 

  0x000001f20821da44: ;   {runtime_call UncommonTrapBlob}
  0x000001f20821da44: 5424 08e8 

  0x000001f20821da48: ; ImmutableOopMap {[8]=Oop [32]=Oop }
                      ;*if_icmpge {reexecute=1 rethrow=0 return_oop=0}
                      ; - (reexecute) ui.utils.ap::agA@7 (line 3069)
                      ; - ui.utils.ap::kH@12 (line 2990)
                      ; - ui.h.a.c::ado@1 (line 224)
  0x000001f20821da48: b46b 36ff 

  0x000001f20821da4c: ;   {other}
  0x000001f20821da4c: 0f1f 8400 | bc05 000b | baf6 ffff | ff48 8b6c 

  0x000001f20821da5c: ;   {runtime_call UncommonTrapBlob}
  0x000001f20821da5c: 2410 90e8 

  0x000001f20821da60: ; ImmutableOopMap {rbp=Oop [32]=Oop }
                      ;*arraylength {reexecute=0 rethrow=0 return_oop=0}
                      ; - java.lang.StringLatin1::charAt@2 (line 46)
                      ; - java.lang.String::charAt@12 (line 1555)
                      ; - ui.utils.ap::agA@12 (line 3070)
                      ; - ui.utils.ap::kH@12 (line 2990)
                      ; - ui.h.a.c::ado@1 (line 224)
  0x000001f20821da60: 9c6b 36ff 

  0x000001f20821da64: ;   {other}
  0x000001f20821da64: 0f1f 8400 | d405 000c | baf6 ffff | ff48 8b6c 

  0x000001f20821da74: ;   {runtime_call UncommonTrapBlob}
  0x000001f20821da74: 2410 90e8 

  0x000001f20821da78: ; ImmutableOopMap {rbp=Oop [32]=Oop }
                      ;*arraylength {reexecute=0 rethrow=0 return_oop=0}
                      ; - java.lang.String::isEmpty@4 (line 1532)
                      ; - ui.utils.ap::kH@5 (line 2990)
                      ; - ui.h.a.c::ado@1 (line 224)
  0x000001f20821da78: 846b 36ff 

  0x000001f20821da7c: ;   {other}
  0x000001f20821da7c: 0f1f 8400 | ec05 000d | 488b d0eb | 2e44 8b50 

  0x000001f20821da8c: ;   {metadata('java/lang/Exception')}
  0x000001f20821da8c: 0849 bb58 | bf00 17f2 | 0100 0049 | b800 0000 | 17f2 0100 | 004d 03c2 | 4d8b 5040 | 4d3b d375 
  0x000001f20821daac: 0733 c0e9 | e8fc ffff | 488b d048 | 83c4 405d 

  0x000001f20821dabc: ;   {runtime_call _rethrow_Java}
  0x000001f20821dabc: e9bf 5c43 | ffba f6ff | ffff 488b 

  0x000001f20821dac8: ;   {runtime_call UncommonTrapBlob}
  0x000001f20821dac8: 6c24 10e8 

  0x000001f20821dacc: ; ImmutableOopMap {rbp=Oop [32]=Oop }
                      ;*arraylength {reexecute=0 rethrow=0 return_oop=0}
                      ; - java.lang.String::length@4 (line 1519)
                      ; - ui.utils.ap::agA@4 (line 3069)
                      ; - ui.utils.ap::kH@12 (line 2990)
                      ; - ui.h.a.c::ado@1 (line 224)
  0x000001f20821dacc: 306b 36ff 

  0x000001f20821dad0: ;   {other}
  0x000001f20821dad0: 0f1f 8400 | 4006 000e 

  0x000001f20821dad8: ;   {internal_word}
  0x000001f20821dad8: 49ba a1d7 | 2108 f201 | 0000 4d89 | 9760 0400 

  0x000001f20821dae8: ;   {runtime_call SafepointBlob}
  0x000001f20821dae8: 00e9 127c 

  0x000001f20821daec: ;   {runtime_call StubRoutines (final stubs)}
  0x000001f20821daec: 36ff e86d | 7234 ffe9 | c2fb ffff 
[Stub Code]
  0x000001f20821daf8: ;   {no_reloc}
  0x000001f20821daf8: 48bb 0000 | 0000 0000 

  0x000001f20821db00: ;   {runtime_call nmethod}
  0x000001f20821db00: 0000 e9fb 

  0x000001f20821db04: ;   {static_stub}
  0x000001f20821db04: ffff ff48 | bb00 0000 | 0000 0000 

  0x000001f20821db10: ;   {runtime_call nmethod}
  0x000001f20821db10: 00e9 fbff 

  0x000001f20821db14: ;   {runtime_call ExceptionBlob}
  0x000001f20821db14: ffff e965 | ec42 ffe8 | 0000 0000 | 4883 2c24 

  0x000001f20821db24: ;   {runtime_call DeoptimizationBlob}
  0x000001f20821db24: 05e9 766e | 36ff f4f4 | f4f4 f4f4 
[/MachCode]


Compiled method (c1) 43695916 75955   !   3       ui.h.a.d::jtB (275 bytes)
 total in heap  [0x000001f201beef10,0x000001f201bf32d8] = 17352
 relocation     [0x000001f201bef070,0x000001f201bef438] = 968
 main code      [0x000001f201bef440,0x000001f201bf1c78] = 10296
 stub code      [0x000001f201bf1c78,0x000001f201bf1e40] = 456
 oops           [0x000001f201bf1e40,0x000001f201bf1e50] = 16
 metadata       [0x000001f201bf1e50,0x000001f201bf1f80] = 304
 scopes data    [0x000001f201bf1f80,0x000001f201bf2838] = 2232
 scopes pcs     [0x000001f201bf2838,0x000001f201bf2e68] = 1584
 dependencies   [0x000001f201bf2e68,0x000001f201bf2e88] = 32
 handler table  [0x000001f201bf2e88,0x000001f201bf3248] = 960
 nul chk table  [0x000001f201bf3248,0x000001f201bf32d8] = 144

[Constant Pool (empty)]

[MachCode]
[Entry Point]
  # {method} {0x000001f25b312718} 'jtB' '()V' in 'ui/h/a/d'
  #           [sp+0x180]  (sp of caller)
  0x000001f201bef440: 448b 5208 | 49bb 0000 | 0017 f201 | 0000 4d03 | d34c 3bd0 

  0x000001f201bef454: ;   {runtime_call ic_miss_stub}
  0x000001f201bef454: 0f85 26f3 | 9805 660f | 1f44 0000 
[Verified Entry Point]
  0x000001f201bef460: 8984 2400 | 80ff ff55 | 4881 ec70 | 0100 0090 | 4181 7f20 | 4c05 0000 

  0x000001f201bef478: ;   {runtime_call StubRoutines (final stubs)}
  0x000001f201bef478: 7405 e8e1 | 5897 0548 | 8994 24f0 

  0x000001f201bef484: ;   {metadata(method data for {method} {0x000001f25b312718} 'jtB' '()V' in 'ui/h/a/d')}
  0x000001f201bef484: 0000 0048 | be10 b6ec | 8ef2 0100 | 008b becc | 0000 0083 | c702 89be | cc00 0000 | 81e7 fe07 
  0x000001f201bef4a4: 0000 85ff | 0f84 e821 | 0000 8b72 | 1048 c1e6 | 038b 7624 | 48c1 e603 

  0x000001f201bef4bc: ; implicit exception: dispatches to 0x000001f201bf16bc
  0x000001f201bef4bc: 483b 0648 

  0x000001f201bef4c0: ;   {metadata(method data for {method} {0x000001f25b312718} 'jtB' '()V' in 'ui/h/a/d')}
  0x000001f201bef4c0: 8bfe 48bb | 10b6 ec8e | f201 0000 | 8b7f 0849 | ba00 0000 | 17f2 0100 | 0049 03fa | 483b bb20 
  0x000001f201bef4e0: 0100 0075 | 0d48 8383 | 2801 0000 | 01e9 6000 | 0000 483b | bb30 0100 | 0075 0d48 | 8383 3801 
  0x000001f201bef500: 0000 01e9 | 4a00 0000 | 4883 bb20 | 0100 0000 | 7517 4889 | bb20 0100 | 0048 c783 | 2801 0000 
  0x000001f201bef520: 0100 0000 | e929 0000 | 0048 83bb | 3001 0000 | 0075 1748 | 89bb 3001 | 0000 48c7 | 8338 0100 
  0x000001f201bef540: 0001 0000 | 00e9 0800 | 0000 4883 | 8310 0100 

  0x000001f201bef550: ;   {metadata(method data for {method} {0x000001f25abb49a0} 'juB' '()Ljava/util/Set;' in 'ui/h/c/l')}
  0x000001f201bef550: 0001 48bf | 18be ec8e | f201 0000 | 8b9f cc00 | 0000 83c3 | 0289 9fcc | 0000 0081 | e3fe ff1f 
  0x000001f201bef570: 0085 db0f | 8448 2100 | 008b 760c | 48c1 e603 

  0x000001f201bef580: ; implicit exception: dispatches to 0x000001f201bf16e2
  0x000001f201bef580: 483b 0648 

  0x000001f201bef584: ;   {metadata(method data for {method} {0x000001f25abb49a0} 'juB' '()Ljava/util/Set;' in 'ui/h/c/l')}
  0x000001f201bef584: 8bfe 48bb | 18be ec8e | f201 0000 | 8b7f 0849 | ba00 0000 | 17f2 0100 | 0049 03fa | 483b bb20 
  0x000001f201bef5a4: 0100 0075 | 0d48 8383 | 2801 0000 | 01e9 6000 | 0000 483b | bb30 0100 | 0075 0d48 | 8383 3801 
  0x000001f201bef5c4: 0000 01e9 | 4a00 0000 | 4883 bb20 | 0100 0000 | 7517 4889 | bb20 0100 | 0048 c783 | 2801 0000 
  0x000001f201bef5e4: 0100 0000 | e929 0000 | 0048 83bb | 3001 0000 | 0075 1748 | 89bb 3001 | 0000 48c7 | 8338 0100 
  0x000001f201bef604: 0001 0000 | 00e9 0800 | 0000 4883 | 8310 0100 | 0001 488b | d60f 1f40 | 0048 b8d0 | c508 17f2 
  0x000001f201bef624: ;   {virtual_call}
  0x000001f201bef624: 0100 00e8 

  0x000001f201bef628: ; ImmutableOopMap {[240]=Oop }
                      ;*invokeinterface keySet {reexecute=0 rethrow=0 return_oop=0}
                      ; - ui.h.c.l::juB@4 (line 26)
                      ; - ui.h.a.d::jtB@7 (line 61)
  0x000001f201bef628: f419 fd05 

  0x000001f201bef62c: ;   {other}
  0x000001f201bef62c: 0f1f 8400 | 1c07 0000 

  0x000001f201bef634: ; implicit exception: dispatches to 0x000001f201bf16e7
  0x000001f201bef634: 483b 0048 

  0x000001f201bef638: ;   {metadata(method data for {method} {0x000001f25b312718} 'jtB' '()V' in 'ui/h/a/d')}
  0x000001f201bef638: 8bd0 48be | 10b6 ec8e | f201 0000 | 8b52 0849 | ba00 0000 | 17f2 0100 | 0049 03d2 | 483b 9658 
  0x000001f201bef658: 0100 0075 | 0d48 8386 | 6001 0000 | 01e9 6000 | 0000 483b | 9668 0100 | 0075 0d48 | 8386 7001 
  0x000001f201bef678: 0000 01e9 | 4a00 0000 | 4883 be58 | 0100 0000 | 7517 4889 | 9658 0100 | 0048 c786 | 6001 0000 
  0x000001f201bef698: 0100 0000 | e929 0000 | 0048 83be | 6801 0000 | 0075 1748 | 8996 6801 | 0000 48c7 | 8670 0100 
  0x000001f201bef6b8: 0001 0000 | 00e9 0800 | 0000 4883 | 8648 0100 | 0001 488b | d048 b820 | 201a 17f2 

  0x000001f201bef6d4: ;   {virtual_call}
  0x000001f201bef6d4: 0100 00e8 

  0x000001f201bef6d8: ; ImmutableOopMap {[240]=Oop }
                      ;*invokeinterface iterator {reexecute=0 rethrow=0 return_oop=0}
                      ; - ui.h.a.d::jtB@10 (line 61)
  0x000001f201bef6d8: e4dd aa06 

  0x000001f201bef6dc: ;   {other}
  0x000001f201bef6dc: 0f1f 8400 | cc07 0001 | 4889 8424 | f800 0000 | 0f1f 4000 

  0x000001f201bef6f0: ; implicit exception: dispatches to 0x000001f201bf16ec
  0x000001f201bef6f0: 483b 0048 

  0x000001f201bef6f4: ;   {metadata(method data for {method} {0x000001f25b312718} 'jtB' '()V' in 'ui/h/a/d')}
  0x000001f201bef6f4: 8bf0 48bf | 10b6 ec8e | f201 0000 | 8b76 0849 | ba00 0000 | 17f2 0100 | 0049 03f2 | 483b b790 
  0x000001f201bef714: 0100 0075 | 0d48 8387 | 9801 0000 | 01e9 6000 | 0000 483b | b7a0 0100 | 0075 0d48 | 8387 a801 
  0x000001f201bef734: 0000 01e9 | 4a00 0000 | 4883 bf90 | 0100 0000 | 7517 4889 | b790 0100 | 0048 c787 | 9801 0000 
  0x000001f201bef754: 0100 0000 | e929 0000 | 0048 83bf | a001 0000 | 0075 1748 | 89b7 a001 | 0000 48c7 | 87a8 0100 
  0x000001f201bef774: 0001 0000 | 00e9 0800 | 0000 4883 | 8780 0100 | 0001 488b | d00f 1f40 | 0048 b890 | 621a 17f2 
  0x000001f201bef794: ;   {virtual_call}
  0x000001f201bef794: 0100 00e8 

  0x000001f201bef798: ; ImmutableOopMap {[240]=Oop [248]=Oop }
                      ;*invokeinterface hasNext {reexecute=0 rethrow=0 return_oop=0}
                      ; - ui.h.a.d::jtB@17 (line 61)
  0x000001f201bef798: 0433 f805 

  0x000001f201bef79c: ;   {other}
  0x000001f201bef79c: 0f1f 8400 | 8c08 0002 

  0x000001f201bef7a4: ;   {metadata(method data for {method} {0x000001f25b312718} 'jtB' '()V' in 'ui/h/a/d')}
  0x000001f201bef7a4: 85c0 48ba | 10b6 ec8e | f201 0000 | 48c7 c6b8 | 0100 0074 | 0748 c7c6 | c801 0000 | 488b 3c32 
  0x000001f201bef7c4: 488d 7f01 | 4889 3c32 | 0f84 ae1e | 0000 488b | 8424 f800 

  0x000001f201bef7d8: ;   {metadata(method data for {method} {0x000001f25b312718} 'jtB' '()V' in 'ui/h/a/d')}
  0x000001f201bef7d8: 0000 48be | 10b6 ec8e | f201 0000 | 8b40 0849 | ba00 0000 | 17f2 0100 | 0049 03c2 | 483b 86e8 
  0x000001f201bef7f8: 0100 0075 | 0d48 8386 | f001 0000 | 01e9 6000 | 0000 483b | 86f8 0100 | 0075 0d48 | 8386 0002 
  0x000001f201bef818: 0000 01e9 | 4a00 0000 | 4883 bee8 | 0100 0000 | 7517 4889 | 86e8 0100 | 0048 c786 | f001 0000 
  0x000001f201bef838: 0100 0000 | e929 0000 | 0048 83be | f801 0000 | 0075 1748 | 8986 f801 | 0000 48c7 | 8600 0200 
  0x000001f201bef858: 0001 0000 | 00e9 0800 | 0000 4883 | 86d8 0100 | 0001 488b | 9424 f800 | 0000 6666 | 9048 b890 
  0x000001f201bef878: 621a 17f2 

  0x000001f201bef87c: ;   {virtual_call}
  0x000001f201bef87c: 0100 00e8 

  0x000001f201bef880: ; ImmutableOopMap {[240]=Oop [248]=Oop }
                      ;*invokeinterface next {reexecute=0 rethrow=0 return_oop=0}
                      ; - ui.h.a.d::jtB@26 (line 61)
  0x000001f201bef880: bc56 f805 

  0x000001f201bef884: ;   {other}
  0x000001f201bef884: 0f1f 8400 | 7409 0003 | 4885 c075 

  0x000001f201bef890: ;   {metadata(method data for {method} {0x000001f25b312718} 'jtB' '()V' in 'ui/h/a/d')}
  0x000001f201bef890: 1648 bf10 | b6ec 8ef2 | 0100 0080 | 8f09 0200 | 0001 e9cc 

  0x000001f201bef8a4: ;   {metadata('java/net/URI')}
  0x000001f201bef8a4: 0000 0048 | bb98 3214 | 17f2 0100 | 008b 5008 | 49ba 0000 | 0017 f201 | 0000 4903 | d248 3bda 
  0x000001f201bef8c4: 0f85 8d00 

  0x000001f201bef8c8: ;   {metadata(method data for {method} {0x000001f25b312718} 'jtB' '()V' in 'ui/h/a/d')}
  0x000001f201bef8c8: 0000 48bf | 10b6 ec8e | f201 0000 | 8b58 0849 | ba00 0000 | 17f2 0100 | 0049 03da | 483b 9f20 
  0x000001f201bef8e8: 0200 0075 | 0d48 8387 | 2802 0000 | 01e9 7900 | 0000 483b | 9f30 0200 | 0075 0d48 | 8387 3802 
  0x000001f201bef908: 0000 01e9 | 6300 0000 | 4883 bf20 | 0200 0000 | 7517 4889 | 9f20 0200 | 0048 c787 | 2802 0000 
  0x000001f201bef928: 0100 0000 | e942 0000 | 0048 83bf | 3002 0000 | 0075 1748 | 899f 3002 | 0000 48c7 | 8738 0200 
  0x000001f201bef948: 0001 0000 | 00e9 2100 | 0000 e91c 

  0x000001f201bef954: ;   {metadata(method data for {method} {0x000001f25b312718} 'jtB' '()V' in 'ui/h/a/d')}
  0x000001f201bef954: 0000 0048 | bf10 b6ec | 8ef2 0100 | 0048 83af | 1002 0000 | 01e9 831d | 0000 e900 | 0000 0048 
  0x000001f201bef974: ;   {metadata(method data for {method} {0x000001f25b312718} 'jtB' '()V' in 'ui/h/a/d')}
  0x000001f201bef974: 8bf0 48ba | 10b6 ec8e | f201 0000 | 4883 8248 | 0200 0001 

  0x000001f201bef988: ;   {metadata(method data for {method} {0x000001f2171f7018} 'get' '(Ljava/net/URI;)Ljava/nio/file/Path;' in 'java/nio/file/Paths')}
  0x000001f201bef988: 48ba 6043 | bd8e f201 | 0000 8bba | cc00 0000 | 83c7 0289 | bacc 0000 | 0081 e7fe | ff1f 0085 
  0x000001f201bef9a8: ff0f 844b 

  0x000001f201bef9ac: ;   {metadata(method data for {method} {0x000001f2171f7018} 'get' '(Ljava/net/URI;)Ljava/nio/file/Path;' in 'java/nio/file/Paths')}
  0x000001f201bef9ac: 1d00 0048 | ba60 43bd | 8ef2 0100 | 0048 8382 | 1001 0000 | 0148 8bd6 | 4889 b424 | 0001 0000 
  0x000001f201bef9cc: ;   {static_call}
  0x000001f201bef9cc: 6666 90e8 

  0x000001f201bef9d0: ; ImmutableOopMap {[240]=Oop [248]=Oop [256]=Oop }
                      ;*invokestatic of {reexecute=0 rethrow=0 return_oop=0}
                      ; - java.nio.file.Paths::get@1 (line 98)
                      ; - ui.h.a.d::jtB@36 (line 62)
  0x000001f201bef9d0: 2ce6 0406 

  0x000001f201bef9d4: ;   {other}
  0x000001f201bef9d4: 0f1f 8400 | c40a 0004 | 4885 c00f | 8429 0000 

  0x000001f201bef9e4: ;   {metadata('sun/nio/fs/WindowsPath')}
  0x000001f201bef9e4: 0048 bfb8 | 1038 17f2 | 0100 008b | 7008 49ba | 0000 0017 | f201 0000 | 4903 f248 | 3b7e 380f 
  0x000001f201befa04: 8512 1d00 | 00e9 0000 | 0000 4c8b | c048 3b00 

  0x000001f201befa14: ;   {metadata(method data for {method} {0x000001f25b312718} 'jtB' '()V' in 'ui/h/a/d')}
  0x000001f201befa14: 4c8b c048 | ba10 b6ec | 8ef2 0100 | 0045 8b40 | 0849 ba00 | 0000 17f2 | 0100 004d | 03c2 4c3b 
  0x000001f201befa34: 8268 0200 | 0075 0d48 | 8382 7002 | 0000 01e9 | 6000 0000 | 4c3b 8278 | 0200 0075 | 0d48 8382 
  0x000001f201befa54: 8002 0000 | 01e9 4a00 | 0000 4883 | ba68 0200 | 0000 7517 | 4c89 8268 | 0200 0048 | c782 7002 
  0x000001f201befa74: 0000 0100 | 0000 e929 | 0000 0048 | 83ba 7802 | 0000 0075 | 174c 8982 | 7802 0000 | 48c7 8280 
  0x000001f201befa94: 0200 0001 | 0000 00e9 | 0800 0000 | 4883 8258 | 0200 0001 | 8b70 1c48 | c1e6 0348 | 8b94 24f0 
  0x000001f201befab4: ;   {metadata(method data for {method} {0x000001f25b312718} 'jtB' '()V' in 'ui/h/a/d')}
  0x000001f201befab4: 0000 0049 | b810 b6ec | 8ef2 0100 | 008b 5208 | 49ba 0000 | 0017 f201 | 0000 4903 | d249 3b90 
  0x000001f201befad4: a002 0000 | 750d 4983 | 80a8 0200 | 0001 e960 | 0000 0049 | 3b90 b002 | 0000 750d | 4983 80b8 
  0x000001f201befaf4: 0200 0001 | e94a 0000 | 0049 83b8 | a002 0000 | 0075 1749 | 8990 a002 | 0000 49c7 | 80a8 0200 
  0x000001f201befb14: 0001 0000 | 00e9 2900 | 0000 4983 | b8b0 0200 | 0000 7517 | 4989 90b0 | 0200 0049 | c780 b802 
  0x000001f201befb34: 0000 0100 | 0000 e908 | 0000 0049 | 8380 9002 

  0x000001f201befb44: ;   {metadata(method data for {method} {0x000001f25abb4a48} 'f' '(Ljava/net/URI;)Ljava/util/List;' in 'ui/h/c/l')}
  0x000001f201befb44: 0000 0149 | b840 a8d4 | 8ef2 0100 | 0041 8b90 | cc00 0000 | 83c2 0241 | 8990 cc00 | 0000 81e2 
  0x000001f201befb64: feff 1f00 | 85d2 0f84 | b51b 0000 | 488b 9424 | f000 0000 | 8b7a 0c48 | c1e7 0348 | 3b07 4c8b 
  0x000001f201befb84: ;   {metadata(method data for {method} {0x000001f25abb4a48} 'f' '(Ljava/net/URI;)Ljava/util/List;' in 'ui/h/c/l')}
  0x000001f201befb84: c748 bb40 | a8d4 8ef2 | 0100 0045 | 8b40 0849 | ba00 0000 | 17f2 0100 | 004d 03c2 | 4c3b 8320 
  0x000001f201befba4: 0100 0075 | 0d48 8383 | 2801 0000 | 01e9 6000 | 0000 4c3b | 8330 0100 | 0075 0d48 | 8383 3801 
  0x000001f201befbc4: 0000 01e9 | 4a00 0000 | 4883 bb20 | 0100 0000 | 7517 4c89 | 8320 0100 | 0048 c783 | 2801 0000 
  0x000001f201befbe4: 0100 0000 | e929 0000 | 0048 83bb | 3001 0000 | 0075 174c | 8983 3001 | 0000 48c7 | 8338 0100 
  0x000001f201befc04: 0001 0000 | 00e9 0800 | 0000 4883 | 8310 0100 | 0001 4c8b | 8424 0001 | 0000 488b | d748 89b4 
  0x000001f201befc24: 2408 0100 | 000f 1f40 | 0048 b8d0 | c508 17f2 

  0x000001f201befc34: ;   {virtual_call}
  0x000001f201befc34: 0100 00e8 

  0x000001f201befc38: ; ImmutableOopMap {[240]=Oop [248]=Oop [264]=Oop }
                      ;*invokeinterface get {reexecute=0 rethrow=0 return_oop=0}
                      ; - ui.h.c.l::f@5 (line 30)
                      ; - ui.h.a.d::jtB@47 (line 63)
  0x000001f201befc38: 24f3 f705 

  0x000001f201befc3c: ;   {other}
  0x000001f201befc3c: 0f1f 8400 | 2c0d 0005 | 4885 c075 

  0x000001f201befc48: ;   {metadata(method data for {method} {0x000001f25abb4a48} 'f' '(Ljava/net/URI;)Ljava/util/List;' in 'ui/h/c/l')}
  0x000001f201befc48: 1648 ba40 | a8d4 8ef2 | 0100 0080 | 8a41 0100 | 0001 e9e7 

  0x000001f201befc5c: ;   {metadata('java/util/List')}
  0x000001f201befc5c: 0000 0048 | bfa8 8805 | 17f2 0100 | 008b 5008 | 49ba 0000 | 0017 f201 | 0000 4903 | d248 3b7a 
  0x000001f201befc7c: 200f 841a | 0000 0048 | 3bd7 0f84 | 1100 0000 

  0x000001f201befc8c: ;   {runtime_call slow_subtype_check Runtime1 stub}
  0x000001f201befc8c: 5257 e8ed | 7aa5 055a | 5a85 d20f | 848d 0000 

  0x000001f201befc9c: ;   {metadata(method data for {method} {0x000001f25abb4a48} 'f' '(Ljava/net/URI;)Ljava/util/List;' in 'ui/h/c/l')}
  0x000001f201befc9c: 0048 ba40 | a8d4 8ef2 | 0100 008b | 7808 49ba | 0000 0017 | f201 0000 | 4903 fa48 | 3bba 5801 
  0x000001f201befcbc: 0000 750d | 4883 8260 | 0100 0001 | e979 0000 | 0048 3bba | 6801 0000 | 750d 4883 | 8270 0100 
  0x000001f201befcdc: 0001 e963 | 0000 0048 | 83ba 5801 | 0000 0075 | 1748 89ba | 5801 0000 | 48c7 8260 | 0100 0001 
  0x000001f201befcfc: 0000 00e9 | 4200 0000 | 4883 ba68 | 0100 0000 | 7517 4889 | ba68 0100 | 0048 c782 | 7001 0000 
  0x000001f201befd1c: 0100 0000 | e921 0000 | 00e9 1c00 

  0x000001f201befd28: ;   {metadata(method data for {method} {0x000001f25abb4a48} 'f' '(Ljava/net/URI;)Ljava/util/List;' in 'ui/h/c/l')}
  0x000001f201befd28: 0000 48ba | 40a8 d48e | f201 0000 | 4883 aa48 | 0100 0001 | e90a 1a00 | 00e9 0000 | 0000 488b 
  0x000001f201befd48: f048 89b4 | 2410 0100 | 0048 85f6 

  0x000001f201befd54: ;   {metadata(method data for {method} {0x000001f25b312718} 'jtB' '()V' in 'ui/h/a/d')}
  0x000001f201befd54: 49b8 10b6 | ec8e f201 | 0000 48c7 | c2d8 0200 | 0074 0748 | c7c2 c802 | 0000 498b | 3c10 488d 
  0x000001f201befd74: 7f01 4989 | 3c10 0f84 | b218 0000 | 488b b424 | 0801 0000 | 488b 9424 | f000 0000 | 8b5a 1048 
  0x000001f201befd94: c1e3 0348 | 3b03 4c8b 

  0x000001f201befd9c: ;   {metadata(method data for {method} {0x000001f25b312718} 'jtB' '()V' in 'ui/h/a/d')}
  0x000001f201befd9c: c348 b810 | b6ec 8ef2 | 0100 0048 | 8380 0003 | 0000 014c | 8bc6 488b 

  0x000001f201befdb4: ;   {optimized virtual_call}
  0x000001f201befdb4: d366 90e8 

  0x000001f201befdb8: ; ImmutableOopMap {[240]=Oop [248]=Oop [272]=Oop }
                      ;*invokevirtual ado {reexecute=0 rethrow=0 return_oop=0}
                      ; - ui.h.a.d::jtB@68 (line 68)
  0x000001f201befdb8: e4d8 6206 

  0x000001f201befdbc: ;   {other}
  0x000001f201befdbc: 0f1f 8400 | ac0e 0006 | 4889 8424 | 1801 0000 | be00 0000 | 0089 b424 | 2001 0000 | 488b 9424 
  0x000001f201befddc: f000 0000 | 48c7 c300 | 0000 0048 | 8bc8 483b 

  0x000001f201befdec: ;   {metadata(method data for {method} {0x000001f25b312718} 'jtB' '()V' in 'ui/h/a/d')}
  0x000001f201befdec: cb48 bb10 | b6ec 8ef2 | 0100 0048 | c7c1 3803 | 0000 7407 | 48c7 c148 | 0300 004c | 8b04 0b4d 
  0x000001f201befe0c: 8d40 014c | 8904 0b0f | 8440 1600 | 008b 5a10 | 48c1 e303 

  0x000001f201befe20: ; implicit exception: dispatches to 0x000001f201bf1759
                      ;   {metadata(method data for {method} {0x000001f25b312718} 'jtB' '()V' in 'ui/h/a/d')}
  0x000001f201befe20: 483b 0348 | b910 b6ec | 8ef2 0100 | 0048 8381 | 5803 0000 

  0x000001f201befe34: ;   {metadata(method data for {method} {0x000001f25abb32a8} 'eh' '(J)Z' in 'ui/h/a/c')}
  0x000001f201befe34: 0148 bbd0 | 84d7 8ef2 | 0100 008b | 8bcc 0000 | 0083 c102 | 898b cc00 | 0000 81e1 | feff 1f00 
  0x000001f201befe54: 85c9 0f84 | 0219 0000 

  0x000001f201befe5c: ;   {metadata(method data for {method} {0x000001f25abb32a8} 'eh' '(J)Z' in 'ui/h/a/c')}
  0x000001f201befe5c: 48bb d084 | d78e f201 | 0000 4883 | 8310 0100 | 0001 488b | d066 0f1f 

  0x000001f201befe74: ;   {static_call}
  0x000001f201befe74: 4400 00e8 

  0x000001f201befe78: ; ImmutableOopMap {[240]=Oop [248]=Oop [272]=Oop }
                      ;*invokestatic ParseInfoIter_hasNext {reexecute=0 rethrow=0 return_oop=0}
                      ; - ui.h.a.c::eh@1 (line 238)
                      ; - ui.h.a.d::jtB@86 (line 69)
  0x000001f201befe78: e45f 1a06 

  0x000001f201befe7c: ;   {other}
  0x000001f201befe7c: 0f1f 8400 | 6c0f 0007 | 83e0 0185 

  0x000001f201befe88: ;   {metadata(method data for {method} {0x000001f25b312718} 'jtB' '()V' in 'ui/h/a/d')}
  0x000001f201befe88: c048 ba10 | b6ec 8ef2 | 0100 0048 | c7c6 9003 | 0000 7407 | 48c7 c6a0 | 0300 0048 | 8b3c 3248 
  0x000001f201befea8: 8d7f 0148 | 893c 320f | 84a4 1500 | 0048 8b94 | 24f0 0000 | 008b 7210 | 48c1 e603 

  0x000001f201befec4: ; implicit exception: dispatches to 0x000001f201bf177f
                      ;   {metadata(method data for {method} {0x000001f25b312718} 'jtB' '()V' in 'ui/h/a/d')}
  0x000001f201befec4: 483b 0648 | bf10 b6ec | 8ef2 0100 | 0048 8387 | b003 0000 

  0x000001f201befed8: ;   {metadata(method data for {method} {0x000001f25abb3348} 'ei' '(J)J' in 'ui/h/a/c')}
  0x000001f201befed8: 0148 be00 | b9e3 8ef2 | 0100 008b | becc 0000 | 0083 c702 | 89be cc00 | 0000 81e7 | feff 1f00 
  0x000001f201befef8: 85ff 0f84 | 8418 0000 

  0x000001f201beff00: ;   {metadata(method data for {method} {0x000001f25abb3348} 'ei' '(J)J' in 'ui/h/a/c')}
  0x000001f201beff00: 48be 00b9 | e38e f201 | 0000 4883 | 8610 0100 | 0001 488b | 9424 1801 | 0000 0f1f 

  0x000001f201beff1c: ;   {static_call}
  0x000001f201beff1c: 4400 00e8 

  0x000001f201beff20: ; ImmutableOopMap {[240]=Oop [248]=Oop [272]=Oop }
                      ;*invokestatic ParseInfoIter_next {reexecute=0 rethrow=0 return_oop=0}
                      ; - ui.h.a.c::ei@1 (line 242)
                      ; - ui.h.a.d::jtB@98 (line 70)
  0x000001f201beff20: bc57 5306 

  0x000001f201beff24: ;   {other}
  0x000001f201beff24: 0f1f 8400 | 1410 0008 | 488b d848 | c7c2 0000 | 0000 488b | f348 3bf2 | beff ffff | ff7c 0840 
  0x000001f201beff44: 0f95 c640 | 0fb6 f648 | 8bf3 483b 

  0x000001f201beff50: ;   {metadata(method data for {method} {0x000001f25b312718} 'jtB' '()V' in 'ui/h/a/d')}
  0x000001f201beff50: f248 ba10 | b6ec 8ef2 | 0100 0048 | c7c6 f803 | 0000 7507 | 48c7 c6e8 | 0300 0048 | 8b3c 3248 
  0x000001f201beff70: 8d7f 0148 | 893c 320f | 850c 0000 | 008b b424 | 2001 0000 | e919 1400 

  0x000001f201beff88: ;   {metadata('ui/h/a/h')}
  0x000001f201beff88: 0048 baf0 | 29c9 18f2 | 0100 0049 | 8b87 b801 | 0000 488d | 7818 493b | bfc8 0100 | 000f 87fa 
  0x000001f201beffa8: 1700 0049 | 89bf b801 | 0000 48c7 | 0001 0000 | 0048 8bca | 49ba 0000 | 0017 f201 | 0000 492b 
  0x000001f201beffc8: ca89 4808 | 4833 c989 | 480c 4833 | c948 8948 | 1048 8984 | 2428 0100 | 0048 8bf0 

  0x000001f201beffe4: ;   {metadata(method data for {method} {0x000001f25b312718} 'jtB' '()V' in 'ui/h/a/d')}
  0x000001f201beffe4: 48bf 10b6 | ec8e f201 | 0000 4883 | 8708 0400 

  0x000001f201befff4: ;   {metadata(method data for {method} {0x000001f28ec555c8} '<init>' '(J)V' in 'ui/h/a/h')}
  0x000001f201befff4: 0001 48be | 70ba e38e | f201 0000 | 8bbe cc00 | 0000 83c7 | 0289 becc | 0000 0081 | e7fe ff1f 
  0x000001f201bf0014: 0085 ff0f | 8495 1700 | 0048 8bf0 

  0x000001f201bf0020: ;   {metadata(method data for {method} {0x000001f28ec555c8} '<init>' '(J)V' in 'ui/h/a/h')}
  0x000001f201bf0020: 48bf 70ba | e38e f201 | 0000 4883 | 8710 0100 

  0x000001f201bf0030: ;   {metadata(method data for {method} {0x000001f258440620} '<init>' '(J)V' in 'ui/data/common/H')}
  0x000001f201bf0030: 0001 48be | a022 0759 | f201 0000 | 8bbe cc00 | 0000 83c7 | 0289 becc | 0000 0081 | e7fe ff1f 
  0x000001f201bf0050: 0085 ff0f | 847a 1700 | 0048 8bf0 

  0x000001f201bf005c: ;   {metadata(method data for {method} {0x000001f258440620} '<init>' '(J)V' in 'ui/data/common/H')}
  0x000001f201bf005c: 48bf a022 | 0759 f201 | 0000 4883 | 8710 0100 

  0x000001f201bf006c: ;   {metadata(method data for {method} {0x000001f217470ad8} '<init>' '()V' in 'java/lang/Object')}
  0x000001f201bf006c: 0001 48be | 5075 0058 | f201 0000 | 8bbe cc00 | 0000 83c7 | 0289 becc | 0000 0081 | e7fe ff1f 
  0x000001f201bf008c: 0085 ff0f | 845f 1700 | 0048 8958 | 1048 c7c6 | 0000 0000 

  0x000001f201bf00a0: ;   {metadata(method data for {method} {0x000001f258440620} '<init>' '(J)V' in 'ui/data/common/H')}
  0x000001f201bf00a0: 483b de48 | bea0 2207 | 59f2 0100 | 0048 c7c7 | 2001 0000 | 7507 48c7 | c730 0100 | 0048 8b1c 
  0x000001f201bf00c0: 3e48 8d5b | 0148 891c | 3e0f 8519 

  0x000001f201bf00cc: ;   {metadata(method data for {method} {0x000001f258440620} '<init>' '(J)V' in 'ui/data/common/H')}
  0x000001f201bf00cc: 0500 0048 | bea0 2207 | 59f2 0100 | 0048 8386 | 4001 0000 

  0x000001f201bf00e0: ;   {metadata(method data for {method} {0x000001f2584916a8} 'bs' '(Ljava/lang/String;Z)V' in 'ui/utils/x')}
  0x000001f201bf00e0: 0148 be50 | 2407 59f2 | 0100 008b | becc 0000 | 0083 c702 | 89be cc00 | 0000 81e7 | feff 1f00 
  0x000001f201bf0100: 85ff 0f84 | 0d17 0000 

  0x000001f201bf0108: ;   {metadata(method data for {method} {0x000001f2584916a8} 'bs' '(Ljava/lang/String;Z)V' in 'ui/utils/x')}
  0x000001f201bf0108: 48be 5024 | 0759 f201 | 0000 ff86 | 2001 0000 

  0x000001f201bf0118: ;   {metadata(method data for {method} {0x000001f2584916a8} 'bs' '(Ljava/lang/String;Z)V' in 'ui/utils/x')}
  0x000001f201bf0118: 48be 5024 | 0759 f201 | 0000 4883 | 8630 0100 | 0001 0f1f 

  0x000001f201bf012c: ;   {static_call}
  0x000001f201bf012c: 4400 00e8 

  0x000001f201bf0130: ; ImmutableOopMap {[240]=Oop [248]=Oop [272]=Oop [296]=Oop }
                      ;*invokestatic jyk {reexecute=0 rethrow=0 return_oop=0}
                      ; - ui.utils.x::bs@4 (line 2910)
                      ; - ui.data.common.H::<init>@21 (line 35)
                      ; - ui.h.a.h::<init>@2 (line 13)
                      ; - ui.h.a.d::jtB@116 (line 72)
  0x000001f201bf0130: 4cef 9805 

  0x000001f201bf0134: ;   {other}
  0x000001f201bf0134: 0f1f 8400 | 2412 0009 

  0x000001f201bf013c: ;   {metadata(method data for {method} {0x000001f2584916a8} 'bs' '(Ljava/lang/String;Z)V' in 'ui/utils/x')}
  0x000001f201bf013c: 85c0 48ba | 5024 0759 | f201 0000 | 48c7 c640 | 0100 0074 | 0748 c7c6 | 5001 0000 | 488b 3c32 
  0x000001f201bf015c: 488d 7f01 | 4889 3c32 | 0f84 c101 

  0x000001f201bf0168: ;   {metadata(method data for {method} {0x000001f2584916a8} 'bs' '(Ljava/lang/String;Z)V' in 'ui/utils/x')}
  0x000001f201bf0168: 0000 48ba | 5024 0759 | f201 0000 | 4883 8260 | 0100 0001 

  0x000001f201bf017c: ;   {metadata(method data for {method} {0x000001f25904e360} 'aen' '(Ljava/lang/String;)V' in 'ui/utils/e/c')}
  0x000001f201bf017c: 48ba 3837 | 0759 f201 | 0000 8bb2 | cc00 0000 | 83c6 0289 | b2cc 0000 | 0081 e6fe | ff1f 0085 
  0x000001f201bf019c: f60f 8493 | 1600 000f | 1f44 0000 

  0x000001f201bf01a8: ;   {no_reloc}
  0x000001f201bf01a8: e9b9 1600 | 0000 0000 | 0000 498b | 87b8 0100 | 0048 8d78 | 2849 3bbf | c801 0000 | 0f87 a616 
  0x000001f201bf01c8: 0000 4989 | bfb8 0100 | 0048 c700 | 0100 0000 | 488b ca49 | ba00 0000 | 17f2 0100 | 0049 2bca 
  0x000001f201bf01e8: 8948 0848 | 33c9 8948 | 0c48 33c9 | 4889 4810 | 4889 4818 | 4889 4820 

  0x000001f201bf0200: ;   {metadata(method data for {method} {0x000001f25904e360} 'aen' '(Ljava/lang/String;)V' in 'ui/utils/e/c')}
  0x000001f201bf0200: 4c8b c048 | ba38 3707 | 59f2 0100 | 0048 8382 | 1001 0000 

  0x000001f201bf0214: ;   {oop("Error: Wrapper with null DB pointer"{0x00000006819c4368})}
  0x000001f201bf0214: 0149 b868 | 439c 8106 | 0000 0048 | 8bd0 4889 | 8424 3001 | 0000 0f1f 

  0x000001f201bf022c: ;   {optimized virtual_call}
  0x000001f201bf022c: 4400 00e8 

  0x000001f201bf0230: ; ImmutableOopMap {[240]=Oop [248]=Oop [272]=Oop [296]=Oop [304]=Oop }
                      ;*invokespecial <init> {reexecute=0 rethrow=0 return_oop=0}
                      ; - ui.utils.e.c::aen@5 (line 849)
                      ; - ui.utils.x::bs@11 (line 2911)
                      ; - ui.data.common.H::<init>@21 (line 35)
                      ; - ui.h.a.h::<init>@2 (line 13)
                      ; - ui.h.a.d::jtB@116 (line 72)
  0x000001f201bf0230: 4ce8 9805 

  0x000001f201bf0234: ;   {other}
  0x000001f201bf0234: 0f1f 8400 | 2413 000a 

  0x000001f201bf023c: ;   {metadata(method data for {method} {0x000001f25904e360} 'aen' '(Ljava/lang/String;)V' in 'ui/utils/e/c')}
  0x000001f201bf023c: 48b8 3837 | 0759 f201 | 0000 4883 | 8020 0100 

  0x000001f201bf024c: ;   {oop(a 'java/lang/Class'{0x00000006819c96e0} = 'ui/utils/e/c')}
  0x000001f201bf024c: 0001 48ba | e096 9c81 | 0600 0000 | 4c8d 8424 | 5001 0000 | 4989 5008 

  0x000001f201bf0264: ; implicit exception: dispatches to 0x000001f201bf187d
  0x000001f201bf0264: 488b 0248 | 83c8 0149 | 8900 f04c | 0fb1 020f | 8412 0000 | 0048 2bc4 | 4825 07f0 | ffff 4989 
  0x000001f201bf0284: 000f 85f7 | 1500 0049 | ff87 4805 

  0x000001f201bf0290: ;   {metadata(method data for {method} {0x000001f25904bb38} 'debug' '(Ljava/lang/Exception;)V' in 'ui/utils/e/c')}
  0x000001f201bf0290: 0000 48ba | a838 0759 | f201 0000 | 448b 82cc | 0000 0041 | 83c0 0244 | 8982 cc00 | 0000 4181 
  0x000001f201bf02b0: e0fe ff1f | 0045 85c0 | 0f84 d715 

  0x000001f201bf02bc: ;   {metadata(method data for {method} {0x000001f25904bb38} 'debug' '(Ljava/lang/Exception;)V' in 'ui/utils/e/c')}
  0x000001f201bf02bc: 0000 48ba | a838 0759 | f201 0000 | 4883 8210 | 0100 0001 | 488b 9424 | 3001 0000 | 41b8 0100 
  0x000001f201bf02dc: ;   {static_call}
  0x000001f201bf02dc: 0000 90e8 

  0x000001f201bf02e0: ; ImmutableOopMap {[240]=Oop [248]=Oop [272]=Oop [296]=Oop [344]=Oop }
                      ;*invokestatic c {reexecute=0 rethrow=0 return_oop=0}
                      ; - ui.utils.e.c::debug@2 (line 232)
                      ; - ui.utils.e.c::aen@10 (line 850)
                      ; - ui.utils.x::bs@11 (line 2911)
                      ; - ui.data.common.H::<init>@21 (line 35)
                      ; - ui.h.a.h::<init>@2 (line 13)
                      ; - ui.h.a.d::jtB@116 (line 72)
  0x000001f201bf02e0: 9ced 9805 

  0x000001f201bf02e4: ;   {other}
  0x000001f201bf02e4: 0f1f 8400 | d413 000b | 488d 8424 | 5001 0000 | 488b 1048 | 85d2 0f84 | 0f00 0000 | 4c8b 4008 
  0x000001f201bf0304: f049 0fb1 | 100f 85a7 | 1500 0049 | ff8f 4805 

  0x000001f201bf0314: ;   {metadata(method data for {method} {0x000001f2584916a8} 'bs' '(Ljava/lang/String;Z)V' in 'ui/utils/x')}
  0x000001f201bf0314: 0000 48ba | 5024 0759 | f201 0000 | ff82 7001 | 0000 e9bd | 0200 000f | 1f44 0000 

  0x000001f201bf0330: ;   {no_reloc}
  0x000001f201bf0330: e9a6 1500 | 0090 9090 

  0x000001f201bf0338: ;   {oop("Error: Wrapper with null DB pointer"{0x00000006819c4368})}
  0x000001f201bf0338: 9090 48ba | 6843 9c81 | 0600 0000 

  0x000001f201bf0344: ;   {static_call}
  0x000001f201bf0344: 6666 90e8 

  0x000001f201bf0348: ; ImmutableOopMap {[240]=Oop [248]=Oop [272]=Oop [296]=Oop }
                      ;*invokedynamic {reexecute=0 rethrow=0 return_oop=0}
                      ; - ui.utils.x::bs@18 (line 2913)
                      ; - ui.data.common.H::<init>@21 (line 35)
                      ; - ui.h.a.h::<init>@2 (line 13)
                      ; - ui.h.a.d::jtB@116 (line 72)
  0x000001f201bf0348: 34ed 9805 

  0x000001f201bf034c: ;   {other}
  0x000001f201bf034c: 0f1f 8400 | 3c14 000c 

  0x000001f201bf0354: ;   {metadata(method data for {method} {0x000001f2584916a8} 'bs' '(Ljava/lang/String;Z)V' in 'ui/utils/x')}
  0x000001f201bf0354: 48ba 5024 | 0759 f201 | 0000 488d | 92a8 0100 | 0048 85c0 | 750a f602 | 0175 05f0 | 4883 0a01 
  0x000001f201bf0374: ;   {metadata(method data for {method} {0x000001f2584916a8} 'bs' '(Ljava/lang/String;Z)V' in 'ui/utils/x')}
  0x000001f201bf0374: 48ba 5024 | 0759 f201 | 0000 4883 | 82b8 0100 

  0x000001f201bf0384: ;   {metadata(method data for {method} {0x000001f25848cc90} 'log' '(Ljava/lang/String;)V' in 'ui/utils/x')}
  0x000001f201bf0384: 0001 48ba | 6026 0759 | f201 0000 | 448b 82cc | 0000 0041 | 83c0 0244 | 8982 cc00 | 0000 4181 
  0x000001f201bf03a4: e0fe ff1f | 0045 85c0 | 0f84 3315 

  0x000001f201bf03b0: ;   {metadata(method data for {method} {0x000001f25848cc90} 'log' '(Ljava/lang/String;)V' in 'ui/utils/x')}
  0x000001f201bf03b0: 0000 48ba | 6026 0759 | f201 0000 | 4883 8210 | 0100 0001 

  0x000001f201bf03c4: ;   {metadata(method data for {method} {0x000001f258f57628} 'Uo' '(Ljava/lang/String;)Ljava/lang/StringBuilder;' in 'ui/frmwork/str/robot/m')}
  0x000001f201bf03c4: 48ba d027 | 0759 f201 | 0000 448b | 82cc 0000 | 0041 83c0 | 0244 8982 | cc00 0000 | 4181 e0fe 
  0x000001f201bf03e4: ff1f 0045 | 85c0 0f84 | 1615 0000 

  0x000001f201bf03f0: ;   {metadata(method data for {method} {0x000001f258f57628} 'Uo' '(Ljava/lang/String;)Ljava/lang/StringBuilder;' in 'ui/frmwork/str/robot/m')}
  0x000001f201bf03f0: 48ba d027 | 0759 f201 | 0000 4883 | 8248 0100 

  0x000001f201bf0400: ;   {oop(nullptr)}
  0x000001f201bf0400: 0001 48ba | 0000 0000 | 0000 0000 

  0x000001f201bf040c: ;   {static_call}
  0x000001f201bf040c: 4c8b c0e8 

  0x000001f201bf0410: ; ImmutableOopMap {[240]=Oop [248]=Oop [272]=Oop [296]=Oop }
                      ;*invokestatic dI {reexecute=0 rethrow=0 return_oop=0}
                      ; - ui.frmwork.str.robot.m::Uo@5 (line 278)
                      ; - ui.utils.x::log@1 (line 2089)
                      ; - ui.utils.x::bs@23 (line 2913)
                      ; - ui.data.common.H::<init>@21 (line 35)
                      ; - ui.h.a.h::<init>@2 (line 13)
                      ; - ui.h.a.d::jtB@116 (line 72)
  0x000001f201bf0410: 6cec 9805 

  0x000001f201bf0414: ;   {other}
  0x000001f201bf0414: 0f1f 8400 | 0415 000d 

  0x000001f201bf041c: ;   {metadata(method data for {method} {0x000001f25848cc90} 'log' '(Ljava/lang/String;)V' in 'ui/utils/x')}
  0x000001f201bf041c: 488b d048 | b860 2607 | 59f2 0100 | 0048 8380 | 2001 0000 

  0x000001f201bf0430: ;   {oop(a 'java/lang/Class'{0x00000006819ca340} = 'ui/frmwork/str/a')}
  0x000001f201bf0430: 0149 b840 | a39c 8106 | 0000 0048 | 8db4 2450 | 0100 004c | 8946 0849 | 8b00 4883 | c801 4889 
  0x000001f201bf0450: 06f0 490f | b130 0f84 | 1200 0000 | 482b c448 | 2507 f0ff | ff48 8906 | 0f85 be14 | 0000 49ff 
  0x000001f201bf0470: 8748 0500 

  0x000001f201bf0474: ;   {metadata(method data for {method} {0x000001f25903eb78} 'k' '(Ljava/lang/StringBuilder;)V' in 'ui/frmwork/str/a')}
  0x000001f201bf0474: 0048 b880 | 3007 59f2 | 0100 0044 | 8b80 cc00 | 0000 4183 | c002 4489 | 80cc 0000 | 0041 81e0 
  0x000001f201bf0494: feff 1f00 | 4585 c00f | 849e 1400 | 0048 85d2 

  0x000001f201bf04a4: ;   {metadata(method data for {method} {0x000001f25903eb78} 'k' '(Ljava/lang/StringBuilder;)V' in 'ui/frmwork/str/a')}
  0x000001f201bf04a4: 48b8 8030 | 0759 f201 | 0000 49c7 | c010 0100 | 0075 0749 | c7c0 2001 | 0000 4a8b | 3400 488d 
  0x000001f201bf04c4: 7601 4a89 | 3400 0f85 | 3900 0000 

  0x000001f201bf04d0: ;   {oop(a 'java/lang/Class'{0x00000006819ca340} = 'ui/frmwork/str/a')}
  0x000001f201bf04d0: 48b8 40a3 | 9c81 0600 | 0000 488d | 8424 5001 | 0000 488b | 1048 85d2 | 0f84 0f00 | 0000 4c8b 
  0x000001f201bf04f0: 4008 f049 | 0fb1 100f | 8563 1400 | 0049 ff8f | 4805 0000 | e9df 0000 

  0x000001f201bf0508: ;   {metadata(method data for {method} {0x000001f25903eb78} 'k' '(Ljava/lang/StringBuilder;)V' in 'ui/frmwork/str/a')}
  0x000001f201bf0508: 0049 b880 | 3007 59f2 | 0100 0049 | 8380 3001 

  0x000001f201bf0518: ;   {metadata(method data for {method} {0x000001f25903f518} 'l' '(Ljava/lang/StringBuilder;)V' in 'ui/frmwork/str/a')}
  0x000001f201bf0518: 0000 0149 | b800 3207 | 59f2 0100 | 0041 8bb0 | cc00 0000 | 83c6 0241 | 89b0 cc00 | 0000 81e6 
  0x000001f201bf0538: feff 1f00 | 85f6 0f84 | 3214 0000 

  0x000001f201bf0544: ;   {metadata(method data for {method} {0x000001f25903f518} 'l' '(Ljava/lang/StringBuilder;)V' in 'ui/frmwork/str/a')}
  0x000001f201bf0544: 49b8 0032 | 0759 f201 | 0000 4983 | 8010 0100 

  0x000001f201bf0554: ;   {metadata(method data for {method} {0x000001f258489b40} 'jyS' '()Z' in 'ui/utils/x')}
  0x000001f201bf0554: 0001 49b8 | 7033 0759 | f201 0000 | 418b b0cc | 0000 0083 | c602 4189 | b0cc 0000 | 0081 e6fe 
  0x000001f201bf0574: ff1f 0085 | f60f 8418 

  0x000001f201bf057c: ;   {oop(a 'java/lang/Class'{0x000000068148fa58} = 'ui/utils/x')}
  0x000001f201bf057c: 1400 0049 | b858 fa48 | 8106 0000 | 0045 0fbe | 80fd 0000 

  0x000001f201bf0590: ;   {metadata(method data for {method} {0x000001f25903f518} 'l' '(Ljava/lang/StringBuilder;)V' in 'ui/frmwork/str/a')}
  0x000001f201bf0590: 0048 be00 | 3207 59f2 | 0100 0048 | 8386 2001 | 0000 0141 

  0x000001f201bf05a4: ;   {static_call}
  0x000001f201bf05a4: 83e0 01e8 

  0x000001f201bf05a8: ; ImmutableOopMap {[240]=Oop [248]=Oop [272]=Oop [296]=Oop [344]=Oop }
                      ;*invokestatic b {reexecute=0 rethrow=0 return_oop=0}
                      ; - ui.frmwork.str.a::l@4 (line 545)
                      ; - ui.frmwork.str.a::k@6 (line 393)
                      ; - ui.utils.x::log@4 (line 2089)
                      ; - ui.utils.x::bs@23 (line 2913)
                      ; - ui.data.common.H::<init>@21 (line 35)
                      ; - ui.h.a.h::<init>@2 (line 13)
                      ; - ui.h.a.d::jtB@116 (line 72)
  0x000001f201bf05a8: d4ea 9805 

  0x000001f201bf05ac: ;   {other}
  0x000001f201bf05ac: 0f1f 8400 | 9c16 000e 

  0x000001f201bf05b4: ;   {oop(a 'java/lang/Class'{0x00000006819ca340} = 'ui/frmwork/str/a')}
  0x000001f201bf05b4: 48b8 40a3 | 9c81 0600 | 0000 488d | 8424 5001 | 0000 488b | 1048 85d2 | 0f84 0f00 | 0000 488b 
  0x000001f201bf05d4: 7008 f048 | 0fb1 160f | 85d7 1300 | 0049 ff8f | 4805 0000 

  0x000001f201bf05e8: ;   {metadata(method data for {method} {0x000001f258440620} '<init>' '(J)V' in 'ui/data/common/H')}
  0x000001f201bf05e8: 48ba a022 | 0759 f201 | 0000 4883 | 8250 0100 | 0001 ba00 

  0x000001f201bf05fc: ;   {static_call}
  0x000001f201bf05fc: 0000 00e8 

  0x000001f201bf0600: ; ImmutableOopMap {[240]=Oop [248]=Oop [272]=Oop [296]=Oop }
                      ;*invokestatic GU {reexecute=0 rethrow=0 return_oop=0}
                      ; - ui.data.common.H::<init>@25 (line 55)
                      ; - ui.h.a.h::<init>@2 (line 13)
                      ; - ui.h.a.d::jtB@116 (line 72)
  0x000001f201bf0600: 7c39 a406 

  0x000001f201bf0604: ;   {other}
  0x000001f201bf0604: 0f1f 8400 | f416 000f 

  0x000001f201bf060c: ;   {metadata(method data for {method} {0x000001f25b312718} 'jtB' '()V' in 'ui/h/a/d')}
  0x000001f201bf060c: 48ba 10b6 | ec8e f201 | 0000 ff82 | 2804 0000 | 488b 8424 | 2801 0000 

  0x000001f201bf0624: ;   {metadata(method data for {method} {0x000001f25b312718} 'jtB' '()V' in 'ui/h/a/d')}
  0x000001f201bf0624: 488b d048 | be10 b6ec | 8ef2 0100 | 0048 8386 | 5004 0000 

  0x000001f201bf0638: ;   {metadata(method data for {method} {0x000001f28ec55668} 'jtM' '()I' in 'ui/h/a/h')}
  0x000001f201bf0638: 0148 ba60 | 06e7 8ef2 | 0100 008b | b2cc 0000 | 0083 c602 | 89b2 cc00 | 0000 81e6 | feff 1f00 
  0x000001f201bf0658: 85f6 0f84 | 6e13 0000 

  0x000001f201bf0660: ;   {metadata(method data for {method} {0x000001f28ec55668} 'jtM' '()I' in 'ui/h/a/h')}
  0x000001f201bf0660: 488b d048 | be60 06e7 | 8ef2 0100 | 008b 5208 | 49ba 0000 | 0017 f201 | 0000 4903 | d248 3b96 
  0x000001f201bf0680: 2001 0000 | 750d 4883 | 8628 0100 | 0001 e960 | 0000 0048 | 3b96 3001 | 0000 750d | 4883 8638 
  0x000001f201bf06a0: 0100 0001 | e94a 0000 | 0048 83be | 2001 0000 | 0075 1748 | 8996 2001 | 0000 48c7 | 8628 0100 
  0x000001f201bf06c0: 0001 0000 | 00e9 2900 | 0000 4883 | be30 0100 | 0000 7517 | 4889 9630 | 0100 0048 | c786 3801 
  0x000001f201bf06e0: 0000 0100 | 0000 e908 | 0000 0048 | 8386 1001 | 0000 0148 

  0x000001f201bf06f4: ;   {metadata(method data for {method} {0x000001f28ec55668} 'jtM' '()I' in 'ui/h/a/h')}
  0x000001f201bf06f4: 8b50 1048 | be60 06e7 | 8ef2 0100 | 0048 8386 | 4801 0000 | 0166 0f1f 

  0x000001f201bf070c: ;   {static_call}
  0x000001f201bf070c: 4400 00e8 

  0x000001f201bf0710: ; ImmutableOopMap {[240]=Oop [248]=Oop [272]=Oop [296]=Oop }
                      ;*invokestatic get_EditorAssist_ParseInfo_startOffset {reexecute=0 rethrow=0 return_oop=0}
                      ; - ui.h.a.h::jtM@4 (line 17)
                      ; - ui.h.a.d::jtB@128 (line 74)
  0x000001f201bf0710: 4cd8 5306 

  0x000001f201bf0714: ;   {other}
  0x000001f201bf0714: 0f1f 8400 | 0418 0010 | ffc8 8984 | 2424 0100 | 0048 8b94 | 2428 0100 

  0x000001f201bf072c: ;   {metadata(method data for {method} {0x000001f25b312718} 'jtB' '()V' in 'ui/h/a/d')}
  0x000001f201bf072c: 0048 be10 | b6ec 8ef2 | 0100 0048 | 8386 8804 

  0x000001f201bf073c: ;   {metadata(method data for {method} {0x000001f28ec55708} 'jtN' '()I' in 'ui/h/a/h')}
  0x000001f201bf073c: 0000 0148 | baf8 07e7 | 8ef2 0100 | 008b b2cc | 0000 0083 | c602 89b2 | cc00 0000 | 81e6 feff 
  0x000001f201bf075c: 1f00 85f6 | 0f84 8912 | 0000 488b | 9424 2801 

  0x000001f201bf076c: ;   {metadata(method data for {method} {0x000001f28ec55708} 'jtN' '()I' in 'ui/h/a/h')}
  0x000001f201bf076c: 0000 48be | f807 e78e | f201 0000 | 8b52 0849 | ba00 0000 | 17f2 0100 | 0049 03d2 | 483b 9620 
  0x000001f201bf078c: 0100 0075 | 0d48 8386 | 2801 0000 | 01e9 6000 | 0000 483b | 9630 0100 | 0075 0d48 | 8386 3801 
  0x000001f201bf07ac: 0000 01e9 | 4a00 0000 | 4883 be20 | 0100 0000 | 7517 4889 | 9620 0100 | 0048 c786 | 2801 0000 
  0x000001f201bf07cc: 0100 0000 | e929 0000 | 0048 83be | 3001 0000 | 0075 1748 | 8996 3001 | 0000 48c7 | 8638 0100 
  0x000001f201bf07ec: 0001 0000 | 00e9 0800 | 0000 4883 | 8610 0100 | 0001 488b | b424 2801 | 0000 488b 

  0x000001f201bf0808: ;   {metadata(method data for {method} {0x000001f28ec55708} 'jtN' '()I' in 'ui/h/a/h')}
  0x000001f201bf0808: 5610 48bf | f807 e78e | f201 0000 | 4883 8748 | 0100 0001 

  0x000001f201bf081c: ;   {static_call}
  0x000001f201bf081c: 6666 90e8 

  0x000001f201bf0820: ; ImmutableOopMap {[240]=Oop [248]=Oop [272]=Oop [296]=Oop }
                      ;*invokestatic get_EditorAssist_ParseInfo_endOffset {reexecute=0 rethrow=0 return_oop=0}
                      ; - ui.h.a.h::jtN@4 (line 21)
                      ; - ui.h.a.d::jtB@137 (line 75)
  0x000001f201bf0820: 3ccd 5606 

  0x000001f201bf0824: ;   {other}
  0x000001f201bf0824: 0f1f 8400 | 1419 0011 | ffc8 8bb4 | 2424 0100 | 0085 f6ba | 0200 0000 | 7c05 ba00 

  0x000001f201bf0840: ;   {metadata(method data for {method} {0x000001f25b312718} 'jtB' '()V' in 'ui/h/a/d')}
  0x000001f201bf0840: 0000 0048 | bf10 b6ec | 8ef2 0100 | 008b 9fd0 | 0000 0003 | da89 9fd0 | 0000 0085 | d275 05bb 
  0x000001f201bf0860: 0200 0000 | 81e3 fe3f | 0000 85db | 0f84 9e11 | 0000 4d8b | 9750 0400 

  0x000001f201bf0878: ; ImmutableOopMap {[240]=Oop [248]=Oop [272]=Oop [296]=Oop }
                      ;*iflt {reexecute=1 rethrow=0 return_oop=0}
                      ; - (reexecute) ui.h.a.d::jtB@146 (line 76)
                      ;   {poll}
  0x000001f201bf0878: 0041 8502 

  0x000001f201bf087c: ;   {metadata(method data for {method} {0x000001f25b312718} 'jtB' '()V' in 'ui/h/a/d')}
  0x000001f201bf087c: 85f6 48ba | 10b6 ec8e | f201 0000 | 48c7 c7a8 | 0400 007c | 0748 c7c7 | b804 0000 | 488b 1c3a 
  0x000001f201bf089c: 488d 5b01 | 4889 1c3a | 0f8c eb0a | 0000 85c0 

  0x000001f201bf08ac: ;   {metadata(method data for {method} {0x000001f25b312718} 'jtB' '()V' in 'ui/h/a/d')}
  0x000001f201bf08ac: 48ba 10b6 | ec8e f201 | 0000 48c7 | c7d8 0400 | 007c 0748 | c7c7 c804 | 0000 488b | 1c3a 488d 
  0x000001f201bf08cc: 5b01 4889 | 1c3a 0f8c | 230b 0000 | 8984 2438 | 0100 0048 | 8b84 2428 | 0100 0048 

  0x000001f201bf08e8: ;   {metadata(method data for {method} {0x000001f25b312718} 'jtB' '()V' in 'ui/h/a/d')}
  0x000001f201bf08e8: 8bd0 48bb | 10b6 ec8e | f201 0000 | 4883 8318 | 0500 0001 

  0x000001f201bf08fc: ;   {metadata(method data for {method} {0x000001f28ec557a8} 'bAC' '()I' in 'ui/h/a/h')}
  0x000001f201bf08fc: 48ba 9009 | e78e f201 | 0000 8b9a | cc00 0000 | 83c3 0289 | 9acc 0000 | 0081 e3fe | ff1f 0085 
  0x000001f201bf091c: db0f 840e | 1100 0048 

  0x000001f201bf0924: ;   {metadata(method data for {method} {0x000001f28ec557a8} 'bAC' '()I' in 'ui/h/a/h')}
  0x000001f201bf0924: 8bd0 48bb | 9009 e78e | f201 0000 | 8b52 0849 | ba00 0000 | 17f2 0100 | 0049 03d2 | 483b 9320 
  0x000001f201bf0944: 0100 0075 | 0d48 8383 | 2801 0000 | 01e9 6000 | 0000 483b | 9330 0100 | 0075 0d48 | 8383 3801 
  0x000001f201bf0964: 0000 01e9 | 4a00 0000 | 4883 bb20 | 0100 0000 | 7517 4889 | 9320 0100 | 0048 c783 | 2801 0000 
  0x000001f201bf0984: 0100 0000 | e929 0000 | 0048 83bb | 3001 0000 | 0075 1748 | 8993 3001 | 0000 48c7 | 8338 0100 
  0x000001f201bf09a4: 0001 0000 | 00e9 0800 | 0000 4883 | 8310 0100 | 0001 488b 

  0x000001f201bf09b8: ;   {metadata(method data for {method} {0x000001f28ec557a8} 'bAC' '()I' in 'ui/h/a/h')}
  0x000001f201bf09b8: 5010 48bb | 9009 e78e | f201 0000 | 4883 8348 | 0100 0001 

  0x000001f201bf09cc: ;   {static_call}
  0x000001f201bf09cc: 6666 90e8 

  0x000001f201bf09d0: ; ImmutableOopMap {[240]=Oop [248]=Oop [272]=Oop [296]=Oop }
                      ;*invokestatic get_EditorAssist_ParseInfo_type {reexecute=0 rethrow=0 return_oop=0}
                      ; - ui.h.a.h::bAC@4 (line 25)
                      ; - ui.h.a.d::jtB@159 (line 78)
  0x000001f201bf09d0: 8cc0 8706 

  0x000001f201bf09d4: ;   {other}
  0x000001f201bf09d4: 0f1f 8400 | c41a 0013 | 488b 9424 | 2801 0000 

  0x000001f201bf09e4: ;   {metadata(method data for {method} {0x000001f25b312718} 'jtB' '()V' in 'ui/h/a/d')}
  0x000001f201bf09e4: 48be 10b6 | ec8e f201 | 0000 4883 | 8650 0500 

  0x000001f201bf09f4: ;   {metadata(method data for {method} {0x000001f28ec55848} 'getMessage' '()Ljava/lang/String;' in 'ui/h/a/h')}
  0x000001f201bf09f4: 0001 48ba | 280b e78e | f201 0000 | 8bb2 cc00 | 0000 83c6 | 0289 b2cc | 0000 0081 | e6fe ff1f 
  0x000001f201bf0a14: 0085 f60f | 8435 1000 | 0048 8b94 | 2428 0100 

  0x000001f201bf0a24: ;   {metadata(method data for {method} {0x000001f28ec55848} 'getMessage' '()Ljava/lang/String;' in 'ui/h/a/h')}
  0x000001f201bf0a24: 0048 be28 | 0be7 8ef2 | 0100 008b | 5208 49ba | 0000 0017 | f201 0000 | 4903 d248 | 3b96 2001 
  0x000001f201bf0a44: 0000 750d | 4883 8628 | 0100 0001 | e960 0000 | 0048 3b96 | 3001 0000 | 750d 4883 | 8638 0100 
  0x000001f201bf0a64: 0001 e94a | 0000 0048 | 83be 2001 | 0000 0075 | 1748 8996 | 2001 0000 | 48c7 8628 | 0100 0001 
  0x000001f201bf0a84: 0000 00e9 | 2900 0000 | 4883 be30 | 0100 0000 | 7517 4889 | 9630 0100 | 0048 c786 | 3801 0000 
  0x000001f201bf0aa4: 0100 0000 | e908 0000 | 0048 8386 | 1001 0000 | 0148 8bb4 | 2428 0100 | 0048 8b56 

  0x000001f201bf0ac0: ;   {metadata(method data for {method} {0x000001f28ec55848} 'getMessage' '()Ljava/lang/String;' in 'ui/h/a/h')}
  0x000001f201bf0ac0: 1048 be28 | 0be7 8ef2 | 0100 0048 | 8386 4801 | 0000 0189 | 8424 3c01 | 0000 0f1f 

  0x000001f201bf0adc: ;   {static_call}
  0x000001f201bf0adc: 4400 00e8 

  0x000001f201bf0ae0: ; ImmutableOopMap {[240]=Oop [248]=Oop [272]=Oop }
                      ;*invokestatic get_EditorAssist_ParseInfo_message {reexecute=0 rethrow=0 return_oop=0}
                      ; - ui.h.a.h::getMessage@4 (line 29)
                      ; - ui.h.a.d::jtB@166 (line 79)
  0x000001f201bf0ae0: fcf7 fd05 

  0x000001f201bf0ae4: ;   {other}
  0x000001f201bf0ae4: 0f1f 8400 | d41b 0014 

  0x000001f201bf0aec: ; implicit exception: dispatches to 0x000001f201bf1a73
  0x000001f201bf0aec: 483b 004c 

  0x000001f201bf0af0: ;   {metadata(method data for {method} {0x000001f25b312718} 'jtB' '()V' in 'ui/h/a/d')}
  0x000001f201bf0af0: 8bc0 49b9 | 10b6 ec8e | f201 0000 | 4983 8170 | 0500 0001 

  0x000001f201bf0b04: ;   {oop("\x0A"{0x0000000680719aa0})}
  0x000001f201bf0b04: 49b8 a09a | 7180 0600 

  0x000001f201bf0b0c: ;   {oop(""{0x000000068065a188})}
  0x000001f201bf0b0c: 0000 49b9 | 88a1 6580 | 0600 0000 | 488b d00f 

  0x000001f201bf0b1c: ;   {optimized virtual_call}
  0x000001f201bf0b1c: 1f40 00e8 

  0x000001f201bf0b20: ; ImmutableOopMap {[240]=Oop [248]=Oop [272]=Oop }
                      ;*invokevirtual replace {reexecute=0 rethrow=0 return_oop=0}
                      ; - ui.h.a.d::jtB@177 (line 82)
  0x000001f201bf0b20: 3c28 3906 

  0x000001f201bf0b24: ;   {other}
  0x000001f201bf0b24: 0f1f 8400 | 141c 0015 

  0x000001f201bf0b2c: ; implicit exception: dispatches to 0x000001f201bf1a78
  0x000001f201bf0b2c: 483b 004c 

  0x000001f201bf0b30: ;   {metadata(method data for {method} {0x000001f25b312718} 'jtB' '()V' in 'ui/h/a/d')}
  0x000001f201bf0b30: 8bc0 49b9 | 10b6 ec8e | f201 0000 | 4983 81a8 | 0500 0001 

  0x000001f201bf0b44: ;   {oop("<"{0x0000000680718cb8})}
  0x000001f201bf0b44: 49b8 b88c | 7180 0600 

  0x000001f201bf0b4c: ;   {oop("&lt;"{0x0000000680b41aa0})}
  0x000001f201bf0b4c: 0000 49b9 | a01a b480 | 0600 0000 | 488b d00f 

  0x000001f201bf0b5c: ;   {optimized virtual_call}
  0x000001f201bf0b5c: 1f40 00e8 

  0x000001f201bf0b60: ; ImmutableOopMap {[240]=Oop [248]=Oop [272]=Oop }
                      ;*invokevirtual replace {reexecute=0 rethrow=0 return_oop=0}
                      ; - ui.h.a.d::jtB@188 (line 84)
  0x000001f201bf0b60: fc27 3906 

  0x000001f201bf0b64: ;   {other}
  0x000001f201bf0b64: 0f1f 8400 | 541c 0016 

  0x000001f201bf0b6c: ; implicit exception: dispatches to 0x000001f201bf1a7d
  0x000001f201bf0b6c: 483b 004c 

  0x000001f201bf0b70: ;   {metadata(method data for {method} {0x000001f25b312718} 'jtB' '()V' in 'ui/h/a/d')}
  0x000001f201bf0b70: 8bc0 49b9 | 10b6 ec8e | f201 0000 | 4983 81e0 | 0500 0001 

  0x000001f201bf0b84: ;   {oop(">"{0x0000000680718c88})}
  0x000001f201bf0b84: 49b8 888c | 7180 0600 

  0x000001f201bf0b8c: ;   {oop("&gt;"{0x0000000680b41a70})}
  0x000001f201bf0b8c: 0000 49b9 | 701a b480 | 0600 0000 | 488b d00f 

  0x000001f201bf0b9c: ;   {optimized virtual_call}
  0x000001f201bf0b9c: 1f40 00e8 

  0x000001f201bf0ba0: ; ImmutableOopMap {[240]=Oop [248]=Oop [272]=Oop }
                      ;*invokevirtual replace {reexecute=0 rethrow=0 return_oop=0}
                      ; - ui.h.a.d::jtB@199 (line 85)
  0x000001f201bf0ba0: bc27 3906 

  0x000001f201bf0ba4: ;   {other}
  0x000001f201bf0ba4: 0f1f 8400 | 941c 0017 | 488b d848 | 8b94 24f0 

  0x000001f201bf0bb4: ;   {metadata(method data for {method} {0x000001f25b312718} 'jtB' '()V' in 'ui/h/a/d')}
  0x000001f201bf0bb4: 0000 0048 | be10 b6ec | 8ef2 0100 | 008b 5208 | 49ba 0000 | 0017 f201 | 0000 4903 | d248 3b96 
  0x000001f201bf0bd4: 2806 0000 | 750d 4883 | 8630 0600 | 0001 e960 | 0000 0048 | 3b96 3806 | 0000 750d | 4883 8640 
  0x000001f201bf0bf4: 0600 0001 | e94a 0000 | 0048 83be | 2806 0000 | 0075 1748 | 8996 2806 | 0000 48c7 | 8630 0600 
  0x000001f201bf0c14: 0001 0000 | 00e9 2900 | 0000 4883 | be38 0600 | 0000 7517 | 4889 9638 | 0600 0048 | c786 4006 
  0x000001f201bf0c34: 0000 0100 | 0000 e908 | 0000 0048 | 8386 1806 

  0x000001f201bf0c44: ;   {metadata(method data for {method} {0x000001f25abb47d0} 'jtD' '()I' in 'ui/h/c/l')}
  0x000001f201bf0c44: 0000 0148 | baa0 bfec | 8ef2 0100 | 008b b2cc | 0000 0083 | c602 89b2 | cc00 0000 | 81e6 feff 
  0x000001f201bf0c64: 1f00 85f6 | 0f84 140e | 0000 448b | 9c24 3c01 | 0000 4183 

  0x000001f201bf0c78: ;   {metadata(method data for {method} {0x000001f25b312718} 'jtB' '()V' in 'ui/h/a/d')}
  0x000001f201bf0c78: fb01 48ba | 10b6 ec8e | f201 0000 | 48c7 c650 | 0600 0074 | 0748 c7c6 | 6006 0000 | 488b 3c32 
  0x000001f201bf0c98: 488d 7f01 | 4889 3c32 | 0f84 ea01 | 0000 488b | 9424 f000 

  0x000001f201bf0cac: ;   {metadata(method data for {method} {0x000001f25b312718} 'jtB' '()V' in 'ui/h/a/d')}
  0x000001f201bf0cac: 0000 48be | 10b6 ec8e | f201 0000 | 8b52 0849 | ba00 0000 | 17f2 0100 | 0049 03d2 | 483b 9680 
  0x000001f201bf0ccc: 0600 0075 | 0d48 8386 | 8806 0000 | 01e9 6000 | 0000 483b | 9690 0600 | 0075 0d48 | 8386 9806 
  0x000001f201bf0cec: 0000 01e9 | 4a00 0000 | 4883 be80 | 0600 0000 | 7517 4889 | 9680 0600 | 0048 c786 | 8806 0000 
  0x000001f201bf0d0c: 0100 0000 | e929 0000 | 0048 83be | 9006 0000 | 0075 1748 | 8996 9006 | 0000 48c7 | 8698 0600 
  0x000001f201bf0d2c: 0001 0000 | 00e9 0800 | 0000 4883 | 8670 0600 

  0x000001f201bf0d3c: ;   {metadata(method data for {method} {0x000001f25abb4868} 'jtE' '()I' in 'ui/h/c/l')}
  0x000001f201bf0d3c: 0001 48ba | c8c0 ec8e | f201 0000 | 8bb2 cc00 | 0000 83c6 | 0289 b2cc | 0000 0081 | e6fe ff1f 
  0x000001f201bf0d5c: 0085 f60f | 843e 0d00 | 0041 83fb 

  0x000001f201bf0d68: ;   {metadata(method data for {method} {0x000001f25b312718} 'jtB' '()V' in 'ui/h/a/d')}
  0x000001f201bf0d68: 0248 ba10 | b6ec 8ef2 | 0100 0048 | c7c6 a806 | 0000 7407 | 48c7 c6b8 | 0600 0048 | 8b3c 3248 
  0x000001f201bf0d88: 8d7f 0148 | 893c 320f | 84fb 0000 | 0048 8b94 | 24f0 0000 

  0x000001f201bf0d9c: ;   {metadata(method data for {method} {0x000001f25b312718} 'jtB' '()V' in 'ui/h/a/d')}
  0x000001f201bf0d9c: 0048 be10 | b6ec 8ef2 | 0100 008b | 5208 49ba | 0000 0017 | f201 0000 | 4903 d248 | 3b96 d806 
  0x000001f201bf0dbc: 0000 750d | 4883 86e0 | 0600 0001 | e960 0000 | 0048 3b96 | e806 0000 | 750d 4883 | 86f0 0600 
  0x000001f201bf0ddc: 0001 e94a | 0000 0048 | 83be d806 | 0000 0075 | 1748 8996 | d806 0000 | 48c7 86e0 | 0600 0001 
  0x000001f201bf0dfc: 0000 00e9 | 2900 0000 | 4883 bee8 | 0600 0000 | 7517 4889 | 96e8 0600 | 0048 c786 | f006 0000 
  0x000001f201bf0e1c: 0100 0000 | e908 0000 | 0048 8386 | c806 0000 

  0x000001f201bf0e2c: ;   {metadata(method data for {method} {0x000001f25abb4900} 'jtF' '()I' in 'ui/h/c/l')}
  0x000001f201bf0e2c: 0148 baf0 | c1ec 8ef2 | 0100 008b | b2cc 0000 | 0083 c602 | 89b2 cc00 | 0000 81e6 | feff 1f00 
  0x000001f201bf0e4c: 85f6 0f84 | 700c 0000 | 4183 fb03 

  0x000001f201bf0e58: ;   {metadata(method data for {method} {0x000001f25b312718} 'jtB' '()V' in 'ui/h/a/d')}
  0x000001f201bf0e58: 48ba 10b6 | ec8e f201 | 0000 48c7 | c610 0700 | 0074 0748 | c7c6 0007 | 0000 488b | 3c32 488d 
  0x000001f201bf0e78: 7f01 4889 | 3c32 0f84 | 0c00 0000 | 8bb4 2420 | 0100 00e9 | 1205 0000 | 448b ac24 | 3801 0000 
  0x000001f201bf0e98: 448b 8c24 | 2401 0000 | 8bb4 2420 | 0100 00ff 

  0x000001f201bf0ea8: ;   {metadata('ui/h/c/j')}
  0x000001f201bf0ea8: c648 baa0 | eeac 18f2 | 0100 0089 | b424 4801 | 0000 498b | 87b8 0100 | 0048 8d78 | 2849 3bbf 
  0x000001f201bf0ec8: c801 0000 | 0f87 130c | 0000 4989 | bfb8 0100 | 0048 c700 | 0100 0000 | 488b ca49 | ba00 0000 
  0x000001f201bf0ee8: 17f2 0100 | 0049 2bca | 8948 0848 | 33c9 8948 | 0c48 33c9 | 4889 4810 | 4889 4818 | 4889 4820 
  0x000001f201bf0f08: 4889 8424 | 4001 0000 

  0x000001f201bf0f10: ;   {metadata(method data for {method} {0x000001f25b312718} 'jtB' '()V' in 'ui/h/a/d')}
  0x000001f201bf0f10: 4c8b c048 | bf10 b6ec | 8ef2 0100 | 0048 8387 | 2007 0000 

  0x000001f201bf0f24: ;   {oop(a 'ui/h/c/j$a'{0x0000000682bd1680})}
  0x000001f201bf0f24: 0149 b880 | 16bd 8206 | 0000 0049 | 8bfd 498b | f348 8bcb | 488b d00f 

  0x000001f201bf0f3c: ;   {optimized virtual_call}
  0x000001f201bf0f3c: 1f40 00e8 

  0x000001f201bf0f40: ; ImmutableOopMap {[240]=Oop [248]=Oop [272]=Oop [320]=Oop }
                      ;*invokespecial <init> {reexecute=0 rethrow=0 return_oop=0}
                      ; - ui.h.a.d::jtB@252 (line 88)
  0x000001f201bf0f40: fc43 e606 

  0x000001f201bf0f44: ;   {other}
  0x000001f201bf0f44: 0f1f 8400 | 3420 0018 | 488b 9424 | f000 0000 

  0x000001f201bf0f54: ;   {metadata(method data for {method} {0x000001f25b312718} 'jtB' '()V' in 'ui/h/a/d')}
  0x000001f201bf0f54: 48be 10b6 | ec8e f201 | 0000 8b52 | 0849 ba00 | 0000 17f2 | 0100 0049 | 03d2 483b | 9640 0700 
  0x000001f201bf0f74: 0075 0d48 | 8386 4807 | 0000 01e9 | 6000 0000 | 483b 9650 | 0700 0075 | 0d48 8386 | 5807 0000 
  0x000001f201bf0f94: 01e9 4a00 | 0000 4883 | be40 0700 | 0000 7517 | 4889 9640 | 0700 0048 | c786 4807 | 0000 0100 
  0x000001f201bf0fb4: 0000 e929 | 0000 0048 | 83be 5007 | 0000 0075 | 1748 8996 | 5007 0000 | 48c7 8658 | 0700 0001 
  0x000001f201bf0fd4: 0000 00e9 | 0800 0000 | 4883 8630 | 0700 0001 

  0x000001f201bf0fe4: ;   {metadata(method data for {method} {0x000001f25abb50f0} 'a' '(Ljava/util/List;Lui/h/c/j;)V' in 'ui/h/c/l')}
  0x000001f201bf0fe4: 48ba c0cb | d48e f201 | 0000 8bb2 | cc00 0000 | 83c6 0289 | b2cc 0000 | 0081 e6fe | ff1f 0085 
  0x000001f201bf1004: f60f 84e7 | 0a00 00be | 0000 0000 | e979 0200 | 0066 6690 | 4c8b 8424 | 1001 0000 

  0x000001f201bf1020: ;   {metadata(method data for {method} {0x000001f25abb50f0} 'a' '(Ljava/util/List;Lui/h/c/j;)V' in 'ui/h/c/l')}
  0x000001f201bf1020: 48ba c0cb | d48e f201 | 0000 458b | 4008 49ba | 0000 0017 | f201 0000 | 4d03 c24c | 3b82 7801 
  0x000001f201bf1040: 0000 750d | 4883 8280 | 0100 0001 | e960 0000 | 004c 3b82 | 8801 0000 | 750d 4883 | 8290 0100 
  0x000001f201bf1060: 0001 e94a | 0000 0048 | 83ba 7801 | 0000 0075 | 174c 8982 | 7801 0000 | 48c7 8280 | 0100 0001 
  0x000001f201bf1080: 0000 00e9 | 2900 0000 | 4883 ba88 | 0100 0000 | 7517 4c89 | 8288 0100 | 0048 c782 | 9001 0000 
  0x000001f201bf10a0: 0100 0000 | e908 0000 | 0048 8382 | 6801 0000 | 014c 8bc6 | 488b 9424 | 1001 0000 | 89b4 244c 
  0x000001f201bf10c0: 0100 0066 | 9048 b830 | a50b 17f2 

  0x000001f201bf10cc: ;   {virtual_call}
  0x000001f201bf10cc: 0100 00e8 

  0x000001f201bf10d0: ; ImmutableOopMap {[240]=Oop [248]=Oop [272]=Oop [320]=Oop }
                      ;*invokeinterface get {reexecute=0 rethrow=0 return_oop=0}
                      ; - ui.h.c.l::a@14 (line 91)
                      ; - ui.h.a.d::jtB@255 (line 88)
  0x000001f201bf10d0: cce8 f705 

  0x000001f201bf10d4: ;   {other}
  0x000001f201bf10d4: 0f1f 8400 | c421 0019 | 4885 c075 

  0x000001f201bf10e0: ;   {metadata(method data for {method} {0x000001f25abb50f0} 'a' '(Ljava/util/List;Lui/h/c/j;)V' in 'ui/h/c/l')}
  0x000001f201bf10e0: 1648 bec0 | cbd4 8ef2 | 0100 0080 | 8e99 0100 | 0001 e9e7 

  0x000001f201bf10f4: ;   {metadata('ui/h/c/k')}
  0x000001f201bf10f4: 0000 0048 | bf40 f569 | 18f2 0100 | 008b 7008 | 49ba 0000 | 0017 f201 | 0000 4903 | f248 3b7e 
  0x000001f201bf1114: 200f 841a | 0000 0048 | 3bf7 0f84 | 1100 0000 

  0x000001f201bf1124: ;   {runtime_call slow_subtype_check Runtime1 stub}
  0x000001f201bf1124: 5657 e855 | 66a5 055e | 5e85 f60f | 848d 0000 

  0x000001f201bf1134: ;   {metadata(method data for {method} {0x000001f25abb50f0} 'a' '(Ljava/util/List;Lui/h/c/j;)V' in 'ui/h/c/l')}
  0x000001f201bf1134: 0048 bec0 | cbd4 8ef2 | 0100 008b | 7808 49ba | 0000 0017 | f201 0000 | 4903 fa48 | 3bbe b001 
  0x000001f201bf1154: 0000 750d | 4883 86b8 | 0100 0001 | e979 0000 | 0048 3bbe | c001 0000 | 750d 4883 | 86c8 0100 
  0x000001f201bf1174: 0001 e963 | 0000 0048 | 83be b001 | 0000 0075 | 1748 89be | b001 0000 | 48c7 86b8 | 0100 0001 
  0x000001f201bf1194: 0000 00e9 | 4200 0000 | 4883 bec0 | 0100 0000 | 7517 4889 | bec0 0100 | 0048 c786 | c801 0000 
  0x000001f201bf11b4: 0100 0000 | e921 0000 | 00e9 1c00 

  0x000001f201bf11c0: ;   {metadata(method data for {method} {0x000001f25abb50f0} 'a' '(Ljava/util/List;Lui/h/c/j;)V' in 'ui/h/c/l')}
  0x000001f201bf11c0: 0000 48be | c0cb d48e | f201 0000 | 4883 aea0 | 0100 0001 | e93a 0900 | 00e9 0000 | 0000 488b 
  0x000001f201bf11e0: d048 85d2 | 0f84 2900 

  0x000001f201bf11e8: ;   {metadata('ui/views/X/a/a$b')}
  0x000001f201bf11e8: 0000 48bb | 406e ab18 | f201 0000 | 8b7a 0849 | ba00 0000 | 17f2 0100 | 0049 03fa | 483b 5f38 
  0x000001f201bf1208: 0f85 0e09 | 0000 e900 | 0000 004c | 8bc2 483b | 024c 8bc2 

  0x000001f201bf121c: ;   {metadata(method data for {method} {0x000001f25abb50f0} 'a' '(Ljava/util/List;Lui/h/c/j;)V' in 'ui/h/c/l')}
  0x000001f201bf121c: 48be c0cb | d48e f201 | 0000 4883 | 86f0 0100 | 0001 4c8b | 8424 4001 

  0x000001f201bf1234: ;   {optimized virtual_call}
  0x000001f201bf1234: 0000 90e8 

  0x000001f201bf1238: ; ImmutableOopMap {[240]=Oop [248]=Oop [272]=Oop [320]=Oop }
                      ;*invokeinterface a {reexecute=0 rethrow=0 return_oop=0}
                      ; - ui.h.c.l::a@23 (line 91)
                      ; - ui.h.a.d::jtB@255 (line 88)
  0x000001f201bf1238: a449 4007 

  0x000001f201bf123c: ;   {other}
  0x000001f201bf123c: 0f1f 8400 | 2c23 001a | 8bb4 244c | 0100 00ff 

  0x000001f201bf124c: ;   {metadata(method data for {method} {0x000001f25abb50f0} 'a' '(Ljava/util/List;Lui/h/c/j;)V' in 'ui/h/c/l')}
  0x000001f201bf124c: c648 b8c0 | cbd4 8ef2 | 0100 008b | 90d0 0000 | 0083 c202 | 8990 d000 | 0000 81e2 | fe3f 0000 
  0x000001f201bf126c: 85d2 0f84 | b208 0000 | 4d8b 9750 

  0x000001f201bf1278: ; ImmutableOopMap {[240]=Oop [248]=Oop [272]=Oop [320]=Oop }
                      ;*goto {reexecute=1 rethrow=0 return_oop=0}
                      ; - (reexecute) ui.h.c.l::a@31 (line 90)
                      ; - ui.h.a.d::jtB@255 (line 88)
                      ;   {poll}
  0x000001f201bf1278: 0400 0041 

  0x000001f201bf127c: ;   {metadata(method data for {method} {0x000001f25abb50f0} 'a' '(Ljava/util/List;Lui/h/c/j;)V' in 'ui/h/c/l')}
  0x000001f201bf127c: 8502 48b8 | c0cb d48e | f201 0000 | ff80 1002 | 0000 89b4 | 244c 0100 | 0048 8bb4 | 2410 0100 
  0x000001f201bf129c: 0048 3b06 

  0x000001f201bf12a0: ;   {metadata(method data for {method} {0x000001f25abb50f0} 'a' '(Ljava/util/List;Lui/h/c/j;)V' in 'ui/h/c/l')}
  0x000001f201bf12a0: 488b d648 | bbc0 cbd4 | 8ef2 0100 | 008b 5208 | 49ba 0000 | 0017 f201 | 0000 4903 | d248 3b93 
  0x000001f201bf12c0: 2001 0000 | 750d 4883 | 8328 0100 | 0001 e960 | 0000 0048 | 3b93 3001 | 0000 750d | 4883 8338 
  0x000001f201bf12e0: 0100 0001 | e94a 0000 | 0048 83bb | 2001 0000 | 0075 1748 | 8993 2001 | 0000 48c7 | 8328 0100 
  0x000001f201bf1300: 0001 0000 | 00e9 2900 | 0000 4883 | bb30 0100 | 0000 7517 | 4889 9330 | 0100 0048 | c783 3801 
  0x000001f201bf1320: 0000 0100 | 0000 e908 | 0000 0048 | 8383 1001 | 0000 0148 | 8bd6 0f1f | 8000 0000 | 0048 b830 
  0x000001f201bf1340: a50b 17f2 

  0x000001f201bf1344: ;   {virtual_call}
  0x000001f201bf1344: 0100 00e8 

  0x000001f201bf1348: ; ImmutableOopMap {[240]=Oop [248]=Oop [272]=Oop [320]=Oop }
                      ;*invokeinterface size {reexecute=0 rethrow=0 return_oop=0}
                      ; - ui.h.c.l::a@4 (line 90)
                      ; - ui.h.a.d::jtB@255 (line 88)
  0x000001f201bf1348: 544f ef05 

  0x000001f201bf134c: ;   {other}
  0x000001f201bf134c: 0f1f 8400 | 3c24 001c | 8bb4 244c | 0100 003b 

  0x000001f201bf135c: ;   {metadata(method data for {method} {0x000001f25abb50f0} 'a' '(Ljava/util/List;Lui/h/c/j;)V' in 'ui/h/c/l')}
  0x000001f201bf135c: f049 b8c0 | cbd4 8ef2 | 0100 0048 | c7c2 5801 | 0000 7c07 | 48c7 c248 | 0100 0049 | 8b3c 1048 
  0x000001f201bf137c: 8d7f 0149 | 893c 100f | 8c8f fcff | ff8b b424 | 4801 0000 | e90d 0000 | 0048 8b84 | 2418 0100 
  0x000001f201bf139c: 00e9 36ea 

  0x000001f201bf13a0: ;   {metadata(method data for {method} {0x000001f25b312718} 'jtB' '()V' in 'ui/h/a/d')}
  0x000001f201bf13a0: ffff 48b8 | 10b6 ec8e | f201 0000 | 8b90 d000 | 0000 83c2 | 0289 90d0 | 0000 0081 | e2fe 3f00 
  0x000001f201bf13c0: 0085 d20f | 8483 0700 | 004d 8b97 

  0x000001f201bf13cc: ; ImmutableOopMap {[240]=Oop [248]=Oop [272]=Oop }
                      ;*goto {reexecute=1 rethrow=0 return_oop=0}
                      ; - (reexecute) ui.h.a.d::jtB@258 (line 93)
  0x000001f201bf13cc: 5004 0000 

  0x000001f201bf13d0: ;   {poll}
  0x000001f201bf13d0: 4185 0248 | b810 b6ec | 8ef2 0100 | 00ff 8068 | 0700 004c | 8bc6 4489 | 8424 2001 | 0000 488b 
  0x000001f201bf13f0: 8424 1801 | 0000 e9dd | e9ff ff44 | 8b84 2420 

  0x000001f201bf1400: ;   {metadata(method data for {method} {0x000001f25b312718} 'jtB' '()V' in 'ui/h/a/d')}
  0x000001f201bf1400: 0100 0048 | b810 b6ec | 8ef2 0100 | 008b 90d0 | 0000 0083 | c202 8990 | d000 0000 | 81e2 fe3f 
  0x000001f201bf1420: 0000 85d2 | 0f84 4307 | 0000 4d8b | 9750 0400 

  0x000001f201bf1430: ; ImmutableOopMap {[240]=Oop [248]=Oop [272]=Oop }
                      ;*goto {reexecute=1 rethrow=0 return_oop=0}
                      ; - (reexecute) ui.h.a.d::jtB@154 (line 77)
                      ;   {poll}
  0x000001f201bf1430: 0041 8502 

  0x000001f201bf1434: ;   {metadata(method data for {method} {0x000001f25b312718} 'jtB' '()V' in 'ui/h/a/d')}
  0x000001f201bf1434: 48b8 10b6 | ec8e f201 | 0000 ff80 | e804 0000 | 4489 8424 | 2001 0000 | 488b 8424 | 1801 0000 
  0x000001f201bf1454: e97f e9ff 

  0x000001f201bf1458: ;   {metadata(method data for {method} {0x000001f25b312718} 'jtB' '()V' in 'ui/h/a/d')}
  0x000001f201bf1458: ff48 b810 | b6ec 8ef2 | 0100 00ff | 8080 0700 | 00e9 7601 | 0000 488b | b424 2801 | 0000 498b 
  0x000001f201bf1478: 87f8 0400 | 004d 33d2 | 4d89 97f8 | 0400 004d | 33d2 4d89 | 9700 0500 | 0048 8bd0 

  0x000001f201bf1494: ;   {oop(a 'java/lang/Class'{0x00000006819ca340} = 'ui/frmwork/str/a')}
  0x000001f201bf1494: 48b8 40a3 | 9c81 0600 | 0000 488d | 8424 5001 | 0000 4c8b | 084d 85c9 | 0f84 0f00 | 0000 488b 
  0x000001f201bf14b4: 7808 f04c | 0fb1 0f0f | 85cd 0600 | 0049 ff8f | 4805 0000 

  0x000001f201bf14c8: ; ImmutableOopMap {rsi=Oop rax=Oop [240]=Oop [248]=Oop [272]=Oop [296]=Oop }
                      ;*invokestatic k {reexecute=0 rethrow=0 return_oop=0}
                      ; - ui.utils.x::log@4 (line 2089)
                      ; - ui.utils.x::bs@23 (line 2913)
                      ; - ui.data.common.H::<init>@21 (line 35)
                      ; - ui.h.a.h::<init>@2 (line 13)
                      ; - ui.h.a.d::jtB@116 (line 72)
                      ;   {section_word}
  0x000001f201bf14c8: 488b c248 | bacb 14bf | 01f2 0100 

  0x000001f201bf14d4: ;   {runtime_call handle_exception_nofpu Runtime1 stub}
  0x000001f201bf14d4: 00e8 a64b | a505 9048 | 8bb4 2428 | 0100 0048 | 8bbc 2418 | 0100 004c | 8b8c 2410 | 0100 0049 
  0x000001f201bf14f4: 8b87 f804 | 0000 4d33 | d24d 8997 | f804 0000 | 4d33 d24d | 8997 0005 | 0000 488b 

  0x000001f201bf1510: ;   {oop(a 'java/lang/Class'{0x00000006819c96e0} = 'ui/utils/e/c')}
  0x000001f201bf1510: d048 b8e0 | 969c 8106 | 0000 0048 | 8d84 2450 | 0100 0048 | 8b18 4885 | db0f 840f | 0000 0048 
  0x000001f201bf1530: 8b48 08f0 | 480f b119 | 0f85 6606 | 0000 49ff | 8f48 0500 

  0x000001f201bf1544: ; ImmutableOopMap {r9=Oop rsi=Oop rax=Oop [240]=Oop [248]=Oop [272]=Oop [296]=Oop }
                      ;*invokestatic debug {reexecute=0 rethrow=0 return_oop=0}
                      ; - ui.utils.e.c::aen@10 (line 850)
                      ; - ui.utils.x::bs@11 (line 2911)
                      ; - ui.data.common.H::<init>@21 (line 35)
                      ; - ui.h.a.h::<init>@2 (line 13)
                      ; - ui.h.a.d::jtB@116 (line 72)
  0x000001f201bf1544: 0048 8bc2 

  0x000001f201bf1548: ;   {section_word}
  0x000001f201bf1548: 48ba 4815 | bf01 f201 

  0x000001f201bf1550: ;   {runtime_call handle_exception_nofpu Runtime1 stub}
  0x000001f201bf1550: 0000 e829 | 4ba5 0590 | 498b 87f8 | 0400 004d | 33d2 4d89 | 97f8 0400 | 004d 33d2 | 4d89 9700 
  0x000001f201bf1570: ;   {metadata(method data for {method} {0x000001f25b312718} 'jtB' '()V' in 'ui/h/a/d')}
  0x000001f201bf1570: 0500 0048 | ba10 b6ec | 8ef2 0100 | 0048 8382 | 9807 0000 

  0x000001f201bf1584: ;   {metadata(method data for {method} {0x000001f25848ce98} 'n' '(Ljava/lang/Exception;)V' in 'ui/utils/x')}
  0x000001f201bf1584: 0148 ba68 | 39cd 8ef2 | 0100 0044 | 8b82 cc00 | 0000 4183 | c002 4489 | 82cc 0000 | 0041 81e0 
  0x000001f201bf15a4: feff 1f00 | 4585 c00f | 8409 0600 

  0x000001f201bf15b0: ;   {metadata(method data for {method} {0x000001f25848ce98} 'n' '(Ljava/lang/Exception;)V' in 'ui/utils/x')}
  0x000001f201bf15b0: 0048 ba68 | 39cd 8ef2 | 0100 0048 | 8382 1001 | 0000 0148 | 8bd0 41b8 | 0000 0000 | 41b9 0000 
  0x000001f201bf15d0: 0000 0f1f 

  0x000001f201bf15d4: ;   {static_call}
  0x000001f201bf15d4: 4400 00e8 

  0x000001f201bf15d8: ; ImmutableOopMap {[240]=Oop [248]=Oop }
                      ;*invokestatic a {reexecute=0 rethrow=0 return_oop=0}
                      ; - ui.utils.x::n@3 (line 2106)
                      ; - ui.h.a.d::jtB@268 (line 96)
  0x000001f201bf15d8: a4da 9805 

  0x000001f201bf15dc: ;   {other}
  0x000001f201bf15dc: 0f1f 8400 | cc26 0021 

  0x000001f201bf15e4: ;   {metadata(method data for {method} {0x000001f25b312718} 'jtB' '()V' in 'ui/h/a/d')}
  0x000001f201bf15e4: 48be 10b6 | ec8e f201 | 0000 8bbe | d000 0000 | 83c7 0289 | bed0 0000 | 0081 e7fe | 3f00 0085 
  0x000001f201bf1604: ff0f 84d0 | 0500 004d | 8b97 5004 

  0x000001f201bf1610: ; ImmutableOopMap {[240]=Oop [248]=Oop }
                      ;*goto {reexecute=1 rethrow=0 return_oop=0}
                      ; - (reexecute) ui.h.a.d::jtB@271 (line 98)
                      ;   {poll}
  0x000001f201bf1610: 0000 4185 

  0x000001f201bf1614: ;   {metadata(method data for {method} {0x000001f25b312718} 'jtB' '()V' in 'ui/h/a/d')}
  0x000001f201bf1614: 0248 be10 | b6ec 8ef2 | 0100 00ff | 86a8 0700 | 0048 8b84 | 24f8 0000 | 00e9 bee0 

  0x000001f201bf1630: ;   {metadata(method data for {method} {0x000001f25b312718} 'jtB' '()V' in 'ui/h/a/d')}
  0x000001f201bf1630: ffff 48be | 10b6 ec8e | f201 0000 | 8bbe d000 | 0000 83c7 | 0289 bed0 | 0000 0081 | e7fe 3f00 
  0x000001f201bf1650: 0085 ff0f | 84a3 0500 | 004d 8b97 

  0x000001f201bf165c: ; ImmutableOopMap {[240]=Oop [248]=Oop }
                      ;*goto {reexecute=1 rethrow=0 return_oop=0}
                      ; - (reexecute) ui.h.a.d::jtB@57 (line 65)
  0x000001f201bf165c: 5004 0000 

  0x000001f201bf1660: ;   {poll}
  0x000001f201bf1660: 4185 0248 | be10 b6ec | 8ef2 0100 | 00ff 86e8 | 0200 0048 | 8b84 24f8 | 0000 00e9 | 70e0 ffff 
  0x000001f201bf1680: 4881 c470 | 0100 005d 

  0x000001f201bf1688: ;   {poll_return}
  0x000001f201bf1688: 493b a748 | 0400 000f | 8788 0500 

  0x000001f201bf1694: ;   {metadata({method} {0x000001f25b312718} 'jtB' '()V' in 'ui/h/a/d')}
  0x000001f201bf1694: 00c3 49ba | 1027 315b | f201 0000 | 4c89 5424 | 0848 c704 | 24ff ffff 

  0x000001f201bf16ac: ;   {runtime_call counter_overflow Runtime1 stub}
  0x000001f201bf16ac: ffe8 ce87 

  0x000001f201bf16b0: ; ImmutableOopMap {rdx=Oop [240]=Oop }
                      ;*synchronization entry
                      ; - ui.h.a.d::jtB@-1 (line 61)
  0x000001f201bf16b0: a505 e9f7 

  0x000001f201bf16b4: ;   {runtime_call throw_null_pointer_exception Runtime1 stub}
  0x000001f201bf16b4: ddff ffe8 

  0x000001f201bf16b8: ; ImmutableOopMap {rdx=Oop [240]=Oop }
                      ;*getfield sIM {reexecute=1 rethrow=0 return_oop=0}
                      ; - (reexecute) ui.h.a.d::jtB@4 (line 61)
  0x000001f201bf16b8: 442c a505 

  0x000001f201bf16bc: ;   {runtime_call throw_null_pointer_exception Runtime1 stub}
  0x000001f201bf16bc: e83f 2ca5 

  0x000001f201bf16c0: ; ImmutableOopMap {rdx=Oop rsi=Oop [240]=Oop }
                      ;*invokevirtual juB {reexecute=0 rethrow=0 return_oop=0}
                      ; - ui.h.a.d::jtB@7 (line 61)
                      ;   {metadata({method} {0x000001f25abb49a0} 'juB' '()Ljava/util/Set;' in 'ui/h/c/l')}
  0x000001f201bf16c0: 0549 ba98 | 49bb 5af2 | 0100 004c | 8954 2408 | 48c7 0424 | ffff ffff 

  0x000001f201bf16d8: ;   {runtime_call counter_overflow Runtime1 stub}
  0x000001f201bf16d8: e8a3 87a5 

  0x000001f201bf16dc: ; ImmutableOopMap {rdx=Oop rsi=Oop [240]=Oop }
                      ;*synchronization entry
                      ; - ui.h.c.l::juB@-1 (line 26)
                      ; - ui.h.a.d::jtB@7 (line 61)
  0x000001f201bf16dc: 05e9 97de 

  0x000001f201bf16e0: ;   {runtime_call throw_null_pointer_exception Runtime1 stub}
  0x000001f201bf16e0: ffff e819 

  0x000001f201bf16e4: ; ImmutableOopMap {rdx=Oop rsi=Oop [240]=Oop }
                      ;*invokeinterface keySet {reexecute=0 rethrow=0 return_oop=0}
                      ; - ui.h.c.l::juB@4 (line 26)
                      ; - ui.h.a.d::jtB@7 (line 61)
                      ;   {runtime_call throw_null_pointer_exception Runtime1 stub}
  0x000001f201bf16e4: 2ca5 05e8 

  0x000001f201bf16e8: ; ImmutableOopMap {rax=Oop [240]=Oop }
                      ;*invokeinterface iterator {reexecute=0 rethrow=0 return_oop=0}
                      ; - ui.h.a.d::jtB@10 (line 61)
  0x000001f201bf16e8: 142c a505 

  0x000001f201bf16ec: ;   {runtime_call throw_null_pointer_exception Runtime1 stub}
  0x000001f201bf16ec: e80f 2ca5 

  0x000001f201bf16f0: ; ImmutableOopMap {rax=Oop [240]=Oop [248]=Oop }
                      ;*invokeinterface hasNext {reexecute=0 rethrow=0 return_oop=0}
                      ; - ui.h.a.d::jtB@17 (line 61)
  0x000001f201bf16f0: 0548 8904 

  0x000001f201bf16f4: ;   {runtime_call throw_class_cast_exception Runtime1 stub}
  0x000001f201bf16f4: 24e8 865a 

  0x000001f201bf16f8: ; ImmutableOopMap {[240]=Oop [248]=Oop }
                      ;*checkcast {reexecute=0 rethrow=0 return_oop=0}
                      ; - ui.h.a.d::jtB@31 (line 61)
                      ;   {metadata({method} {0x000001f2171f7018} 'get' '(Ljava/net/URI;)Ljava/nio/file/Path;' in 'java/nio/file/Paths')}
  0x000001f201bf16f8: a505 49ba | 1070 1f17 | f201 0000 | 4c89 5424 | 0848 c704 | 24ff ffff 

  0x000001f201bf1710: ;   {runtime_call counter_overflow Runtime1 stub}
  0x000001f201bf1710: ffe8 6a87 

  0x000001f201bf1714: ; ImmutableOopMap {rsi=Oop [240]=Oop [248]=Oop }
                      ;*synchronization entry
                      ; - java.nio.file.Paths::get@-1 (line 98)
                      ; - ui.h.a.d::jtB@36 (line 62)
  0x000001f201bf1714: a505 e994 

  0x000001f201bf1718: ;   {runtime_call throw_incompatible_class_change_error Runtime1 stub}
  0x000001f201bf1718: e2ff ffe8 

  0x000001f201bf171c: ; ImmutableOopMap {rax=Oop [240]=Oop [248]=Oop [256]=Oop }
                      ;*invokeinterface toString {reexecute=0 rethrow=0 return_oop=0}
                      ; - ui.h.a.d::jtB@39 (line 62)
  0x000001f201bf171c: 605d a505 

  0x000001f201bf1720: ;   {runtime_call throw_null_pointer_exception Runtime1 stub}
  0x000001f201bf1720: e8db 2ba5 

  0x000001f201bf1724: ; ImmutableOopMap {rax=Oop [240]=Oop [248]=Oop [256]=Oop }
                      ;*invokeinterface toString {reexecute=0 rethrow=0 return_oop=0}
                      ; - ui.h.a.d::jtB@39 (line 62)
                      ;   {metadata({method} {0x000001f25abb4a48} 'f' '(Ljava/net/URI;)Ljava/util/List;' in 'ui/h/c/l')}
  0x000001f201bf1724: 0549 ba40 | 4abb 5af2 | 0100 004c | 8954 2408 | 48c7 0424 | ffff ffff 

  0x000001f201bf173c: ;   {runtime_call counter_overflow Runtime1 stub}
  0x000001f201bf173c: e83f 87a5 

  0x000001f201bf1740: ; ImmutableOopMap {rsi=Oop [240]=Oop [248]=Oop [256]=Oop }
                      ;*synchronization entry
                      ; - ui.h.c.l::f@-1 (line 30)
                      ; - ui.h.a.d::jtB@47 (line 63)
  0x000001f201bf1740: 05e9 2ae4 

  0x000001f201bf1744: ;   {runtime_call throw_null_pointer_exception Runtime1 stub}
  0x000001f201bf1744: ffff e8b5 

  0x000001f201bf1748: ; ImmutableOopMap {rsi=Oop rdx=Oop rdi=Oop [240]=Oop [248]=Oop [256]=Oop }
                      ;*invokeinterface get {reexecute=0 rethrow=0 return_oop=0}
                      ; - ui.h.c.l::f@5 (line 30)
                      ; - ui.h.a.d::jtB@47 (line 63)
  0x000001f201bf1748: 2ba5 0548 

  0x000001f201bf174c: ;   {runtime_call throw_class_cast_exception Runtime1 stub}
  0x000001f201bf174c: 8904 24e8 

  0x000001f201bf1750: ; ImmutableOopMap {[240]=Oop [248]=Oop [264]=Oop }
                      ;*checkcast {reexecute=0 rethrow=0 return_oop=0}
                      ; - ui.h.c.l::f@10 (line 30)
                      ; - ui.h.a.d::jtB@47 (line 63)
  0x000001f201bf1750: 2c5a a505 

  0x000001f201bf1754: ;   {runtime_call throw_null_pointer_exception Runtime1 stub}
  0x000001f201bf1754: e8a7 2ba5 

  0x000001f201bf1758: ; ImmutableOopMap {rdx=Oop rsi=Oop rbx=Oop [240]=Oop [248]=Oop [272]=Oop }
                      ;*invokevirtual ado {reexecute=0 rethrow=0 return_oop=0}
                      ; - ui.h.a.d::jtB@68 (line 68)
                      ;   {runtime_call throw_null_pointer_exception Runtime1 stub}
  0x000001f201bf1758: 05e8 a22b 

  0x000001f201bf175c: ; ImmutableOopMap {rdx=Oop rbx=Oop [240]=Oop [248]=Oop [272]=Oop }
                      ;*invokevirtual eh {reexecute=0 rethrow=0 return_oop=0}
                      ; - ui.h.a.d::jtB@86 (line 69)
                      ;   {metadata({method} {0x000001f25abb32a8} 'eh' '(J)Z' in 'ui/h/a/c')}
  0x000001f201bf175c: a505 49ba | a032 bb5a | f201 0000 | 4c89 5424 | 0848 c704 | 24ff ffff 

  0x000001f201bf1774: ;   {runtime_call counter_overflow Runtime1 stub}
  0x000001f201bf1774: ffe8 0687 

  0x000001f201bf1778: ; ImmutableOopMap {rdx=Oop [240]=Oop [248]=Oop [272]=Oop }
                      ;*synchronization entry
                      ; - ui.h.a.c::eh@-1 (line 238)
                      ; - ui.h.a.d::jtB@86 (line 69)
  0x000001f201bf1778: a505 e9dd 

  0x000001f201bf177c: ;   {runtime_call throw_null_pointer_exception Runtime1 stub}
  0x000001f201bf177c: e6ff ffe8 

  0x000001f201bf1780: ; ImmutableOopMap {rdx=Oop rsi=Oop [240]=Oop [248]=Oop [272]=Oop }
                      ;*invokevirtual ei {reexecute=0 rethrow=0 return_oop=0}
                      ; - ui.h.a.d::jtB@98 (line 70)
  0x000001f201bf1780: 7c2b a505 

  0x000001f201bf1784: ;   {metadata({method} {0x000001f25abb3348} 'ei' '(J)J' in 'ui/h/a/c')}
  0x000001f201bf1784: 49ba 4033 | bb5a f201 | 0000 4c89 | 5424 0848 | c704 24ff 

  0x000001f201bf1798: ;   {runtime_call counter_overflow Runtime1 stub}
  0x000001f201bf1798: ffff ffe8 

  0x000001f201bf179c: ; ImmutableOopMap {rdx=Oop [240]=Oop [248]=Oop [272]=Oop }
                      ;*synchronization entry
                      ; - ui.h.a.c::ei@-1 (line 242)
                      ; - ui.h.a.d::jtB@98 (line 70)
  0x000001f201bf179c: e086 a505 | e95b e7ff | ff48 8bd2 

  0x000001f201bf17a8: ;   {runtime_call fast_new_instance Runtime1 stub}
  0x000001f201bf17a8: e853 34a5 

  0x000001f201bf17ac: ; ImmutableOopMap {[240]=Oop [248]=Oop [272]=Oop }
                      ;*new {reexecute=0 rethrow=0 return_oop=0}
                      ; - ui.h.a.d::jtB@110 (line 72)
  0x000001f201bf17ac: 05e9 27e8 

  0x000001f201bf17b0: ;   {metadata({method} {0x000001f28ec555c8} '<init>' '(J)V' in 'ui/h/a/h')}
  0x000001f201bf17b0: ffff 49ba | c055 c58e | f201 0000 | 4c89 5424 | 0848 c704 | 24ff ffff 

  0x000001f201bf17c8: ;   {runtime_call counter_overflow Runtime1 stub}
  0x000001f201bf17c8: ffe8 b286 

  0x000001f201bf17cc: ; ImmutableOopMap {rax=Oop [240]=Oop [248]=Oop [272]=Oop [296]=Oop }
                      ;*synchronization entry
                      ; - ui.h.a.h::<init>@-1 (line 13)
                      ; - ui.h.a.d::jtB@116 (line 72)
  0x000001f201bf17cc: a505 e94a 

  0x000001f201bf17d0: ;   {metadata({method} {0x000001f258440620} '<init>' '(J)V' in 'ui/data/common/H')}
  0x000001f201bf17d0: e8ff ff49 | ba18 0644 | 58f2 0100 | 004c 8954 | 2408 48c7 | 0424 ffff 

  0x000001f201bf17e8: ;   {runtime_call counter_overflow Runtime1 stub}
  0x000001f201bf17e8: ffff e891 

  0x000001f201bf17ec: ; ImmutableOopMap {rax=Oop [240]=Oop [248]=Oop [272]=Oop [296]=Oop }
                      ;*synchronization entry
                      ; - ui.data.common.H::<init>@-1 (line 32)
                      ; - ui.h.a.h::<init>@2 (line 13)
                      ; - ui.h.a.d::jtB@116 (line 72)
  0x000001f201bf17ec: 86a5 05e9 | 65e8 ffff 

  0x000001f201bf17f4: ;   {metadata({method} {0x000001f217470ad8} '<init>' '()V' in 'java/lang/Object')}
  0x000001f201bf17f4: 49ba d00a | 4717 f201 | 0000 4c89 | 5424 0848 | c704 24ff 

  0x000001f201bf1808: ;   {runtime_call counter_overflow Runtime1 stub}
  0x000001f201bf1808: ffff ffe8 

  0x000001f201bf180c: ; ImmutableOopMap {rax=Oop [240]=Oop [248]=Oop [272]=Oop [296]=Oop }
                      ;*synchronization entry
                      ; - java.lang.Object::<init>@-1 (line 45)
                      ; - ui.data.common.H::<init>@1 (line 32)
                      ; - ui.h.a.h::<init>@2 (line 13)
                      ; - ui.h.a.d::jtB@116 (line 72)
  0x000001f201bf180c: 7086 a505 | e980 e8ff 

  0x000001f201bf1814: ;   {metadata({method} {0x000001f2584916a8} 'bs' '(Ljava/lang/String;Z)V' in 'ui/utils/x')}
  0x000001f201bf1814: ff49 baa0 | 1649 58f2 | 0100 004c | 8954 2408 | 48c7 0424 | ffff ffff 

  0x000001f201bf182c: ;   {runtime_call counter_overflow Runtime1 stub}
  0x000001f201bf182c: e84f 86a5 

  0x000001f201bf1830: ; ImmutableOopMap {rax=Oop [240]=Oop [248]=Oop [272]=Oop [296]=Oop }
                      ;*synchronization entry
                      ; - ui.utils.x::bs@-1 (line 2910)
                      ; - ui.data.common.H::<init>@21 (line 35)
                      ; - ui.h.a.h::<init>@2 (line 13)
                      ; - ui.h.a.d::jtB@116 (line 72)
  0x000001f201bf1830: 05e9 d2e8 

  0x000001f201bf1834: ;   {metadata({method} {0x000001f25904e360} 'aen' '(Ljava/lang/String;)V' in 'ui/utils/e/c')}
  0x000001f201bf1834: ffff 49ba | 58e3 0459 | f201 0000 | 4c89 5424 | 0848 c704 | 24ff ffff 

  0x000001f201bf184c: ;   {runtime_call counter_overflow Runtime1 stub}
  0x000001f201bf184c: ffe8 2e86 

  0x000001f201bf1850: ; ImmutableOopMap {[240]=Oop [248]=Oop [272]=Oop [296]=Oop }
                      ;*synchronization entry
                      ; - ui.utils.e.c::aen@-1 (line 849)
                      ; - ui.utils.x::bs@11 (line 2911)
                      ; - ui.data.common.H::<init>@21 (line 35)
                      ; - ui.h.a.h::<init>@2 (line 13)
                      ; - ui.h.a.d::jtB@116 (line 72)
  0x000001f201bf1850: a505 e94c 

  0x000001f201bf1854: ;   {metadata(nullptr)}
  0x000001f201bf1854: e9ff ff48 | ba00 0000 | 0000 0000 | 00b8 000f 

  0x000001f201bf1864: ;   {runtime_call load_klass_patching Runtime1 stub}
  0x000001f201bf1864: 050a e895 

  0x000001f201bf1868: ; ImmutableOopMap {[240]=Oop [248]=Oop [272]=Oop [296]=Oop }
                      ;*new {reexecute=1 rethrow=0 return_oop=0}
                      ; - (reexecute) ui.utils.e.c::aen@0 (line 849)
                      ; - ui.utils.x::bs@11 (line 2911)
                      ; - ui.data.common.H::<init>@21 (line 35)
                      ; - ui.h.a.h::<init>@2 (line 13)
                      ; - ui.h.a.d::jtB@116 (line 72)
  0x000001f201bf1868: 75a5 05e9 | 38e9 ffff 

  0x000001f201bf1870: ;   {runtime_call fast_new_instance Runtime1 stub}
  0x000001f201bf1870: 488b d2e8 

  0x000001f201bf1874: ; ImmutableOopMap {[240]=Oop [248]=Oop [272]=Oop [296]=Oop }
                      ;*new {reexecute=0 rethrow=0 return_oop=0}
                      ; - ui.utils.e.c::aen@0 (line 849)
                      ; - ui.utils.x::bs@11 (line 2911)
                      ; - ui.data.common.H::<init>@21 (line 35)
                      ; - ui.h.a.h::<init>@2 (line 13)
                      ; - ui.h.a.d::jtB@116 (line 72)
  0x000001f201bf1874: 8833 a505 | e983 e9ff 

  0x000001f201bf187c: ;   {runtime_call throw_null_pointer_exception Runtime1 stub}
  0x000001f201bf187c: ffe8 7e2a 

  0x000001f201bf1880: ; ImmutableOopMap {rdx=Oop [240]=Oop [248]=Oop [272]=Oop [296]=Oop [304]=Oop }
                      ;*synchronization entry
                      ; - ui.utils.e.c::debug@-1 (line 232)
                      ; - ui.utils.e.c::aen@10 (line 850)
                      ; - ui.utils.x::bs@11 (line 2911)
                      ; - ui.data.common.H::<init>@21 (line 35)
                      ; - ui.h.a.h::<init>@2 (line 13)
                      ; - ui.h.a.d::jtB@116 (line 72)
  0x000001f201bf1880: a505 4889 | 5424 084c 

  0x000001f201bf1888: ;   {runtime_call monitorenter_nofpu Runtime1 stub}
  0x000001f201bf1888: 8904 24e8 

  0x000001f201bf188c: ; ImmutableOopMap {rdx=Oop [240]=Oop [248]=Oop [272]=Oop [296]=Oop [304]=Oop [344]=Oop }
                      ;*synchronization entry
                      ; - ui.utils.e.c::debug@-1 (line 232)
                      ; - ui.utils.e.c::aen@10 (line 850)
                      ; - ui.utils.x::bs@11 (line 2911)
                      ; - ui.data.common.H::<init>@21 (line 35)
                      ; - ui.h.a.h::<init>@2 (line 13)
                      ; - ui.h.a.d::jtB@116 (line 72)
  0x000001f201bf188c: f064 a505 | e9fd e9ff 

  0x000001f201bf1894: ;   {metadata({method} {0x000001f25904bb38} 'debug' '(Ljava/lang/Exception;)V' in 'ui/utils/e/c')}
  0x000001f201bf1894: ff49 ba30 | bb04 59f2 | 0100 004c | 8954 2408 | 48c7 0424 | ffff ffff 

  0x000001f201bf18ac: ;   {runtime_call counter_overflow Runtime1 stub}
  0x000001f201bf18ac: e8cf 85a5 

  0x000001f201bf18b0: ; ImmutableOopMap {[240]=Oop [248]=Oop [272]=Oop [296]=Oop [304]=Oop [344]=Oop }
                      ;*synchronization entry
                      ; - ui.utils.e.c::debug@-1 (line 232)
                      ; - ui.utils.e.c::aen@10 (line 850)
                      ; - ui.utils.x::bs@11 (line 2911)
                      ; - ui.data.common.H::<init>@21 (line 35)
                      ; - ui.h.a.h::<init>@2 (line 13)
                      ; - ui.h.a.d::jtB@116 (line 72)
  0x000001f201bf18b0: 05e9 08ea | ffff 488d | 8424 5001 | 0000 4889 

  0x000001f201bf18c0: ;   {runtime_call monitorexit_nofpu Runtime1 stub}
  0x000001f201bf18c0: 0424 e8b9 | 6aa5 05e9 | 4aea ffff | 49b8 0000 | 0000 0000 | 0000 b800 

  0x000001f201bf18d8: ;   {runtime_call load_appendix_patching Runtime1 stub}
  0x000001f201bf18d8: 0f05 0ae8 

  0x000001f201bf18dc: ; ImmutableOopMap {[240]=Oop [248]=Oop [272]=Oop [296]=Oop }
                      ;*invokedynamic {reexecute=1 rethrow=0 return_oop=0}
                      ; - (reexecute) ui.utils.x::bs@18 (line 2913)
                      ; - ui.data.common.H::<init>@21 (line 35)
                      ; - ui.h.a.h::<init>@2 (line 13)
                      ; - ui.h.a.d::jtB@116 (line 72)
  0x000001f201bf18dc: 207e a505 | e94b eaff 

  0x000001f201bf18e4: ;   {metadata({method} {0x000001f25848cc90} 'log' '(Ljava/lang/String;)V' in 'ui/utils/x')}
  0x000001f201bf18e4: ff49 ba88 | cc48 58f2 | 0100 004c | 8954 2408 | 48c7 0424 | ffff ffff 

  0x000001f201bf18fc: ;   {runtime_call counter_overflow Runtime1 stub}
  0x000001f201bf18fc: e87f 85a5 

  0x000001f201bf1900: ; ImmutableOopMap {rax=Oop [240]=Oop [248]=Oop [272]=Oop [296]=Oop }
                      ;*synchronization entry
                      ; - ui.utils.x::log@-1 (line 2089)
                      ; - ui.utils.x::bs@23 (line 2913)
                      ; - ui.data.common.H::<init>@21 (line 35)
                      ; - ui.h.a.h::<init>@2 (line 13)
                      ; - ui.h.a.d::jtB@116 (line 72)
  0x000001f201bf1900: 05e9 acea 

  0x000001f201bf1904: ;   {metadata({method} {0x000001f258f57628} 'Uo' '(Ljava/lang/String;)Ljava/lang/StringBuilder;' in 'ui/frmwork/str/robot/m')}
  0x000001f201bf1904: ffff 49ba | 2076 f558 | f201 0000 | 4c89 5424 | 0848 c704 | 24ff ffff 

  0x000001f201bf191c: ;   {runtime_call counter_overflow Runtime1 stub}
  0x000001f201bf191c: ffe8 5e85 

  0x000001f201bf1920: ; ImmutableOopMap {rax=Oop [240]=Oop [248]=Oop [272]=Oop [296]=Oop }
                      ;*synchronization entry
                      ; - ui.frmwork.str.robot.m::Uo@-1 (line 278)
                      ; - ui.utils.x::log@1 (line 2089)
                      ; - ui.utils.x::bs@23 (line 2913)
                      ; - ui.data.common.H::<init>@21 (line 35)
                      ; - ui.h.a.h::<init>@2 (line 13)
                      ; - ui.h.a.d::jtB@116 (line 72)
  0x000001f201bf1920: a505 e9c9 

  0x000001f201bf1924: ;   {runtime_call throw_null_pointer_exception Runtime1 stub}
  0x000001f201bf1924: eaff ffe8 

  0x000001f201bf1928: ; ImmutableOopMap {rdx=Oop r8=Oop [240]=Oop [248]=Oop [272]=Oop [296]=Oop }
                      ;*synchronization entry
                      ; - ui.frmwork.str.a::k@-1 (line 390)
                      ; - ui.utils.x::log@4 (line 2089)
                      ; - ui.utils.x::bs@23 (line 2913)
                      ; - ui.data.common.H::<init>@21 (line 35)
                      ; - ui.h.a.h::<init>@2 (line 13)
                      ; - ui.h.a.d::jtB@116 (line 72)
  0x000001f201bf1928: d429 a505 | 4c89 4424 | 0848 8934 

  0x000001f201bf1934: ;   {runtime_call monitorenter_nofpu Runtime1 stub}
  0x000001f201bf1934: 24e8 4664 

  0x000001f201bf1938: ; ImmutableOopMap {rdx=Oop r8=Oop [240]=Oop [248]=Oop [272]=Oop [296]=Oop [344]=Oop }
                      ;*synchronization entry
                      ; - ui.frmwork.str.a::k@-1 (line 390)
                      ; - ui.utils.x::log@4 (line 2089)
                      ; - ui.utils.x::bs@23 (line 2913)
                      ; - ui.data.common.H::<init>@21 (line 35)
                      ; - ui.h.a.h::<init>@2 (line 13)
                      ; - ui.h.a.d::jtB@116 (line 72)
  0x000001f201bf1938: a505 e936 

  0x000001f201bf193c: ;   {metadata({method} {0x000001f25903eb78} 'k' '(Ljava/lang/StringBuilder;)V' in 'ui/frmwork/str/a')}
  0x000001f201bf193c: ebff ff49 | ba70 eb03 | 59f2 0100 | 004c 8954 | 2408 48c7 | 0424 ffff 

  0x000001f201bf1954: ;   {runtime_call counter_overflow Runtime1 stub}
  0x000001f201bf1954: ffff e825 

  0x000001f201bf1958: ; ImmutableOopMap {rdx=Oop [240]=Oop [248]=Oop [272]=Oop [296]=Oop [344]=Oop }
                      ;*synchronization entry
                      ; - ui.frmwork.str.a::k@-1 (line 390)
                      ; - ui.utils.x::log@4 (line 2089)
                      ; - ui.utils.x::bs@23 (line 2913)
                      ; - ui.data.common.H::<init>@21 (line 35)
                      ; - ui.h.a.h::<init>@2 (line 13)
                      ; - ui.h.a.d::jtB@116 (line 72)
  0x000001f201bf1958: 85a5 05e9 | 41eb ffff | 488d 8424 | 5001 0000 | 4889 0424 

  0x000001f201bf196c: ;   {runtime_call monitorexit_nofpu Runtime1 stub}
  0x000001f201bf196c: e80f 6aa5 | 05e9 8eeb 

  0x000001f201bf1974: ;   {metadata({method} {0x000001f25903f518} 'l' '(Ljava/lang/StringBuilder;)V' in 'ui/frmwork/str/a')}
  0x000001f201bf1974: ffff 49ba | 10f5 0359 | f201 0000 | 4c89 5424 | 0848 c704 | 24ff ffff 

  0x000001f201bf198c: ;   {runtime_call counter_overflow Runtime1 stub}
  0x000001f201bf198c: ffe8 ee84 

  0x000001f201bf1990: ; ImmutableOopMap {rdx=Oop [240]=Oop [248]=Oop [272]=Oop [296]=Oop [344]=Oop }
                      ;*synchronization entry
                      ; - ui.frmwork.str.a::l@-1 (line 545)
                      ; - ui.frmwork.str.a::k@6 (line 393)
                      ; - ui.utils.x::log@4 (line 2089)
                      ; - ui.utils.x::bs@23 (line 2913)
                      ; - ui.data.common.H::<init>@21 (line 35)
                      ; - ui.h.a.h::<init>@2 (line 13)
                      ; - ui.h.a.d::jtB@116 (line 72)
  0x000001f201bf1990: a505 e9ad 

  0x000001f201bf1994: ;   {metadata({method} {0x000001f258489b40} 'jyS' '()Z' in 'ui/utils/x')}
  0x000001f201bf1994: ebff ff49 | ba38 9b48 | 58f2 0100 | 004c 8954 | 2408 48c7 | 0424 ffff 

  0x000001f201bf19ac: ;   {runtime_call counter_overflow Runtime1 stub}
  0x000001f201bf19ac: ffff e8cd 

  0x000001f201bf19b0: ; ImmutableOopMap {rdx=Oop [240]=Oop [248]=Oop [272]=Oop [296]=Oop [344]=Oop }
                      ;*synchronization entry
                      ; - ui.utils.x::jyS@-1 (line 1729)
                      ; - ui.frmwork.str.a::l@1 (line 545)
                      ; - ui.frmwork.str.a::k@6 (line 393)
                      ; - ui.utils.x::log@4 (line 2089)
                      ; - ui.utils.x::bs@23 (line 2913)
                      ; - ui.data.common.H::<init>@21 (line 35)
                      ; - ui.h.a.h::<init>@2 (line 13)
                      ; - ui.h.a.d::jtB@116 (line 72)
  0x000001f201bf19b0: 84a5 05e9 | c7eb ffff | 488d 8424 | 5001 0000 | 4889 0424 

  0x000001f201bf19c4: ;   {runtime_call monitorexit_nofpu Runtime1 stub}
  0x000001f201bf19c4: e8b7 69a5 | 05e9 1aec 

  0x000001f201bf19cc: ;   {metadata({method} {0x000001f28ec55668} 'jtM' '()I' in 'ui/h/a/h')}
  0x000001f201bf19cc: ffff 49ba | 6056 c58e | f201 0000 | 4c89 5424 | 0848 c704 | 24ff ffff 

  0x000001f201bf19e4: ;   {runtime_call counter_overflow Runtime1 stub}
  0x000001f201bf19e4: ffe8 9684 

  0x000001f201bf19e8: ; ImmutableOopMap {rax=Oop [240]=Oop [248]=Oop [272]=Oop [296]=Oop }
                      ;*synchronization entry
                      ; - ui.h.a.h::jtM@-1 (line 17)
                      ; - ui.h.a.d::jtB@128 (line 74)
  0x000001f201bf19e8: a505 e971 

  0x000001f201bf19ec: ;   {metadata({method} {0x000001f28ec55708} 'jtN' '()I' in 'ui/h/a/h')}
  0x000001f201bf19ec: ecff ff49 | ba00 57c5 | 8ef2 0100 | 004c 8954 | 2408 48c7 | 0424 ffff 

  0x000001f201bf1a04: ;   {runtime_call counter_overflow Runtime1 stub}
  0x000001f201bf1a04: ffff e875 

  0x000001f201bf1a08: ; ImmutableOopMap {[240]=Oop [248]=Oop [272]=Oop [296]=Oop }
                      ;*synchronization entry
                      ; - ui.h.a.h::jtN@-1 (line 21)
                      ; - ui.h.a.d::jtB@137 (line 75)
  0x000001f201bf1a08: 84a5 05e9 | 56ed ffff 

  0x000001f201bf1a10: ;   {metadata({method} {0x000001f25b312718} 'jtB' '()V' in 'ui/h/a/d')}
  0x000001f201bf1a10: 49ba 1027 | 315b f201 | 0000 4c89 | 5424 0848 | c704 2492 

  0x000001f201bf1a24: ;   {runtime_call counter_overflow Runtime1 stub}
  0x000001f201bf1a24: 0000 00e8 

  0x000001f201bf1a28: ; ImmutableOopMap {[240]=Oop [248]=Oop [272]=Oop [296]=Oop }
                      ;*iflt {reexecute=1 rethrow=0 return_oop=0}
                      ; - (reexecute) ui.h.a.d::jtB@146 (line 76)
  0x000001f201bf1a28: 5484 a505 | e941 eeff 

  0x000001f201bf1a30: ;   {metadata({method} {0x000001f28ec557a8} 'bAC' '()I' in 'ui/h/a/h')}
  0x000001f201bf1a30: ff49 baa0 | 57c5 8ef2 | 0100 004c | 8954 2408 | 48c7 0424 | ffff ffff 

  0x000001f201bf1a48: ;   {runtime_call counter_overflow Runtime1 stub}
  0x000001f201bf1a48: e833 84a5 

  0x000001f201bf1a4c: ; ImmutableOopMap {rax=Oop [240]=Oop [248]=Oop [272]=Oop [296]=Oop }
                      ;*synchronization entry
                      ; - ui.h.a.h::bAC@-1 (line 25)
                      ; - ui.h.a.d::jtB@159 (line 78)
  0x000001f201bf1a4c: 05e9 d1ee 

  0x000001f201bf1a50: ;   {metadata({method} {0x000001f28ec55848} 'getMessage' '()Ljava/lang/String;' in 'ui/h/a/h')}
  0x000001f201bf1a50: ffff 49ba | 4058 c58e | f201 0000 | 4c89 5424 | 0848 c704 | 24ff ffff 

  0x000001f201bf1a68: ;   {runtime_call counter_overflow Runtime1 stub}
  0x000001f201bf1a68: ffe8 1284 

  0x000001f201bf1a6c: ; ImmutableOopMap {[240]=Oop [248]=Oop [272]=Oop [296]=Oop }
                      ;*synchronization entry
                      ; - ui.h.a.h::getMessage@-1 (line 29)
                      ; - ui.h.a.d::jtB@166 (line 79)
  0x000001f201bf1a6c: a505 e9aa 

  0x000001f201bf1a70: ;   {runtime_call throw_null_pointer_exception Runtime1 stub}
  0x000001f201bf1a70: efff ffe8 

  0x000001f201bf1a74: ; ImmutableOopMap {rax=Oop [240]=Oop [248]=Oop [272]=Oop }
                      ;*invokevirtual replace {reexecute=0 rethrow=0 return_oop=0}
                      ; - ui.h.a.d::jtB@177 (line 82)
  0x000001f201bf1a74: 8828 a505 

  0x000001f201bf1a78: ;   {runtime_call throw_null_pointer_exception Runtime1 stub}
  0x000001f201bf1a78: e883 28a5 

  0x000001f201bf1a7c: ; ImmutableOopMap {rax=Oop [240]=Oop [248]=Oop [272]=Oop }
                      ;*invokevirtual replace {reexecute=0 rethrow=0 return_oop=0}
                      ; - ui.h.a.d::jtB@188 (line 84)
                      ;   {runtime_call throw_null_pointer_exception Runtime1 stub}
  0x000001f201bf1a7c: 05e8 7e28 

  0x000001f201bf1a80: ; ImmutableOopMap {rax=Oop [240]=Oop [248]=Oop [272]=Oop }
                      ;*invokevirtual replace {reexecute=0 rethrow=0 return_oop=0}
                      ; - ui.h.a.d::jtB@199 (line 85)
                      ;   {metadata({method} {0x000001f25abb47d0} 'jtD' '()I' in 'ui/h/c/l')}
  0x000001f201bf1a80: a505 49ba | c847 bb5a | f201 0000 | 4c89 5424 | 0848 c704 | 24ff ffff 

  0x000001f201bf1a98: ;   {runtime_call counter_overflow Runtime1 stub}
  0x000001f201bf1a98: ffe8 e283 

  0x000001f201bf1a9c: ; ImmutableOopMap {rbx=Oop [240]=Oop [248]=Oop [272]=Oop }
                      ;*synchronization entry
                      ; - ui.h.c.l::jtD@-1 (line 14)
                      ; - ui.h.a.d::jtB@207 (line 86)
  0x000001f201bf1a9c: a505 e9cb 

  0x000001f201bf1aa0: ;   {metadata({method} {0x000001f25abb4868} 'jtE' '()I' in 'ui/h/c/l')}
  0x000001f201bf1aa0: f1ff ff49 | ba60 48bb | 5af2 0100 | 004c 8954 | 2408 48c7 | 0424 ffff 

  0x000001f201bf1ab8: ;   {runtime_call counter_overflow Runtime1 stub}
  0x000001f201bf1ab8: ffff e8c1 

  0x000001f201bf1abc: ; ImmutableOopMap {rbx=Oop [240]=Oop [248]=Oop [272]=Oop }
                      ;*synchronization entry
                      ; - ui.h.c.l::jtE@-1 (line 18)
                      ; - ui.h.a.d::jtB@216 (line 86)
  0x000001f201bf1abc: 83a5 05e9 | a1f2 ffff 

  0x000001f201bf1ac4: ;   {metadata({method} {0x000001f25abb4900} 'jtF' '()I' in 'ui/h/c/l')}
  0x000001f201bf1ac4: 49ba f848 | bb5a f201 | 0000 4c89 | 5424 0848 | c704 24ff 

  0x000001f201bf1ad8: ;   {runtime_call counter_overflow Runtime1 stub}
  0x000001f201bf1ad8: ffff ffe8 

  0x000001f201bf1adc: ; ImmutableOopMap {rbx=Oop [240]=Oop [248]=Oop [272]=Oop }
                      ;*synchronization entry
                      ; - ui.h.c.l::jtF@-1 (line 22)
                      ; - ui.h.a.d::jtB@225 (line 86)
  0x000001f201bf1adc: a083 a505 | e96f f3ff | ff48 8bd2 

  0x000001f201bf1ae8: ;   {runtime_call fast_new_instance Runtime1 stub}
  0x000001f201bf1ae8: e813 31a5 

  0x000001f201bf1aec: ; ImmutableOopMap {rbx=Oop [240]=Oop [248]=Oop [272]=Oop }
                      ;*new {reexecute=0 rethrow=0 return_oop=0}
                      ; - ui.h.a.d::jtB@237 (line 88)
  0x000001f201bf1aec: 05e9 16f4 

  0x000001f201bf1af0: ;   {metadata({method} {0x000001f25abb50f0} 'a' '(Ljava/util/List;Lui/h/c/j;)V' in 'ui/h/c/l')}
  0x000001f201bf1af0: ffff 49ba | e850 bb5a | f201 0000 | 4c89 5424 | 0848 c704 | 24ff ffff 

  0x000001f201bf1b08: ;   {runtime_call counter_overflow Runtime1 stub}
  0x000001f201bf1b08: ffe8 7283 

  0x000001f201bf1b0c: ; ImmutableOopMap {[240]=Oop [248]=Oop [272]=Oop [320]=Oop }
                      ;*synchronization entry
                      ; - ui.h.c.l::a@-1 (line 90)
                      ; - ui.h.a.d::jtB@255 (line 88)
  0x000001f201bf1b0c: a505 e9f8 | f4ff ff48 

  0x000001f201bf1b14: ;   {runtime_call throw_class_cast_exception Runtime1 stub}
  0x000001f201bf1b14: 8904 24e8 

  0x000001f201bf1b18: ; ImmutableOopMap {[240]=Oop [248]=Oop [272]=Oop [320]=Oop }
                      ;*checkcast {reexecute=0 rethrow=0 return_oop=0}
                      ; - ui.h.c.l::a@19 (line 91)
                      ; - ui.h.a.d::jtB@255 (line 88)
  0x000001f201bf1b18: 6456 a505 

  0x000001f201bf1b1c: ;   {runtime_call throw_incompatible_class_change_error Runtime1 stub}
  0x000001f201bf1b1c: e85f 59a5 

  0x000001f201bf1b20: ; ImmutableOopMap {rdx=Oop [240]=Oop [248]=Oop [272]=Oop [320]=Oop }
                      ;*invokeinterface a {reexecute=0 rethrow=0 return_oop=0}
                      ; - ui.h.c.l::a@23 (line 91)
                      ; - ui.h.a.d::jtB@255 (line 88)
                      ;   {runtime_call throw_null_pointer_exception Runtime1 stub}
  0x000001f201bf1b20: 05e8 da27 

  0x000001f201bf1b24: ; ImmutableOopMap {rdx=Oop [240]=Oop [248]=Oop [272]=Oop [320]=Oop }
                      ;*invokeinterface a {reexecute=0 rethrow=0 return_oop=0}
                      ; - ui.h.c.l::a@23 (line 91)
                      ; - ui.h.a.d::jtB@255 (line 88)
                      ;   {metadata({method} {0x000001f25abb50f0} 'a' '(Ljava/util/List;Lui/h/c/j;)V' in 'ui/h/c/l')}
  0x000001f201bf1b24: a505 49ba | e850 bb5a | f201 0000 | 4c89 5424 | 0848 c704 | 241f 0000 

  0x000001f201bf1b3c: ;   {runtime_call counter_overflow Runtime1 stub}
  0x000001f201bf1b3c: 00e8 3e83 

  0x000001f201bf1b40: ; ImmutableOopMap {[240]=Oop [248]=Oop [272]=Oop [320]=Oop }
                      ;*goto {reexecute=1 rethrow=0 return_oop=0}
                      ; - (reexecute) ui.h.c.l::a@31 (line 90)
                      ; - ui.h.a.d::jtB@255 (line 88)
  0x000001f201bf1b40: a505 e92d 

  0x000001f201bf1b44: ;   {runtime_call throw_null_pointer_exception Runtime1 stub}
  0x000001f201bf1b44: f7ff ffe8 

  0x000001f201bf1b48: ; ImmutableOopMap {rsi=Oop [240]=Oop [248]=Oop [272]=Oop [320]=Oop }
                      ;*invokeinterface size {reexecute=0 rethrow=0 return_oop=0}
                      ; - ui.h.c.l::a@4 (line 90)
                      ; - ui.h.a.d::jtB@255 (line 88)
  0x000001f201bf1b48: b427 a505 

  0x000001f201bf1b4c: ;   {metadata({method} {0x000001f25b312718} 'jtB' '()V' in 'ui/h/a/d')}
  0x000001f201bf1b4c: 49ba 1027 | 315b f201 | 0000 4c89 | 5424 0848 | c704 2402 

  0x000001f201bf1b60: ;   {runtime_call counter_overflow Runtime1 stub}
  0x000001f201bf1b60: 0100 00e8 

  0x000001f201bf1b64: ; ImmutableOopMap {[240]=Oop [248]=Oop [272]=Oop }
                      ;*goto {reexecute=1 rethrow=0 return_oop=0}
                      ; - (reexecute) ui.h.a.d::jtB@258 (line 93)
  0x000001f201bf1b64: 1883 a505 | e95c f8ff 

  0x000001f201bf1b6c: ;   {metadata({method} {0x000001f25b312718} 'jtB' '()V' in 'ui/h/a/d')}
  0x000001f201bf1b6c: ff49 ba10 | 2731 5bf2 | 0100 004c | 8954 2408 | 48c7 0424 | 9a00 0000 

  0x000001f201bf1b84: ;   {runtime_call counter_overflow Runtime1 stub}
  0x000001f201bf1b84: e8f7 82a5 

  0x000001f201bf1b88: ; ImmutableOopMap {[240]=Oop [248]=Oop [272]=Oop }
                      ;*goto {reexecute=1 rethrow=0 return_oop=0}
                      ; - (reexecute) ui.h.a.d::jtB@154 (line 77)
  0x000001f201bf1b88: 05e9 9cf8 | ffff 488d | 8424 5001 | 0000 4889 

  0x000001f201bf1b98: ;   {runtime_call monitorexit_nofpu Runtime1 stub}
  0x000001f201bf1b98: 0424 e8e1 | 67a5 05e9 | 24f9 ffff | 488d 8424 | 5001 0000 | 4889 0424 

  0x000001f201bf1bb0: ;   {runtime_call monitorexit_nofpu Runtime1 stub}
  0x000001f201bf1bb0: e8cb 67a5 | 05e9 8bf9 

  0x000001f201bf1bb8: ;   {metadata({method} {0x000001f25848ce98} 'n' '(Ljava/lang/Exception;)V' in 'ui/utils/x')}
  0x000001f201bf1bb8: ffff 49ba | 90ce 4858 | f201 0000 | 4c89 5424 | 0848 c704 | 24ff ffff 

  0x000001f201bf1bd0: ;   {runtime_call counter_overflow Runtime1 stub}
  0x000001f201bf1bd0: ffe8 aa82 

  0x000001f201bf1bd4: ; ImmutableOopMap {rax=Oop [240]=Oop [248]=Oop }
                      ;*synchronization entry
                      ; - ui.utils.x::n@-1 (line 2106)
                      ; - ui.h.a.d::jtB@268 (line 96)
  0x000001f201bf1bd4: a505 e9d6 

  0x000001f201bf1bd8: ;   {metadata({method} {0x000001f25b312718} 'jtB' '()V' in 'ui/h/a/d')}
  0x000001f201bf1bd8: f9ff ff49 | ba10 2731 | 5bf2 0100 | 004c 8954 | 2408 48c7 | 0424 0f01 

  0x000001f201bf1bf0: ;   {runtime_call counter_overflow Runtime1 stub}
  0x000001f201bf1bf0: 0000 e889 

  0x000001f201bf1bf4: ; ImmutableOopMap {[240]=Oop [248]=Oop }
                      ;*goto {reexecute=1 rethrow=0 return_oop=0}
                      ; - (reexecute) ui.h.a.d::jtB@271 (line 98)
  0x000001f201bf1bf4: 82a5 05e9 | 0ffa ffff 

  0x000001f201bf1bfc: ;   {metadata({method} {0x000001f25b312718} 'jtB' '()V' in 'ui/h/a/d')}
  0x000001f201bf1bfc: 49ba 1027 | 315b f201 | 0000 4c89 | 5424 0848 | c704 2439 

  0x000001f201bf1c10: ;   {runtime_call counter_overflow Runtime1 stub}
  0x000001f201bf1c10: 0000 00e8 

  0x000001f201bf1c14: ; ImmutableOopMap {[240]=Oop [248]=Oop }
                      ;*goto {reexecute=1 rethrow=0 return_oop=0}
                      ; - (reexecute) ui.h.a.d::jtB@57 (line 65)
  0x000001f201bf1c14: 6882 a505 | e93c faff 

  0x000001f201bf1c1c: ;   {internal_word}
  0x000001f201bf1c1c: ff49 ba88 | 16bf 01f2 | 0100 004d | 8997 6004 

  0x000001f201bf1c2c: ;   {runtime_call SafepointBlob}
  0x000001f201bf1c2c: 0000 e9cd | 3a99 0544 | 8b84 2420 | 0100 00e9 | 9bf8 ffff | 448b 8424 | 2001 0000 | e921 f8ff 
  0x000001f201bf1c4c: ff49 8b87 | f804 0000 | 49c7 87f8 | 0400 0000 | 0000 0049 | c787 0005 | 0000 0000 | 0000 4881 
  0x000001f201bf1c6c: c470 0100 

  0x000001f201bf1c70: ;   {runtime_call unwind_exception Runtime1 stub}
  0x000001f201bf1c70: 005d e989 | 17a5 05f4 
[Stub Code]
  0x000001f201bf1c78: ;   {no_reloc}
  0x000001f201bf1c78: 0f1f 4400 

  0x000001f201bf1c7c: ;   {static_stub}
  0x000001f201bf1c7c: 0048 bb00 | 0000 0000 

  0x000001f201bf1c84: ;   {runtime_call nmethod}
  0x000001f201bf1c84: 0000 00e9 | fbff ffff 

  0x000001f201bf1c8c: ;   {static_stub}
  0x000001f201bf1c8c: 9048 bb00 | 0000 0000 

  0x000001f201bf1c94: ;   {runtime_call nmethod}
  0x000001f201bf1c94: 0000 00e9 | fbff ffff 

  0x000001f201bf1c9c: ;   {static_stub}
  0x000001f201bf1c9c: 9048 bb00 | 0000 0000 

  0x000001f201bf1ca4: ;   {runtime_call nmethod}
  0x000001f201bf1ca4: 0000 00e9 | fbff ffff 

  0x000001f201bf1cac: ;   {static_stub}
  0x000001f201bf1cac: 9048 bb00 | 0000 0000 

  0x000001f201bf1cb4: ;   {runtime_call nmethod}
  0x000001f201bf1cb4: 0000 00e9 | fbff ffff 

  0x000001f201bf1cbc: ;   {static_stub}
  0x000001f201bf1cbc: 9048 bb00 | 0000 0000 

  0x000001f201bf1cc4: ;   {runtime_call nmethod}
  0x000001f201bf1cc4: 0000 00e9 | fbff ffff 

  0x000001f201bf1ccc: ;   {static_stub}
  0x000001f201bf1ccc: 9048 bb00 | 0000 0000 

  0x000001f201bf1cd4: ;   {runtime_call nmethod}
  0x000001f201bf1cd4: 0000 00e9 | fbff ffff 

  0x000001f201bf1cdc: ;   {static_stub}
  0x000001f201bf1cdc: 9048 bb00 | 0000 0000 

  0x000001f201bf1ce4: ;   {runtime_call nmethod}
  0x000001f201bf1ce4: 0000 00e9 | fbff ffff 

  0x000001f201bf1cec: ;   {static_stub}
  0x000001f201bf1cec: 9048 bb00 | 0000 0000 

  0x000001f201bf1cf4: ;   {runtime_call nmethod}
  0x000001f201bf1cf4: 0000 00e9 | fbff ffff 

  0x000001f201bf1cfc: ;   {static_stub}
  0x000001f201bf1cfc: 9048 bb00 | 0000 0000 

  0x000001f201bf1d04: ;   {runtime_call nmethod}
  0x000001f201bf1d04: 0000 00e9 | fbff ffff 

  0x000001f201bf1d0c: ;   {static_stub}
  0x000001f201bf1d0c: 48bb 0000 | 0000 0000 

  0x000001f201bf1d14: ;   {runtime_call nmethod}
  0x000001f201bf1d14: 0000 e9fb 

  0x000001f201bf1d18: ;   {static_stub}
  0x000001f201bf1d18: ffff ff48 | bb00 0000 | 0000 0000 

  0x000001f201bf1d24: ;   {runtime_call nmethod}
  0x000001f201bf1d24: 00e9 fbff 

  0x000001f201bf1d28: ;   {static_stub}
  0x000001f201bf1d28: ffff 48bb | 0000 0000 | 0000 0000 

  0x000001f201bf1d34: ;   {runtime_call nmethod}
  0x000001f201bf1d34: e9fb ffff 

  0x000001f201bf1d38: ;   {static_stub}
  0x000001f201bf1d38: ff48 bb00 | 0000 0000 

  0x000001f201bf1d40: ;   {runtime_call nmethod}
  0x000001f201bf1d40: 0000 00e9 | fbff ffff 

  0x000001f201bf1d48: ;   {static_stub}
  0x000001f201bf1d48: 48bb 0000 | 0000 0000 

  0x000001f201bf1d50: ;   {runtime_call nmethod}
  0x000001f201bf1d50: 0000 e9fb 

  0x000001f201bf1d54: ;   {static_stub}
  0x000001f201bf1d54: ffff ff48 | bb00 0000 | 0000 0000 

  0x000001f201bf1d60: ;   {runtime_call nmethod}
  0x000001f201bf1d60: 00e9 fbff 

  0x000001f201bf1d64: ;   {static_stub}
  0x000001f201bf1d64: ffff 48bb | 0000 0000 | 0000 0000 

  0x000001f201bf1d70: ;   {runtime_call nmethod}
  0x000001f201bf1d70: e9fb ffff 

  0x000001f201bf1d74: ;   {static_stub}
  0x000001f201bf1d74: ff48 bb00 | 0000 0000 

  0x000001f201bf1d7c: ;   {runtime_call nmethod}
  0x000001f201bf1d7c: 0000 00e9 | fbff ffff 

  0x000001f201bf1d84: ;   {static_stub}
  0x000001f201bf1d84: 48bb 0000 | 0000 0000 

  0x000001f201bf1d8c: ;   {runtime_call nmethod}
  0x000001f201bf1d8c: 0000 e9fb 

  0x000001f201bf1d90: ;   {static_stub}
  0x000001f201bf1d90: ffff ff48 | bb00 0000 | 0000 0000 

  0x000001f201bf1d9c: ;   {runtime_call nmethod}
  0x000001f201bf1d9c: 00e9 fbff 

  0x000001f201bf1da0: ;   {static_stub}
  0x000001f201bf1da0: ffff 48bb | 0000 0000 | 0000 0000 

  0x000001f201bf1dac: ;   {runtime_call nmethod}
  0x000001f201bf1dac: e9fb ffff 

  0x000001f201bf1db0: ;   {static_stub}
  0x000001f201bf1db0: ff48 bb00 | 0000 0000 

  0x000001f201bf1db8: ;   {runtime_call nmethod}
  0x000001f201bf1db8: 0000 00e9 | fbff ffff 

  0x000001f201bf1dc0: ;   {static_stub}
  0x000001f201bf1dc0: 48bb 0000 | 0000 0000 

  0x000001f201bf1dc8: ;   {runtime_call nmethod}
  0x000001f201bf1dc8: 0000 e9fb 

  0x000001f201bf1dcc: ;   {static_stub}
  0x000001f201bf1dcc: ffff ff48 | bb00 0000 | 0000 0000 

  0x000001f201bf1dd8: ;   {runtime_call nmethod}
  0x000001f201bf1dd8: 00e9 fbff 

  0x000001f201bf1ddc: ;   {static_stub}
  0x000001f201bf1ddc: ffff 48bb | 0000 0000 | 0000 0000 

  0x000001f201bf1de8: ;   {runtime_call nmethod}
  0x000001f201bf1de8: e9fb ffff 

  0x000001f201bf1dec: ;   {static_stub}
  0x000001f201bf1dec: ff48 bb00 | 0000 0000 

  0x000001f201bf1df4: ;   {runtime_call nmethod}
  0x000001f201bf1df4: 0000 00e9 | fbff ffff 

  0x000001f201bf1dfc: ;   {static_stub}
  0x000001f201bf1dfc: 48bb 0000 | 0000 0000 

  0x000001f201bf1e04: ;   {runtime_call nmethod}
  0x000001f201bf1e04: 0000 e9fb 

  0x000001f201bf1e08: ;   {runtime_call handle_exception_from_callee Runtime1 stub}
  0x000001f201bf1e08: ffff ffe8 | 704d a505 

  0x000001f201bf1e10: ;   {external_word}
  0x000001f201bf1e10: 48b9 506f | aa35 fe7f | 0000 4883 

  0x000001f201bf1e1c: ;   {runtime_call}
  0x000001f201bf1e1c: e4f0 48b8 | d040 6d35 | fe7f 0000 

  0x000001f201bf1e28: ;   {section_word}
  0x000001f201bf1e28: ffd0 f449 | ba2b 1ebf | 01f2 0100 

  0x000001f201bf1e34: ;   {runtime_call DeoptimizationBlob}
  0x000001f201bf1e34: 0041 52e9 | 642b 9905 | f4f4 f4f4 
[/MachCode]


---------------  P R O C E S S  ---------------

Threads class SMR info:
_java_thread_list=0x000001f28a781330, length=102, elements={
0x000001f26c61e1a0, 0x000001f274b78cb0, 0x000001f274b79700, 0x000001f274b90200,
0x000001f274b95880, 0x000001f274b9b340, 0x000001f274b9d9f0, 0x000001f274ba3090,
0x000001f274ba4f60, 0x000001f274ba8230, 0x000001f25c292670, 0x000001f25c294cf0,
0x000001f25c6b08b0, 0x000001f25c8a18d0, 0x000001f25c93e4c0, 0x000001f25d931010,
0x000001f273a05390, 0x000001f273a05a20, 0x000001f273a060b0, 0x000001f273a06dd0,
0x000001f25eaae700, 0x000001f25eaaf420, 0x000001f25eaaccc0, 0x000001f25eab14f0,
0x000001f25eaae070, 0x000001f25eab2f30, 0x000001f25eab2210, 0x000001f25cf34670,
0x000001f25eab0140, 0x000001f2882526f0, 0x000001f288252d80, 0x000001f288254e50,
0x000001f2882554e0, 0x000001f28a810010, 0x000001f28a813b20, 0x000001f28a8141b0,
0x000001f28a814840, 0x000001f28a816fa0, 0x000001f28a814ed0, 0x000001f28a815560,
0x000001f28a815bf0, 0x000001f25eab35c0, 0x000001f25eab28a0, 0x000001f28a816280,
0x000001f28a816910, 0x000001f283e1ac90, 0x000001f283e1e110, 0x000001f283e1f4c0,
0x000001f283e1fb50, 0x000001f283e201e0, 0x000001f28a8120e0, 0x000001f28a812770,
0x000001f28a810d30, 0x000001f28a812e00, 0x000001f28a813490, 0x000001f28a817630,
0x000001f288253410, 0x000001f288253aa0, 0x000001f288254130, 0x000001f2882547c0,
0x000001f25eaac630, 0x000001f25eab0e60, 0x000001f28cbf0d50, 0x000001f28cbee5f0,
0x000001f28cbef9a0, 0x000001f28cbed240, 0x000001f28cbf4ef0, 0x000001f28cbf5580,
0x000001f283e1a600, 0x000001f283e1ee30, 0x000001f28cbf2e20, 0x000001f28cbf41d0,
0x000001f28cbf3b40, 0x000001f28cbf2790, 0x000001f283e20870, 0x000001f283e21590,
0x000001f288d27500, 0x000001f288d267e0, 0x000001f288d26e70, 0x000001f288d24da0,
0x000001f283e1da80, 0x000001f283e1c6d0, 0x000001f283e1b9b0, 0x000001f288d24080,
0x000001f288d2bd30, 0x000001f288d26150, 0x000001f288d27b90, 0x000001f288d28220,
0x000001f288d25430, 0x000001f25eab07d0, 0x000001f25eaad9e0, 0x000001f288d2b6a0,
0x000001f25cf311f0, 0x000001f299685aa0, 0x000001f2996846f0, 0x000001f299684060,
0x000001f2996874e0, 0x000001f299685410, 0x000001f2996839d0, 0x000001f299686e50,
0x000001f299688200, 0x000001f299686130
}

Java Threads: ( => current thread )
  0x000001f26c61e1a0 JavaThread "main"                              [_thread_blocked, id=20724, stack(0x000000851db00000,0x000000851dc00000) (1024K)]
  0x000001f274b78cb0 JavaThread "Reference Handler"          daemon [_thread_blocked, id=31312, stack(0x000000851e300000,0x000000851ed00000) (10240K)]
  0x000001f274b79700 JavaThread "Finalizer"                  daemon [_thread_blocked, id=30260, stack(0x000000851ed00000,0x000000851f700000) (10240K)]
  0x000001f274b90200 JavaThread "Signal Dispatcher"          daemon [_thread_blocked, id=17708, stack(0x000000851f700000,0x0000008520100000) (10240K)]
  0x000001f274b95880 JavaThread "Attach Listener"            daemon [_thread_blocked, id=16260, stack(0x0000008520100000,0x0000008520b00000) (10240K)]
  0x000001f274b9b340 JavaThread "Service Thread"             daemon [_thread_blocked, id=18492, stack(0x0000008520b00000,0x0000008521500000) (10240K)]
  0x000001f274b9d9f0 JavaThread "Monitor Deflation Thread"   daemon [_thread_blocked, id=29648, stack(0x0000008521500000,0x0000008521f00000) (10240K)]
  0x000001f274ba3090 JavaThread "C2 CompilerThread0"         daemon [_thread_blocked, id=29308, stack(0x0000008521f00000,0x0000008522000000) (1024K)]
  0x000001f274ba4f60 JavaThread "C1 CompilerThread0"         daemon [_thread_blocked, id=4632, stack(0x0000008522000000,0x0000008522100000) (1024K)]
  0x000001f274ba8230 JavaThread "StringDedupThread"          daemon [_thread_blocked, id=14324, stack(0x0000008522100000,0x0000008522b00000) (10240K)]
  0x000001f25c292670 JavaThread "Common-Cleaner"             daemon [_thread_blocked, id=17384, stack(0x0000008522b00000,0x0000008523500000) (10240K)]
  0x000001f25c294cf0 JavaThread "Notification Thread"        daemon [_thread_blocked, id=4912, stack(0x0000008523500000,0x0000008523f00000) (10240K)]
  0x000001f25c6b08b0 JavaThread "Java2D Disposer"            daemon [_thread_blocked, id=31132, stack(0x0000008523f00000,0x0000008524900000) (10240K)]
  0x000001f25c8a18d0 JavaThread "AWT-Windows"                daemon [_thread_in_native, id=30768, stack(0x0000008525300000,0x0000008525d00000) (10240K)]
  0x000001f25c93e4c0 JavaThread "TimerQueue"                 daemon [_thread_blocked, id=27024, stack(0x0000008524900000,0x0000008525300000) (10240K)]
=>0x000001f25d931010 JavaThread "AWT-EventQueue-0"                  [_thread_in_native, id=25088, stack(0x0000008526700000,0x0000008527100000) (10240K)]
  0x000001f273a05390 JavaThread "AWT-Shutdown"                      [_thread_blocked, id=30864, stack(0x0000008525d00000,0x0000008526700000) (10240K)]
  0x000001f273a05a20 JavaThread "Thread-1"                          [_thread_in_native, id=6132, stack(0x000000851c200000,0x000000851d600000) (20480K)]
  0x000001f273a060b0 JavaThread "Process Messages Thread"           [_thread_blocked, id=26788, stack(0x0000008528a00000,0x0000008529400000) (10240K)]
  0x000001f273a06dd0 JavaThread "Batik CleanerThread"        daemon [_thread_blocked, id=14700, stack(0x0000008529400000,0x0000008529e00000) (10240K)]
  0x000001f25eaae700 JavaThread "SyntheticaCleanerThread"    daemon [_thread_blocked, id=22680, stack(0x0000008529e00000,0x000000852a800000) (10240K)]
  0x000001f25eaaf420 JavaThread "Timer-0"                           [_thread_blocked, id=11644, stack(0x000000852b800000,0x000000852c200000) (10240K)]
  0x000001f25eaaccc0 JavaThread "Monitor File Timestamp Swing Worker Thread"        [_thread_blocked, id=13128, stack(0x000000852c200000,0x000000852cc00000) (10240K)]
  0x000001f25eab14f0 JavaThread "Monitor HEventQueue for Sluggish Gui Thread"        [_thread_blocked, id=34676, stack(0x0000008527c00000,0x0000008528600000) (10240K)]
  0x000001f25eaae070 JavaThread "SyntheticaAnimation 50"     daemon [_thread_blocked, id=13528, stack(0x0000008527100000,0x0000008527b00000) (10240K)]
  0x000001f25eab2f30 JavaThread "SyntheticaAnimation 25"     daemon [_thread_blocked, id=31532, stack(0x000000852cc00000,0x000000852d600000) (10240K)]
  0x000001f25eab2210 JavaThread "SyntheticaAnimation 70"     daemon [_thread_blocked, id=13024, stack(0x000000852e000000,0x000000852ea00000) (10240K)]
  0x000001f25cf34670 JavaThread "Refresh Filesets Swing Worker Thread"        [_thread_blocked, id=32820, stack(0x000000852ac00000,0x000000852b600000) (10240K)]
  0x000001f25eab0140 JavaThread "hw_ila_monitor"                    [_thread_blocked, id=31340, stack(0x000000852ea00000,0x000000852f400000) (10240K)]
  0x000001f2882526f0 JavaThread "Timer-1"                           [_thread_blocked, id=33892, stack(0x0000008530800000,0x0000008531200000) (10240K)]
  0x000001f288252d80 JavaThread "Timer-2"                           [_thread_blocked, id=29796, stack(0x0000008531200000,0x0000008531c00000) (10240K)]
  0x000001f288254e50 JavaThread "Timer-3"                           [_thread_blocked, id=16560, stack(0x0000008531c00000,0x0000008532600000) (10240K)]
  0x000001f2882554e0 JavaThread "Update Runs Swing Worker Thread"        [_thread_blocked, id=33032, stack(0x0000008532600000,0x0000008533000000) (10240K)]
  0x000001f28a810010 JavaThread "Thread-34"                         [_thread_in_native, id=26980, stack(0x0000008528600000,0x0000008528700000) (1024K)]
  0x000001f28a813b20 JavaThread "Thread-35"                         [_thread_in_native, id=34528, stack(0x000000852b600000,0x000000852b700000) (1024K)]
  0x000001f28a8141b0 JavaThread "Image Animator 3"           daemon [_thread_blocked, id=964, stack(0x000000852f400000,0x000000852fe00000) (10240K)]
  0x000001f28a814840 JavaThread "Timer-4"                           [_thread_blocked, id=10536, stack(0x000000852fe00000,0x0000008530800000) (10240K)]
  0x000001f28a816fa0 JavaThread "Monitor File Timestamp Swing Worker Thread"        [_thread_blocked, id=26236, stack(0x0000008533000000,0x0000008533a00000) (10240K)]
  0x000001f28a814ed0 JavaThread "Timer-5"                           [_thread_blocked, id=32076, stack(0x0000008533a00000,0x0000008534400000) (10240K)]
  0x000001f28a815560 JavaThread "Monitor File Timestamp Swing Worker Thread"        [_thread_blocked, id=19660, stack(0x0000008534400000,0x0000008534e00000) (10240K)]
  0x000001f28a815bf0 JavaThread "SyntheticaAnimation 50"     daemon [_thread_blocked, id=26864, stack(0x0000008534e00000,0x0000008535800000) (10240K)]
  0x000001f25eab35c0 JavaThread "Timer-6"                           [_thread_blocked, id=17184, stack(0x0000008535800000,0x0000008536200000) (10240K)]
  0x000001f25eab28a0 JavaThread "Monitor File Timestamp Swing Worker Thread"        [_thread_blocked, id=28744, stack(0x0000008536200000,0x0000008536c00000) (10240K)]
  0x000001f28a816280 JavaThread "Timer-7"                           [_thread_blocked, id=2092, stack(0x0000008536c00000,0x0000008537600000) (10240K)]
  0x000001f28a816910 JavaThread "Monitor File Timestamp Swing Worker Thread"        [_thread_blocked, id=31880, stack(0x0000008537600000,0x0000008538000000) (10240K)]
  0x000001f283e1ac90 JavaThread "Swing-Shell"                daemon [_thread_blocked, id=34680, stack(0x000000852d600000,0x000000852e000000) (10240K)]
  0x000001f283e1e110 JavaThread "Thread-372"                        [_thread_in_native, id=8776, stack(0x0000008538600000,0x0000008538700000) (1024K)]
  0x000001f283e1f4c0 JavaThread "Thread-373"                        [_thread_in_native, id=26824, stack(0x0000008538800000,0x0000008538900000) (1024K)]
  0x000001f283e1fb50 JavaThread "Timer-8"                           [_thread_blocked, id=27368, stack(0x0000008539f00000,0x000000853a900000) (10240K)]
  0x000001f283e201e0 JavaThread "Monitor File Timestamp Swing Worker Thread"        [_thread_blocked, id=11580, stack(0x000000853a900000,0x000000853b300000) (10240K)]
  0x000001f28a8120e0 JavaThread "Thread-406"                        [_thread_in_native, id=23472, stack(0x0000008538000000,0x0000008538100000) (1024K)]
  0x000001f28a812770 JavaThread "Thread-407"                        [_thread_in_native, id=28860, stack(0x000000852b700000,0x000000852b800000) (1024K)]
  0x000001f28a810d30 JavaThread "Timer-10"                          [_thread_blocked, id=32004, stack(0x0000008538a00000,0x0000008539400000) (10240K)]
  0x000001f28a812e00 JavaThread "Monitor File Timestamp Swing Worker Thread"        [_thread_blocked, id=2052, stack(0x0000008539400000,0x0000008539e00000) (10240K)]
  0x000001f28a813490 JavaThread "Timer-11"                          [_thread_blocked, id=30744, stack(0x000000853c700000,0x000000853d100000) (10240K)]
  0x000001f28a817630 JavaThread "Monitor File Timestamp Swing Worker Thread"        [_thread_blocked, id=34504, stack(0x000000853d100000,0x000000853db00000) (10240K)]
  0x000001f288253410 JavaThread "Timer-12"                          [_thread_blocked, id=28508, stack(0x000000853db00000,0x000000853e500000) (10240K)]
  0x000001f288253aa0 JavaThread "Monitor File Timestamp Swing Worker Thread"        [_thread_blocked, id=31368, stack(0x000000853e500000,0x000000853ef00000) (10240K)]
  0x000001f288254130 JavaThread "Timer-13"                          [_thread_blocked, id=11460, stack(0x000000853ef00000,0x000000853f900000) (10240K)]
  0x000001f2882547c0 JavaThread "Monitor File Timestamp Swing Worker Thread"        [_thread_blocked, id=15392, stack(0x000000853f900000,0x0000008540300000) (10240K)]
  0x000001f25eaac630 JavaThread "Thread-1165"                       [_thread_in_native, id=26860, stack(0x000000851bd00000,0x000000851be00000) (1024K)]
  0x000001f25eab0e60 JavaThread "Thread-1166"                       [_thread_in_native, id=7472, stack(0x000000851bf00000,0x000000851c000000) (1024K)]
  0x000001f28cbf0d50 JavaThread "Timer-14"                          [_thread_blocked, id=34812, stack(0x0000008538000000,0x0000008538a00000) (10240K)]
  0x000001f28cbee5f0 JavaThread "Monitor File Timestamp Swing Worker Thread"        [_thread_blocked, id=15760, stack(0x0000008540300000,0x0000008540d00000) (10240K)]
  0x000001f28cbef9a0 JavaThread "Thread-2233"                       [_thread_in_native, id=3248, stack(0x000000851bd00000,0x000000851be00000) (1024K)]
  0x000001f28cbed240 JavaThread "Thread-2234"                       [_thread_in_native, id=25028, stack(0x000000851be00000,0x000000851bf00000) (1024K)]
  0x000001f28cbf4ef0 JavaThread "Thread-2814"                       [_thread_in_native, id=31148, stack(0x000000851bd00000,0x000000851be00000) (1024K)]
  0x000001f28cbf5580 JavaThread "Thread-2815"                       [_thread_in_native, id=32684, stack(0x000000851be00000,0x000000851bf00000) (1024K)]
  0x000001f283e1a600 JavaThread "Thread-3091"                       [_thread_in_native, id=15856, stack(0x000000851bd00000,0x000000851be00000) (1024K)]
  0x000001f283e1ee30 JavaThread "Thread-3097"                       [_thread_in_native, id=25108, stack(0x000000851be00000,0x000000851bf00000) (1024K)]
  0x000001f28cbf2e20 JavaThread "Thread-3641"                       [_thread_in_native, id=28520, stack(0x000000851be00000,0x000000851bf00000) (1024K)]
  0x000001f28cbf41d0 JavaThread "Thread-3642"                       [_thread_in_native, id=28892, stack(0x000000851bd00000,0x000000851be00000) (1024K)]
  0x000001f28cbf3b40 JavaThread "Timer-17"                          [_thread_blocked, id=30492, stack(0x000000853bd00000,0x000000853c700000) (10240K)]
  0x000001f28cbf2790 JavaThread "Monitor File Timestamp Swing Worker Thread"        [_thread_blocked, id=14276, stack(0x0000008540d00000,0x0000008541700000) (10240K)]
  0x000001f283e20870 JavaThread "Timer-18"                          [_thread_blocked, id=4256, stack(0x000000853b300000,0x000000853bd00000) (10240K)]
  0x000001f283e21590 JavaThread "Monitor File Timestamp Swing Worker Thread"        [_thread_blocked, id=30860, stack(0x0000008542100000,0x0000008542b00000) (10240K)]
  0x000001f288d27500 JavaThread "Thread-4045"                       [_thread_in_native, id=19664, stack(0x000000851be00000,0x000000851bf00000) (1024K)]
  0x000001f288d267e0 JavaThread "Thread-4155"                       [_thread_in_native, id=1344, stack(0x000000851d700000,0x000000851d800000) (1024K)]
  0x000001f288d26e70 JavaThread "Thread-5060"                       [_thread_in_native, id=26444, stack(0x000000852ab00000,0x000000852ac00000) (1024K)]
  0x000001f288d24da0 JavaThread "Thread-5061"                       [_thread_in_native, id=29964, stack(0x000000852a900000,0x000000852aa00000) (1024K)]
  0x000001f283e1da80 JavaThread "Thread-7746"                       [_thread_in_native, id=25044, stack(0x000000852a900000,0x000000852aa00000) (1024K)]
  0x000001f283e1c6d0 JavaThread "Thread-7747"                       [_thread_in_native, id=18904, stack(0x000000852ab00000,0x000000852ac00000) (1024K)]
  0x000001f283e1b9b0 JavaThread "Thread-7796"                       [_thread_in_native, id=17500, stack(0x000000851bf00000,0x000000851c000000) (1024K)]
  0x000001f288d24080 JavaThread "Thread-8774"                       [_thread_in_native, id=22456, stack(0x000000852a900000,0x000000852aa00000) (1024K)]
  0x000001f288d2bd30 JavaThread "Thread-8775"                       [_thread_in_native, id=24752, stack(0x000000851bf00000,0x000000851c000000) (1024K)]
  0x000001f288d26150 JavaThread "Thread-21022"                      [_thread_in_native, id=25944, stack(0x000000852b700000,0x000000852b800000) (1024K)]
  0x000001f288d27b90 JavaThread "Thread-21023"                      [_thread_in_native, id=31812, stack(0x000000852a900000,0x000000852aa00000) (1024K)]
  0x000001f288d28220 JavaThread "Timer-19"                          [_thread_blocked, id=33864, stack(0x0000008541700000,0x0000008542100000) (10240K)]
  0x000001f288d25430 JavaThread "Monitor File Timestamp Swing Worker Thread"        [_thread_blocked, id=17344, stack(0x0000008543500000,0x0000008543f00000) (10240K)]
  0x000001f25eab07d0 JavaThread "Thread-23999"                      [_thread_in_native, id=25872, stack(0x000000852ab00000,0x000000852ac00000) (1024K)]
  0x000001f25eaad9e0 JavaThread "Thread-24000"                      [_thread_in_native, id=25640, stack(0x000000852b600000,0x000000852b700000) (1024K)]
  0x000001f288d2b6a0 JavaThread "Timer-24"                          [_thread_blocked, id=11076, stack(0x0000008544900000,0x0000008545300000) (10240K)]
  0x000001f25cf311f0 JavaThread "Monitor File Timestamp Swing Worker Thread"        [_thread_blocked, id=26584, stack(0x0000008545300000,0x0000008545d00000) (10240K)]
  0x000001f299685aa0 JavaThread "Thread-28946"                      [_thread_in_native, id=8632, stack(0x000000851d700000,0x000000851d800000) (1024K)]
  0x000001f2996846f0 JavaThread "Thread-28947"                      [_thread_in_native, id=36204, stack(0x000000851d800000,0x000000851d900000) (1024K)]
  0x000001f299684060 JavaThread "Thread-29332"                      [_thread_in_native, id=35844, stack(0x000000851bf00000,0x000000851c000000) (1024K)]
  0x000001f2996874e0 JavaThread "Thread-29333"                      [_thread_in_native, id=19056, stack(0x000000851bd00000,0x000000851be00000) (1024K)]
  0x000001f299685410 JavaThread "Thread-29477"                      [_thread_in_native, id=5580, stack(0x000000851bd00000,0x000000851be00000) (1024K)]
  0x000001f2996839d0 JavaThread "Thread-29478"                      [_thread_in_native, id=33580, stack(0x000000851bf00000,0x000000851c000000) (1024K)]
  0x000001f299686e50 JavaThread "Thread-30174"                      [_thread_in_native, id=11552, stack(0x000000851bf00000,0x000000851c000000) (1024K)]
  0x000001f299688200 JavaThread "Thread-30175"                      [_thread_in_native, id=3124, stack(0x000000851bd00000,0x000000851be00000) (1024K)]
  0x000001f299686130 JavaThread "Code Inspector Thread"             [_thread_in_native, id=7660, stack(0x0000008543f00000,0x0000008544900000) (10240K)]
Total: 102

Other Threads:
  0x000001f26d02e4d0 VMThread "VM Thread"                           [id=20280, stack(0x000000851e200000,0x000000851e300000) (1024K)]
  0x000001f26d0343d0 WatcherThread "VM Periodic Task Thread"        [id=19072, stack(0x000000851e100000,0x000000851e200000) (1024K)]
  0x000001f26d02c7d0 WorkerThread "GC Thread#0"                     [id=2504, stack(0x000000851dc00000,0x000000851dd00000) (1024K)]
  0x000001f26d02dd90 WorkerThread "GC Thread#1"                     [id=12492, stack(0x0000008528700000,0x0000008528800000) (1024K)]
  0x000001f26d02f6f0 WorkerThread "GC Thread#2"                     [id=26760, stack(0x0000008528800000,0x0000008528900000) (1024K)]
  0x000001f26d02e130 WorkerThread "GC Thread#3"                     [id=20680, stack(0x0000008528900000,0x0000008528a00000) (1024K)]
  0x000001f2748ed540 ConcurrentGCThread "G1 Main Marker"            [id=32332, stack(0x000000851dd00000,0x000000851de00000) (1024K)]
  0x000001f26d02d2b0 WorkerThread "G1 Conc#0"                       [id=20160, stack(0x000000851de00000,0x000000851df00000) (1024K)]
  0x000001f274a4d790 ConcurrentGCThread "G1 Refine#0"               [id=33696, stack(0x000000851df00000,0x000000851e000000) (1024K)]
  0x000001f2734fd550 ConcurrentGCThread "G1 Service"                [id=1168, stack(0x000000851e000000,0x000000851e100000) (1024K)]
Total: 10

Threads with active compile tasks:
Total: 0

VM state: not at safepoint (normal execution)

VM Mutex/Monitor currently owned by a thread: None

Heap address: 0x0000000680000000, size: 6144 MB, Compressed Oops mode: Zero based, Oop shift amount: 3

CDS archive(s) mapped at: [0x000001f217000000-0x000001f217c80000-0x000001f217c80000), size 13107200, SharedBaseAddress: 0x000001f217000000, ArchiveRelocationMode: 1.
Compressed class space mapped at: 0x000001f218000000-0x000001f258000000, reserved size: 1073741824
Narrow klass base: 0x000001f217000000, Narrow klass shift: 0, Narrow klass range: 0x100000000

GC Precious Log:
 CardTable entry size: 512
 Card Set container configuration: InlinePtr #cards 4 size 8 Array Of Cards #cards 32 size 80 Howl #buckets 8 coarsen threshold 7372 Howl Bitmap #cards 1024 size 144 coarsen threshold 921 Card regions per heap region 1 cards per card region 8192
 CPUs: 12 total, 12 available
 Memory: 16024M
 Large Page Support: Disabled
 NUMA Support: Disabled
 Compressed Oops: Enabled (Zero based)
 Heap Region Size: 4M
 Heap Min Capacity: 812M
 Heap Initial Capacity: 812M
 Heap Max Capacity: 6G
 Pre-touch: Disabled
 Parallel Workers: 4
 Concurrent Workers: 1
 Concurrent Refinement Workers: 4
 Periodic GC: Disabled
 String Deduplication is enabled

Heap:
 garbage-first heap   total 831488K, used 134557K [0x0000000680000000, 0x0000000800000000)
  region size 4096K, 2 young (8192K), 1 survivors (4096K)
 Metaspace       used 96602K, committed 97408K, reserved 1179648K
  class space    used 12563K, committed 13056K, reserved 1048576K

Heap Regions: E=young(eden), S=young(survivor), O=old, HS=humongous(starts), HC=humongous(continues), CS=collection set, F=free, TAMS=top-at-mark-start, PB=parsable bottom
|   0|0x0000000680000000, 0x00000006803fceb8, 0x0000000680400000| 99%| O|  |TAMS 0x0000000680000000| PB 0x0000000680000000| Untracked 
|   1|0x0000000680400000, 0x00000006807f9038, 0x0000000680800000| 99%| O|  |TAMS 0x0000000680400000| PB 0x0000000680400000| Untracked 
|   2|0x0000000680800000, 0x0000000680bffff0, 0x0000000680c00000| 99%| O|  |TAMS 0x0000000680800000| PB 0x0000000680800000| Untracked 
|   3|0x0000000680c00000, 0x0000000680fffff0, 0x0000000681000000| 99%| O|  |TAMS 0x0000000680c00000| PB 0x0000000680c00000| Untracked 
|   4|0x0000000681000000, 0x0000000681400000, 0x0000000681400000|100%| O|  |TAMS 0x0000000681000000| PB 0x0000000681000000| Untracked 
|   5|0x0000000681400000, 0x0000000681800000, 0x0000000681800000|100%| O|  |TAMS 0x0000000681400000| PB 0x0000000681400000| Untracked 
|   6|0x0000000681800000, 0x0000000681c00000, 0x0000000681c00000|100%| O|  |TAMS 0x0000000681800000| PB 0x0000000681800000| Untracked 
|   7|0x0000000681c00000, 0x0000000681fffff8, 0x0000000682000000| 99%| O|  |TAMS 0x0000000681c00000| PB 0x0000000681c00000| Untracked 
|   8|0x0000000682000000, 0x00000006823ffcc8, 0x0000000682400000| 99%| O|  |TAMS 0x0000000682000000| PB 0x0000000682000000| Untracked 
|   9|0x0000000682400000, 0x00000006827ff580, 0x0000000682800000| 99%| O|  |TAMS 0x0000000682400000| PB 0x0000000682400000| Untracked 
|  10|0x0000000682800000, 0x0000000682bffff0, 0x0000000682c00000| 99%| O|  |TAMS 0x0000000682800000| PB 0x0000000682800000| Untracked 
|  11|0x0000000682c00000, 0x0000000682ffe5c0, 0x0000000683000000| 99%| O|  |TAMS 0x0000000682c00000| PB 0x0000000682c00000| Untracked 
|  12|0x0000000683000000, 0x00000006833fff90, 0x0000000683400000| 99%| O|  |TAMS 0x0000000683000000| PB 0x0000000683000000| Untracked 
|  13|0x0000000683400000, 0x0000000683800000, 0x0000000683800000|100%| O|  |TAMS 0x0000000683400000| PB 0x0000000683400000| Untracked 
|  14|0x0000000683800000, 0x0000000683c00000, 0x0000000683c00000|100%| O|  |TAMS 0x0000000683800000| PB 0x0000000683800000| Untracked 
|  15|0x0000000683c00000, 0x0000000683ffffe0, 0x0000000684000000| 99%| O|  |TAMS 0x0000000683c00000| PB 0x0000000683c00000| Untracked 
|  16|0x0000000684000000, 0x00000006843ffff0, 0x0000000684400000| 99%| O|  |TAMS 0x0000000684000000| PB 0x0000000684000000| Untracked 
|  17|0x0000000684400000, 0x00000006847fff28, 0x0000000684800000| 99%| O|  |TAMS 0x0000000684400000| PB 0x0000000684400000| Untracked 
|  18|0x0000000684800000, 0x0000000684c00000, 0x0000000684c00000|100%| O|  |TAMS 0x0000000684800000| PB 0x0000000684800000| Untracked 
|  19|0x0000000684c00000, 0x0000000684fffff0, 0x0000000685000000| 99%| O|  |TAMS 0x0000000684c00000| PB 0x0000000684c00000| Untracked 
|  20|0x0000000685000000, 0x00000006853fff20, 0x0000000685400000| 99%| O|  |TAMS 0x0000000685000000| PB 0x0000000685000000| Untracked 
|  21|0x0000000685400000, 0x00000006857ffed8, 0x0000000685800000| 99%| O|  |TAMS 0x0000000685400000| PB 0x0000000685400000| Untracked 
|  22|0x0000000685800000, 0x0000000685bffea0, 0x0000000685c00000| 99%| O|  |TAMS 0x0000000685800000| PB 0x0000000685800000| Untracked 
|  23|0x0000000685c00000, 0x0000000685fffff8, 0x0000000686000000| 99%| O|  |TAMS 0x0000000685c00000| PB 0x0000000685c00000| Untracked 
|  24|0x0000000686000000, 0x00000006863fff58, 0x0000000686400000| 99%| O|  |TAMS 0x0000000686000000| PB 0x0000000686000000| Untracked 
|  25|0x0000000686400000, 0x00000006867fffc8, 0x0000000686800000| 99%| O|  |TAMS 0x0000000686400000| PB 0x0000000686400000| Untracked 
|  26|0x0000000686800000, 0x0000000686ac52c8, 0x0000000686c00000| 69%| O|  |TAMS 0x0000000686800000| PB 0x0000000686800000| Untracked 
|  27|0x0000000686c00000, 0x0000000686fffff0, 0x0000000687000000| 99%| O|  |TAMS 0x0000000686c00000| PB 0x0000000686c00000| Untracked 
|  28|0x0000000687000000, 0x000000068727dab8, 0x0000000687400000| 62%| O|  |TAMS 0x0000000687000000| PB 0x0000000687000000| Untracked 
|  29|0x0000000687400000, 0x00000006877d9970, 0x0000000687800000| 96%| O|  |TAMS 0x0000000687400000| PB 0x0000000687400000| Untracked 
|  30|0x0000000687800000, 0x0000000687808298, 0x0000000687c00000|  0%| O|  |TAMS 0x0000000687800000| PB 0x0000000687800000| Untracked 
|  31|0x0000000687c00000, 0x0000000688000000, 0x0000000688000000|100%|HS|  |TAMS 0x0000000687c00000| PB 0x0000000687c00000| Untracked 
|  32|0x0000000688000000, 0x0000000688089c18, 0x0000000688400000| 13%| O|  |TAMS 0x0000000688000000| PB 0x0000000688000000| Untracked 
|  33|0x0000000688400000, 0x0000000688800000, 0x0000000688800000|100%|HS|  |TAMS 0x0000000688400000| PB 0x0000000688400000| Untracked 
|  34|0x0000000688800000, 0x0000000688c00000, 0x0000000688c00000|100%|HC|  |TAMS 0x0000000688800000| PB 0x0000000688800000| Untracked 
|  35|0x0000000688c00000, 0x0000000688c00000, 0x0000000689000000|  0%| F|  |TAMS 0x0000000688c00000| PB 0x0000000688c00000| Untracked 
|  36|0x0000000689000000, 0x0000000689000000, 0x0000000689400000|  0%| F|  |TAMS 0x0000000689000000| PB 0x0000000689000000| Untracked 
|  37|0x0000000689400000, 0x0000000689400000, 0x0000000689800000|  0%| F|  |TAMS 0x0000000689400000| PB 0x0000000689400000| Untracked 
|  38|0x0000000689800000, 0x0000000689800000, 0x0000000689c00000|  0%| F|  |TAMS 0x0000000689800000| PB 0x0000000689800000| Untracked 
|  39|0x0000000689c00000, 0x0000000689c00000, 0x000000068a000000|  0%| F|  |TAMS 0x0000000689c00000| PB 0x0000000689c00000| Untracked 
|  40|0x000000068a000000, 0x000000068a000000, 0x000000068a400000|  0%| F|  |TAMS 0x000000068a000000| PB 0x000000068a000000| Untracked 
|  41|0x000000068a400000, 0x000000068a400000, 0x000000068a800000|  0%| F|  |TAMS 0x000000068a400000| PB 0x000000068a400000| Untracked 
|  42|0x000000068a800000, 0x000000068a800000, 0x000000068ac00000|  0%| F|  |TAMS 0x000000068a800000| PB 0x000000068a800000| Untracked 
|  43|0x000000068ac00000, 0x000000068ac00000, 0x000000068b000000|  0%| F|  |TAMS 0x000000068ac00000| PB 0x000000068ac00000| Untracked 
|  44|0x000000068b000000, 0x000000068b000000, 0x000000068b400000|  0%| F|  |TAMS 0x000000068b000000| PB 0x000000068b000000| Untracked 
|  45|0x000000068b400000, 0x000000068b400000, 0x000000068b800000|  0%| F|  |TAMS 0x000000068b400000| PB 0x000000068b400000| Untracked 
|  46|0x000000068b800000, 0x000000068b800000, 0x000000068bc00000|  0%| F|  |TAMS 0x000000068b800000| PB 0x000000068b800000| Untracked 
|  47|0x000000068bc00000, 0x000000068bc00000, 0x000000068c000000|  0%| F|  |TAMS 0x000000068bc00000| PB 0x000000068bc00000| Untracked 
|  48|0x000000068c000000, 0x000000068c000000, 0x000000068c400000|  0%| F|  |TAMS 0x000000068c000000| PB 0x000000068c000000| Untracked 
|  49|0x000000068c400000, 0x000000068c400000, 0x000000068c800000|  0%| F|  |TAMS 0x000000068c400000| PB 0x000000068c400000| Untracked 
|  50|0x000000068c800000, 0x000000068c800000, 0x000000068cc00000|  0%| F|  |TAMS 0x000000068c800000| PB 0x000000068c800000| Untracked 
|  51|0x000000068cc00000, 0x000000068cc00000, 0x000000068d000000|  0%| F|  |TAMS 0x000000068cc00000| PB 0x000000068cc00000| Untracked 
|  52|0x000000068d000000, 0x000000068d000000, 0x000000068d400000|  0%| F|  |TAMS 0x000000068d000000| PB 0x000000068d000000| Untracked 
|  53|0x000000068d400000, 0x000000068d400000, 0x000000068d800000|  0%| F|  |TAMS 0x000000068d400000| PB 0x000000068d400000| Untracked 
|  54|0x000000068d800000, 0x000000068d800000, 0x000000068dc00000|  0%| F|  |TAMS 0x000000068d800000| PB 0x000000068d800000| Untracked 
|  55|0x000000068dc00000, 0x000000068dc00000, 0x000000068e000000|  0%| F|  |TAMS 0x000000068dc00000| PB 0x000000068dc00000| Untracked 
|  56|0x000000068e000000, 0x000000068e000000, 0x000000068e400000|  0%| F|  |TAMS 0x000000068e000000| PB 0x000000068e000000| Untracked 
|  57|0x000000068e400000, 0x000000068e400000, 0x000000068e800000|  0%| F|  |TAMS 0x000000068e400000| PB 0x000000068e400000| Untracked 
|  58|0x000000068e800000, 0x000000068e800000, 0x000000068ec00000|  0%| F|  |TAMS 0x000000068e800000| PB 0x000000068e800000| Untracked 
|  59|0x000000068ec00000, 0x000000068ec00000, 0x000000068f000000|  0%| F|  |TAMS 0x000000068ec00000| PB 0x000000068ec00000| Untracked 
|  60|0x000000068f000000, 0x000000068f000000, 0x000000068f400000|  0%| F|  |TAMS 0x000000068f000000| PB 0x000000068f000000| Untracked 
|  61|0x000000068f400000, 0x000000068f400000, 0x000000068f800000|  0%| F|  |TAMS 0x000000068f400000| PB 0x000000068f400000| Untracked 
|  62|0x000000068f800000, 0x000000068f800000, 0x000000068fc00000|  0%| F|  |TAMS 0x000000068f800000| PB 0x000000068f800000| Untracked 
|  63|0x000000068fc00000, 0x000000068fc00000, 0x0000000690000000|  0%| F|  |TAMS 0x000000068fc00000| PB 0x000000068fc00000| Untracked 
|  64|0x0000000690000000, 0x0000000690000000, 0x0000000690400000|  0%| F|  |TAMS 0x0000000690000000| PB 0x0000000690000000| Untracked 
|  65|0x0000000690400000, 0x0000000690400000, 0x0000000690800000|  0%| F|  |TAMS 0x0000000690400000| PB 0x0000000690400000| Untracked 
|  66|0x0000000690800000, 0x0000000690800000, 0x0000000690c00000|  0%| F|  |TAMS 0x0000000690800000| PB 0x0000000690800000| Untracked 
|  67|0x0000000690c00000, 0x0000000690c00000, 0x0000000691000000|  0%| F|  |TAMS 0x0000000690c00000| PB 0x0000000690c00000| Untracked 
|  68|0x0000000691000000, 0x0000000691000000, 0x0000000691400000|  0%| F|  |TAMS 0x0000000691000000| PB 0x0000000691000000| Untracked 
|  69|0x0000000691400000, 0x0000000691400000, 0x0000000691800000|  0%| F|  |TAMS 0x0000000691400000| PB 0x0000000691400000| Untracked 
|  70|0x0000000691800000, 0x0000000691800000, 0x0000000691c00000|  0%| F|  |TAMS 0x0000000691800000| PB 0x0000000691800000| Untracked 
|  71|0x0000000691c00000, 0x0000000691c00000, 0x0000000692000000|  0%| F|  |TAMS 0x0000000691c00000| PB 0x0000000691c00000| Untracked 
|  72|0x0000000692000000, 0x0000000692000000, 0x0000000692400000|  0%| F|  |TAMS 0x0000000692000000| PB 0x0000000692000000| Untracked 
|  73|0x0000000692400000, 0x0000000692400000, 0x0000000692800000|  0%| F|  |TAMS 0x0000000692400000| PB 0x0000000692400000| Untracked 
|  74|0x0000000692800000, 0x0000000692800000, 0x0000000692c00000|  0%| F|  |TAMS 0x0000000692800000| PB 0x0000000692800000| Untracked 
|  75|0x0000000692c00000, 0x0000000692c00000, 0x0000000693000000|  0%| F|  |TAMS 0x0000000692c00000| PB 0x0000000692c00000| Untracked 
|  76|0x0000000693000000, 0x0000000693000000, 0x0000000693400000|  0%| F|  |TAMS 0x0000000693000000| PB 0x0000000693000000| Untracked 
|  77|0x0000000693400000, 0x0000000693400000, 0x0000000693800000|  0%| F|  |TAMS 0x0000000693400000| PB 0x0000000693400000| Untracked 
|  78|0x0000000693800000, 0x0000000693800000, 0x0000000693c00000|  0%| F|  |TAMS 0x0000000693800000| PB 0x0000000693800000| Untracked 
|  79|0x0000000693c00000, 0x0000000693c00000, 0x0000000694000000|  0%| F|  |TAMS 0x0000000693c00000| PB 0x0000000693c00000| Untracked 
|  80|0x0000000694000000, 0x0000000694000000, 0x0000000694400000|  0%| F|  |TAMS 0x0000000694000000| PB 0x0000000694000000| Untracked 
|  81|0x0000000694400000, 0x0000000694400000, 0x0000000694800000|  0%| F|  |TAMS 0x0000000694400000| PB 0x0000000694400000| Untracked 
|  82|0x0000000694800000, 0x0000000694800000, 0x0000000694c00000|  0%| F|  |TAMS 0x0000000694800000| PB 0x0000000694800000| Untracked 
|  83|0x0000000694c00000, 0x0000000694c00000, 0x0000000695000000|  0%| F|  |TAMS 0x0000000694c00000| PB 0x0000000694c00000| Untracked 
|  84|0x0000000695000000, 0x0000000695000000, 0x0000000695400000|  0%| F|  |TAMS 0x0000000695000000| PB 0x0000000695000000| Untracked 
|  85|0x0000000695400000, 0x0000000695400000, 0x0000000695800000|  0%| F|  |TAMS 0x0000000695400000| PB 0x0000000695400000| Untracked 
|  86|0x0000000695800000, 0x0000000695800000, 0x0000000695c00000|  0%| F|  |TAMS 0x0000000695800000| PB 0x0000000695800000| Untracked 
|  87|0x0000000695c00000, 0x0000000695c00000, 0x0000000696000000|  0%| F|  |TAMS 0x0000000695c00000| PB 0x0000000695c00000| Untracked 
|  88|0x0000000696000000, 0x0000000696000000, 0x0000000696400000|  0%| F|  |TAMS 0x0000000696000000| PB 0x0000000696000000| Untracked 
|  89|0x0000000696400000, 0x0000000696400000, 0x0000000696800000|  0%| F|  |TAMS 0x0000000696400000| PB 0x0000000696400000| Untracked 
|  90|0x0000000696800000, 0x0000000696800000, 0x0000000696c00000|  0%| F|  |TAMS 0x0000000696800000| PB 0x0000000696800000| Untracked 
|  91|0x0000000696c00000, 0x0000000696c00000, 0x0000000697000000|  0%| F|  |TAMS 0x0000000696c00000| PB 0x0000000696c00000| Untracked 
|  92|0x0000000697000000, 0x0000000697000000, 0x0000000697400000|  0%| F|  |TAMS 0x0000000697000000| PB 0x0000000697000000| Untracked 
|  93|0x0000000697400000, 0x0000000697400000, 0x0000000697800000|  0%| F|  |TAMS 0x0000000697400000| PB 0x0000000697400000| Untracked 
|  94|0x0000000697800000, 0x0000000697800000, 0x0000000697c00000|  0%| F|  |TAMS 0x0000000697800000| PB 0x0000000697800000| Untracked 
|  95|0x0000000697c00000, 0x0000000697c00000, 0x0000000698000000|  0%| F|  |TAMS 0x0000000697c00000| PB 0x0000000697c00000| Untracked 
|  96|0x0000000698000000, 0x0000000698000000, 0x0000000698400000|  0%| F|  |TAMS 0x0000000698000000| PB 0x0000000698000000| Untracked 
|  97|0x0000000698400000, 0x0000000698400000, 0x0000000698800000|  0%| F|  |TAMS 0x0000000698400000| PB 0x0000000698400000| Untracked 
|  98|0x0000000698800000, 0x0000000698800000, 0x0000000698c00000|  0%| F|  |TAMS 0x0000000698800000| PB 0x0000000698800000| Untracked 
|  99|0x0000000698c00000, 0x0000000698c00000, 0x0000000699000000|  0%| F|  |TAMS 0x0000000698c00000| PB 0x0000000698c00000| Untracked 
| 100|0x0000000699000000, 0x0000000699000000, 0x0000000699400000|  0%| F|  |TAMS 0x0000000699000000| PB 0x0000000699000000| Untracked 
| 101|0x0000000699400000, 0x0000000699400000, 0x0000000699800000|  0%| F|  |TAMS 0x0000000699400000| PB 0x0000000699400000| Untracked 
| 102|0x0000000699800000, 0x0000000699800000, 0x0000000699c00000|  0%| F|  |TAMS 0x0000000699800000| PB 0x0000000699800000| Untracked 
| 103|0x0000000699c00000, 0x0000000699c00000, 0x000000069a000000|  0%| F|  |TAMS 0x0000000699c00000| PB 0x0000000699c00000| Untracked 
| 104|0x000000069a000000, 0x000000069a000000, 0x000000069a400000|  0%| F|  |TAMS 0x000000069a000000| PB 0x000000069a000000| Untracked 
| 105|0x000000069a400000, 0x000000069a400000, 0x000000069a800000|  0%| F|  |TAMS 0x000000069a400000| PB 0x000000069a400000| Untracked 
| 106|0x000000069a800000, 0x000000069a800000, 0x000000069ac00000|  0%| F|  |TAMS 0x000000069a800000| PB 0x000000069a800000| Untracked 
| 107|0x000000069ac00000, 0x000000069ac00000, 0x000000069b000000|  0%| F|  |TAMS 0x000000069ac00000| PB 0x000000069ac00000| Untracked 
| 108|0x000000069b000000, 0x000000069b000000, 0x000000069b400000|  0%| F|  |TAMS 0x000000069b000000| PB 0x000000069b000000| Untracked 
| 109|0x000000069b400000, 0x000000069b400000, 0x000000069b800000|  0%| F|  |TAMS 0x000000069b400000| PB 0x000000069b400000| Untracked 
| 110|0x000000069b800000, 0x000000069b800000, 0x000000069bc00000|  0%| F|  |TAMS 0x000000069b800000| PB 0x000000069b800000| Untracked 
| 111|0x000000069bc00000, 0x000000069bc00000, 0x000000069c000000|  0%| F|  |TAMS 0x000000069bc00000| PB 0x000000069bc00000| Untracked 
| 112|0x000000069c000000, 0x000000069c000000, 0x000000069c400000|  0%| F|  |TAMS 0x000000069c000000| PB 0x000000069c000000| Untracked 
| 113|0x000000069c400000, 0x000000069c400000, 0x000000069c800000|  0%| F|  |TAMS 0x000000069c400000| PB 0x000000069c400000| Untracked 
| 114|0x000000069c800000, 0x000000069c800000, 0x000000069cc00000|  0%| F|  |TAMS 0x000000069c800000| PB 0x000000069c800000| Untracked 
| 115|0x000000069cc00000, 0x000000069cc00000, 0x000000069d000000|  0%| F|  |TAMS 0x000000069cc00000| PB 0x000000069cc00000| Untracked 
| 116|0x000000069d000000, 0x000000069d000000, 0x000000069d400000|  0%| F|  |TAMS 0x000000069d000000| PB 0x000000069d000000| Untracked 
| 117|0x000000069d400000, 0x000000069d400000, 0x000000069d800000|  0%| F|  |TAMS 0x000000069d400000| PB 0x000000069d400000| Untracked 
| 118|0x000000069d800000, 0x000000069d800000, 0x000000069dc00000|  0%| F|  |TAMS 0x000000069d800000| PB 0x000000069d800000| Untracked 
| 119|0x000000069dc00000, 0x000000069dc00000, 0x000000069e000000|  0%| F|  |TAMS 0x000000069dc00000| PB 0x000000069dc00000| Untracked 
| 120|0x000000069e000000, 0x000000069e000000, 0x000000069e400000|  0%| F|  |TAMS 0x000000069e000000| PB 0x000000069e000000| Untracked 
| 121|0x000000069e400000, 0x000000069e400000, 0x000000069e800000|  0%| F|  |TAMS 0x000000069e400000| PB 0x000000069e400000| Untracked 
| 122|0x000000069e800000, 0x000000069e800000, 0x000000069ec00000|  0%| F|  |TAMS 0x000000069e800000| PB 0x000000069e800000| Untracked 
| 123|0x000000069ec00000, 0x000000069ec00000, 0x000000069f000000|  0%| F|  |TAMS 0x000000069ec00000| PB 0x000000069ec00000| Untracked 
| 124|0x000000069f000000, 0x000000069f000000, 0x000000069f400000|  0%| F|  |TAMS 0x000000069f000000| PB 0x000000069f000000| Untracked 
| 125|0x000000069f400000, 0x000000069f400000, 0x000000069f800000|  0%| F|  |TAMS 0x000000069f400000| PB 0x000000069f400000| Untracked 
| 126|0x000000069f800000, 0x000000069f800000, 0x000000069fc00000|  0%| F|  |TAMS 0x000000069f800000| PB 0x000000069f800000| Untracked 
| 127|0x000000069fc00000, 0x000000069fc00000, 0x00000006a0000000|  0%| F|  |TAMS 0x000000069fc00000| PB 0x000000069fc00000| Untracked 
| 128|0x00000006a0000000, 0x00000006a0000000, 0x00000006a0400000|  0%| F|  |TAMS 0x00000006a0000000| PB 0x00000006a0000000| Untracked 
| 129|0x00000006a0400000, 0x00000006a0400000, 0x00000006a0800000|  0%| F|  |TAMS 0x00000006a0400000| PB 0x00000006a0400000| Untracked 
| 130|0x00000006a0800000, 0x00000006a0800000, 0x00000006a0c00000|  0%| F|  |TAMS 0x00000006a0800000| PB 0x00000006a0800000| Untracked 
| 131|0x00000006a0c00000, 0x00000006a0c00000, 0x00000006a1000000|  0%| F|  |TAMS 0x00000006a0c00000| PB 0x00000006a0c00000| Untracked 
| 132|0x00000006a1000000, 0x00000006a1000000, 0x00000006a1400000|  0%| F|  |TAMS 0x00000006a1000000| PB 0x00000006a1000000| Untracked 
| 133|0x00000006a1400000, 0x00000006a1400000, 0x00000006a1800000|  0%| F|  |TAMS 0x00000006a1400000| PB 0x00000006a1400000| Untracked 
| 134|0x00000006a1800000, 0x00000006a1800000, 0x00000006a1c00000|  0%| F|  |TAMS 0x00000006a1800000| PB 0x00000006a1800000| Untracked 
| 135|0x00000006a1c00000, 0x00000006a1c00000, 0x00000006a2000000|  0%| F|  |TAMS 0x00000006a1c00000| PB 0x00000006a1c00000| Untracked 
| 136|0x00000006a2000000, 0x00000006a2000000, 0x00000006a2400000|  0%| F|  |TAMS 0x00000006a2000000| PB 0x00000006a2000000| Untracked 
| 137|0x00000006a2400000, 0x00000006a2400000, 0x00000006a2800000|  0%| F|  |TAMS 0x00000006a2400000| PB 0x00000006a2400000| Untracked 
| 138|0x00000006a2800000, 0x00000006a2800000, 0x00000006a2c00000|  0%| F|  |TAMS 0x00000006a2800000| PB 0x00000006a2800000| Untracked 
| 139|0x00000006a2c00000, 0x00000006a2c00000, 0x00000006a3000000|  0%| F|  |TAMS 0x00000006a2c00000| PB 0x00000006a2c00000| Untracked 
| 140|0x00000006a3000000, 0x00000006a3000000, 0x00000006a3400000|  0%| F|  |TAMS 0x00000006a3000000| PB 0x00000006a3000000| Untracked 
| 141|0x00000006a3400000, 0x00000006a3400000, 0x00000006a3800000|  0%| F|  |TAMS 0x00000006a3400000| PB 0x00000006a3400000| Untracked 
| 142|0x00000006a3800000, 0x00000006a3800000, 0x00000006a3c00000|  0%| F|  |TAMS 0x00000006a3800000| PB 0x00000006a3800000| Untracked 
| 143|0x00000006a3c00000, 0x00000006a3c00000, 0x00000006a4000000|  0%| F|  |TAMS 0x00000006a3c00000| PB 0x00000006a3c00000| Untracked 
| 144|0x00000006a4000000, 0x00000006a4000000, 0x00000006a4400000|  0%| F|  |TAMS 0x00000006a4000000| PB 0x00000006a4000000| Untracked 
| 145|0x00000006a4400000, 0x00000006a4400000, 0x00000006a4800000|  0%| F|  |TAMS 0x00000006a4400000| PB 0x00000006a4400000| Untracked 
| 146|0x00000006a4800000, 0x00000006a4800000, 0x00000006a4c00000|  0%| F|  |TAMS 0x00000006a4800000| PB 0x00000006a4800000| Untracked 
| 147|0x00000006a4c00000, 0x00000006a4c00000, 0x00000006a5000000|  0%| F|  |TAMS 0x00000006a4c00000| PB 0x00000006a4c00000| Untracked 
| 148|0x00000006a5000000, 0x00000006a5000000, 0x00000006a5400000|  0%| F|  |TAMS 0x00000006a5000000| PB 0x00000006a5000000| Untracked 
| 149|0x00000006a5400000, 0x00000006a5400000, 0x00000006a5800000|  0%| F|  |TAMS 0x00000006a5400000| PB 0x00000006a5400000| Untracked 
| 150|0x00000006a5800000, 0x00000006a5800000, 0x00000006a5c00000|  0%| F|  |TAMS 0x00000006a5800000| PB 0x00000006a5800000| Untracked 
| 151|0x00000006a5c00000, 0x00000006a5c00000, 0x00000006a6000000|  0%| F|  |TAMS 0x00000006a5c00000| PB 0x00000006a5c00000| Untracked 
| 152|0x00000006a6000000, 0x00000006a6000000, 0x00000006a6400000|  0%| F|  |TAMS 0x00000006a6000000| PB 0x00000006a6000000| Untracked 
| 153|0x00000006a6400000, 0x00000006a6400000, 0x00000006a6800000|  0%| F|  |TAMS 0x00000006a6400000| PB 0x00000006a6400000| Untracked 
| 154|0x00000006a6800000, 0x00000006a6800000, 0x00000006a6c00000|  0%| F|  |TAMS 0x00000006a6800000| PB 0x00000006a6800000| Untracked 
| 155|0x00000006a6c00000, 0x00000006a6c00000, 0x00000006a7000000|  0%| F|  |TAMS 0x00000006a6c00000| PB 0x00000006a6c00000| Untracked 
| 156|0x00000006a7000000, 0x00000006a7000000, 0x00000006a7400000|  0%| F|  |TAMS 0x00000006a7000000| PB 0x00000006a7000000| Untracked 
| 157|0x00000006a7400000, 0x00000006a7400000, 0x00000006a7800000|  0%| F|  |TAMS 0x00000006a7400000| PB 0x00000006a7400000| Untracked 
| 158|0x00000006a7800000, 0x00000006a7800000, 0x00000006a7c00000|  0%| F|  |TAMS 0x00000006a7800000| PB 0x00000006a7800000| Untracked 
| 159|0x00000006a7c00000, 0x00000006a7c00000, 0x00000006a8000000|  0%| F|  |TAMS 0x00000006a7c00000| PB 0x00000006a7c00000| Untracked 
| 160|0x00000006a8000000, 0x00000006a8000000, 0x00000006a8400000|  0%| F|  |TAMS 0x00000006a8000000| PB 0x00000006a8000000| Untracked 
| 161|0x00000006a8400000, 0x00000006a8400000, 0x00000006a8800000|  0%| F|  |TAMS 0x00000006a8400000| PB 0x00000006a8400000| Untracked 
| 162|0x00000006a8800000, 0x00000006a8800000, 0x00000006a8c00000|  0%| F|  |TAMS 0x00000006a8800000| PB 0x00000006a8800000| Untracked 
| 163|0x00000006a8c00000, 0x00000006a8c00000, 0x00000006a9000000|  0%| F|  |TAMS 0x00000006a8c00000| PB 0x00000006a8c00000| Untracked 
| 164|0x00000006a9000000, 0x00000006a9000000, 0x00000006a9400000|  0%| F|  |TAMS 0x00000006a9000000| PB 0x00000006a9000000| Untracked 
| 165|0x00000006a9400000, 0x00000006a9400000, 0x00000006a9800000|  0%| F|  |TAMS 0x00000006a9400000| PB 0x00000006a9400000| Untracked 
| 166|0x00000006a9800000, 0x00000006a9800000, 0x00000006a9c00000|  0%| F|  |TAMS 0x00000006a9800000| PB 0x00000006a9800000| Untracked 
| 167|0x00000006a9c00000, 0x00000006a9c00000, 0x00000006aa000000|  0%| F|  |TAMS 0x00000006a9c00000| PB 0x00000006a9c00000| Untracked 
| 168|0x00000006aa000000, 0x00000006aa000000, 0x00000006aa400000|  0%| F|  |TAMS 0x00000006aa000000| PB 0x00000006aa000000| Untracked 
| 169|0x00000006aa400000, 0x00000006aa400000, 0x00000006aa800000|  0%| F|  |TAMS 0x00000006aa400000| PB 0x00000006aa400000| Untracked 
| 170|0x00000006aa800000, 0x00000006aa800000, 0x00000006aac00000|  0%| F|  |TAMS 0x00000006aa800000| PB 0x00000006aa800000| Untracked 
| 171|0x00000006aac00000, 0x00000006aac00000, 0x00000006ab000000|  0%| F|  |TAMS 0x00000006aac00000| PB 0x00000006aac00000| Untracked 
| 172|0x00000006ab000000, 0x00000006ab000000, 0x00000006ab400000|  0%| F|  |TAMS 0x00000006ab000000| PB 0x00000006ab000000| Untracked 
| 173|0x00000006ab400000, 0x00000006ab400000, 0x00000006ab800000|  0%| F|  |TAMS 0x00000006ab400000| PB 0x00000006ab400000| Untracked 
| 174|0x00000006ab800000, 0x00000006ab800000, 0x00000006abc00000|  0%| F|  |TAMS 0x00000006ab800000| PB 0x00000006ab800000| Untracked 
| 175|0x00000006abc00000, 0x00000006abc00000, 0x00000006ac000000|  0%| F|  |TAMS 0x00000006abc00000| PB 0x00000006abc00000| Untracked 
| 176|0x00000006ac000000, 0x00000006ac000000, 0x00000006ac400000|  0%| F|  |TAMS 0x00000006ac000000| PB 0x00000006ac000000| Untracked 
| 177|0x00000006ac400000, 0x00000006ac400000, 0x00000006ac800000|  0%| F|  |TAMS 0x00000006ac400000| PB 0x00000006ac400000| Untracked 
| 178|0x00000006ac800000, 0x00000006ac800000, 0x00000006acc00000|  0%| F|  |TAMS 0x00000006ac800000| PB 0x00000006ac800000| Untracked 
| 179|0x00000006acc00000, 0x00000006acc00000, 0x00000006ad000000|  0%| F|  |TAMS 0x00000006acc00000| PB 0x00000006acc00000| Untracked 
| 180|0x00000006ad000000, 0x00000006ad000000, 0x00000006ad400000|  0%| F|  |TAMS 0x00000006ad000000| PB 0x00000006ad000000| Untracked 
| 181|0x00000006ad400000, 0x00000006ad400000, 0x00000006ad800000|  0%| F|  |TAMS 0x00000006ad400000| PB 0x00000006ad400000| Untracked 
| 182|0x00000006ad800000, 0x00000006ad9c6158, 0x00000006adc00000| 44%| S|CS|TAMS 0x00000006ad800000| PB 0x00000006ad800000| Complete 
| 183|0x00000006adc00000, 0x00000006adc00000, 0x00000006ae000000|  0%| F|  |TAMS 0x00000006adc00000| PB 0x00000006adc00000| Untracked 
| 184|0x00000006ae000000, 0x00000006ae000000, 0x00000006ae400000|  0%| F|  |TAMS 0x00000006ae000000| PB 0x00000006ae000000| Untracked 
| 185|0x00000006ae400000, 0x00000006ae400000, 0x00000006ae800000|  0%| F|  |TAMS 0x00000006ae400000| PB 0x00000006ae400000| Untracked 
| 186|0x00000006ae800000, 0x00000006ae800000, 0x00000006aec00000|  0%| F|  |TAMS 0x00000006ae800000| PB 0x00000006ae800000| Untracked 
| 187|0x00000006aec00000, 0x00000006aec00000, 0x00000006af000000|  0%| F|  |TAMS 0x00000006aec00000| PB 0x00000006aec00000| Untracked 
| 188|0x00000006af000000, 0x00000006af000000, 0x00000006af400000|  0%| F|  |TAMS 0x00000006af000000| PB 0x00000006af000000| Untracked 
| 189|0x00000006af400000, 0x00000006af400000, 0x00000006af800000|  0%| F|  |TAMS 0x00000006af400000| PB 0x00000006af400000| Untracked 
| 190|0x00000006af800000, 0x00000006af800000, 0x00000006afc00000|  0%| F|  |TAMS 0x00000006af800000| PB 0x00000006af800000| Untracked 
| 191|0x00000006afc00000, 0x00000006afc00000, 0x00000006b0000000|  0%| F|  |TAMS 0x00000006afc00000| PB 0x00000006afc00000| Untracked 
| 192|0x00000006b0000000, 0x00000006b0000000, 0x00000006b0400000|  0%| F|  |TAMS 0x00000006b0000000| PB 0x00000006b0000000| Untracked 
| 193|0x00000006b0400000, 0x00000006b0400000, 0x00000006b0800000|  0%| F|  |TAMS 0x00000006b0400000| PB 0x00000006b0400000| Untracked 
| 194|0x00000006b0800000, 0x00000006b0800000, 0x00000006b0c00000|  0%| F|  |TAMS 0x00000006b0800000| PB 0x00000006b0800000| Untracked 
| 195|0x00000006b0c00000, 0x00000006b0c00000, 0x00000006b1000000|  0%| F|  |TAMS 0x00000006b0c00000| PB 0x00000006b0c00000| Untracked 
| 196|0x00000006b1000000, 0x00000006b1000000, 0x00000006b1400000|  0%| F|  |TAMS 0x00000006b1000000| PB 0x00000006b1000000| Untracked 
| 197|0x00000006b1400000, 0x00000006b1400000, 0x00000006b1800000|  0%| F|  |TAMS 0x00000006b1400000| PB 0x00000006b1400000| Untracked 
| 198|0x00000006b1800000, 0x00000006b1800000, 0x00000006b1c00000|  0%| F|  |TAMS 0x00000006b1800000| PB 0x00000006b1800000| Untracked 
| 199|0x00000006b1c00000, 0x00000006b1c00000, 0x00000006b2000000|  0%| F|  |TAMS 0x00000006b1c00000| PB 0x00000006b1c00000| Untracked 
| 200|0x00000006b2000000, 0x00000006b2000000, 0x00000006b2400000|  0%| F|  |TAMS 0x00000006b2000000| PB 0x00000006b2000000| Untracked 
| 201|0x00000006b2400000, 0x00000006b2400000, 0x00000006b2800000|  0%| F|  |TAMS 0x00000006b2400000| PB 0x00000006b2400000| Untracked 
| 202|0x00000006b2800000, 0x00000006b2a40ee0, 0x00000006b2c00000| 56%| E|  |TAMS 0x00000006b2800000| PB 0x00000006b2800000| Complete 

Card table byte_map: [0x000001f27e5e0000,0x000001f27f1e0000] _byte_map_base: 0x000001f27b1e0000

Marking Bits: (CMBitMap*) 0x000001f27496f920
 Bits: [0x000001f20f000000, 0x000001f215000000)

Polling page: 0x000001f26add0000

Metaspace:

Usage:
  Non-class:     82.07 MB used.
      Class:     12.27 MB used.
       Both:     94.34 MB used.

Virtual space:
  Non-class space:      128.00 MB reserved,      82.38 MB ( 64%) committed,  2 nodes.
      Class space:        1.00 GB reserved,      12.75 MB (  1%) committed,  1 nodes.
             Both:        1.12 GB reserved,      95.12 MB (  8%) committed. 

Chunk freelists:
   Non-Class:  12.81 MB
       Class:  3.43 MB
        Both:  16.23 MB

MaxMetaspaceSize: unlimited
CompressedClassSpaceSize: 1.00 GB
Initial GC threshold: 21.00 MB
Current GC threshold: 158.56 MB
CDS: on
 - commit_granule_bytes: 65536.
 - commit_granule_words: 8192.
 - virtual_space_node_default_size: 8388608.
 - enlarge_chunks_in_place: 1.
 - use_allocation_guard: 0.


Internal statistics:

num_allocs_failed_limit: 9.
num_arena_births: 1396.
num_arena_deaths: 648.
num_vsnodes_births: 3.
num_vsnodes_deaths: 0.
num_space_committed: 1514.
num_space_uncommitted: 0.
num_chunks_returned_to_freelist: 824.
num_chunks_taken_from_freelist: 4363.
num_chunk_merges: 219.
num_chunk_splits: 2826.
num_chunks_enlarged: 2002.
num_inconsistent_stats: 0.

CodeHeap 'non-profiled nmethods': size=120000Kb used=23109Kb max_used=26379Kb free=96890Kb
 bounds [0x000001f207ad0000, 0x000001f209510000, 0x000001f20f000000]
CodeHeap 'profiled nmethods': size=120000Kb used=13385Kb max_used=30892Kb free=106614Kb
 bounds [0x000001f200000000, 0x000001f201f30000, 0x000001f207530000]
CodeHeap 'non-nmethods': size=5760Kb used=2275Kb max_used=2365Kb free=3484Kb
 bounds [0x000001f207530000, 0x000001f2077a0000, 0x000001f207ad0000]
 total_blobs=9409 nmethods=8211 adapters=1095
 compilation: enabled
              stopped_count=0, restarted_count=0
 full_count=0

Compilation events (20 events):
Event: 43645.224 Thread 0x000001f274ba4f60 77199       3       ui.frmwork.d.b::a (14 bytes)
Event: 43645.224 Thread 0x000001f274ba4f60 nmethod 77199 0x000001f20146f290 code [0x000001f20146f440, 0x000001f20146f650]
Event: 43646.918 Thread 0x000001f274ba4f60 77200       3       ui.views.bd::fhF (52 bytes)
Event: 43646.919 Thread 0x000001f274ba4f60 nmethod 77200 0x000001f20001d390 code [0x000001f20001d640, 0x000001f20001e490]
Event: 43646.919 Thread 0x000001f274ba4f60 77201       3       ui.utils.f.w::f (9 bytes)
Event: 43646.920 Thread 0x000001f274ba4f60 nmethod 77201 0x000001f2019f7190 code [0x000001f2019f73a0, 0x000001f2019f7930]
Event: 43647.166 Thread 0x000001f274ba4f60 77202 % !   2       java.awt.Container::isParentOf @ 7 (49 bytes)
Event: 43647.167 Thread 0x000001f274ba4f60 nmethod 77202% 0x000001f2019f6a90 code [0x000001f2019f6c40, 0x000001f2019f6fa0]
Event: 43647.172 Thread 0x000001f274ba3090 77203       4       com.sun.org.apache.xerces.internal.impl.XMLDocumentFragmentScannerImpl::getFeatureDefault (36 bytes)
Event: 43647.179 Thread 0x000001f274ba3090 nmethod 77203 0x000001f2086af010 code [0x000001f2086af1a0, 0x000001f2086af478]
Event: 43647.245 Thread 0x000001f274ba4f60 77204       1       ui.views.x.b.r::lpV (5 bytes)
Event: 43647.246 Thread 0x000001f274ba4f60 nmethod 77204 0x000001f20886f090 code [0x000001f20886f220, 0x000001f20886f2f0]
Event: 43649.161 Thread 0x000001f274ba4f60 77205       1       ui.views.p.M$f::beC (2 bytes)
Event: 43649.162 Thread 0x000001f274ba4f60 nmethod 77205 0x000001f208870f90 code [0x000001f208871120, 0x000001f2088711e8]
Event: 43649.162 Thread 0x000001f274ba4f60 77206       1       ui.views.x.a.s::beF (2 bytes)
Event: 43649.163 Thread 0x000001f274ba4f60 nmethod 77206 0x000001f208873290 code [0x000001f208873420, 0x000001f2088734e8]
Event: 43649.180 Thread 0x000001f274ba3090 77207   !   4       jdk.xml.internal.JdkXmlFeatures::getSystemProperty (83 bytes)
Event: 43649.212 Thread 0x000001f274ba3090 nmethod 77207 0x000001f20925db90 code [0x000001f20925dea0, 0x000001f20925f2b8]
Event: 43650.125 Thread 0x000001f274ba3090 77208       4       javax.swing.plaf.synth.SynthComboBoxUI$ButtonHandler::isRollover (22 bytes)
Event: 43650.126 Thread 0x000001f274ba3090 nmethod 77208 0x000001f208790710 code [0x000001f2087908a0, 0x000001f208790978]

GC Heap History (20 events):
Event: 43625.090 GC heap before
{Heap before GC invocations=1937 (full 1350):
 garbage-first heap   total 831488K, used 211688K [0x0000000680000000, 0x0000000800000000)
  region size 4096K, 20 young (81920K), 1 survivors (4096K)
 Metaspace       used 96600K, committed 97408K, reserved 1179648K
  class space    used 12563K, committed 13056K, reserved 1048576K
}
Event: 43625.094 GC heap after
{Heap after GC invocations=1938 (full 1350):
 garbage-first heap   total 831488K, used 134231K [0x0000000680000000, 0x0000000800000000)
  region size 4096K, 1 young (4096K), 1 survivors (4096K)
 Metaspace       used 96600K, committed 97408K, reserved 1179648K
  class space    used 12563K, committed 13056K, reserved 1048576K
}
Event: 43627.099 GC heap before
{Heap before GC invocations=1938 (full 1350):
 garbage-first heap   total 831488K, used 212055K [0x0000000680000000, 0x0000000800000000)
  region size 4096K, 20 young (81920K), 1 survivors (4096K)
 Metaspace       used 96602K, committed 97408K, reserved 1179648K
  class space    used 12563K, committed 13056K, reserved 1048576K
}
Event: 43627.103 GC heap after
{Heap after GC invocations=1939 (full 1350):
 garbage-first heap   total 831488K, used 134601K [0x0000000680000000, 0x0000000800000000)
  region size 4096K, 1 young (4096K), 1 survivors (4096K)
 Metaspace       used 96602K, committed 97408K, reserved 1179648K
  class space    used 12563K, committed 13056K, reserved 1048576K
}
Event: 43629.125 GC heap before
{Heap before GC invocations=1939 (full 1350):
 garbage-first heap   total 831488K, used 212425K [0x0000000680000000, 0x0000000800000000)
  region size 4096K, 20 young (81920K), 1 survivors (4096K)
 Metaspace       used 96602K, committed 97408K, reserved 1179648K
  class space    used 12563K, committed 13056K, reserved 1048576K
}
Event: 43629.130 GC heap after
{Heap after GC invocations=1940 (full 1350):
 garbage-first heap   total 831488K, used 133931K [0x0000000680000000, 0x0000000800000000)
  region size 4096K, 1 young (4096K), 1 survivors (4096K)
 Metaspace       used 96602K, committed 97408K, reserved 1179648K
  class space    used 12563K, committed 13056K, reserved 1048576K
}
Event: 43641.176 GC heap before
{Heap before GC invocations=1940 (full 1350):
 garbage-first heap   total 831488K, used 211755K [0x0000000680000000, 0x0000000800000000)
  region size 4096K, 20 young (81920K), 1 survivors (4096K)
 Metaspace       used 96602K, committed 97408K, reserved 1179648K
  class space    used 12563K, committed 13056K, reserved 1048576K
}
Event: 43641.180 GC heap after
{Heap after GC invocations=1941 (full 1350):
 garbage-first heap   total 831488K, used 133903K [0x0000000680000000, 0x0000000800000000)
  region size 4096K, 1 young (4096K), 1 survivors (4096K)
 Metaspace       used 96602K, committed 97408K, reserved 1179648K
  class space    used 12563K, committed 13056K, reserved 1048576K
}
Event: 43643.181 GC heap before
{Heap before GC invocations=1941 (full 1350):
 garbage-first heap   total 831488K, used 211727K [0x0000000680000000, 0x0000000800000000)
  region size 4096K, 20 young (81920K), 1 survivors (4096K)
 Metaspace       used 96602K, committed 97408K, reserved 1179648K
  class space    used 12563K, committed 13056K, reserved 1048576K
}
Event: 43643.185 GC heap after
{Heap after GC invocations=1942 (full 1350):
 garbage-first heap   total 831488K, used 134104K [0x0000000680000000, 0x0000000800000000)
  region size 4096K, 1 young (4096K), 1 survivors (4096K)
 Metaspace       used 96602K, committed 97408K, reserved 1179648K
  class space    used 12563K, committed 13056K, reserved 1048576K
}
Event: 43645.175 GC heap before
{Heap before GC invocations=1942 (full 1350):
 garbage-first heap   total 831488K, used 211928K [0x0000000680000000, 0x0000000800000000)
  region size 4096K, 20 young (81920K), 1 survivors (4096K)
 Metaspace       used 96602K, committed 97408K, reserved 1179648K
  class space    used 12563K, committed 13056K, reserved 1048576K
}
Event: 43645.180 GC heap after
{Heap after GC invocations=1943 (full 1350):
 garbage-first heap   total 831488K, used 134483K [0x0000000680000000, 0x0000000800000000)
  region size 4096K, 1 young (4096K), 1 survivors (4096K)
 Metaspace       used 96602K, committed 97408K, reserved 1179648K
  class space    used 12563K, committed 13056K, reserved 1048576K
}
Event: 43647.193 GC heap before
{Heap before GC invocations=1943 (full 1350):
 garbage-first heap   total 831488K, used 212307K [0x0000000680000000, 0x0000000800000000)
  region size 4096K, 20 young (81920K), 1 survivors (4096K)
 Metaspace       used 96602K, committed 97408K, reserved 1179648K
  class space    used 12563K, committed 13056K, reserved 1048576K
}
Event: 43647.199 GC heap after
{Heap after GC invocations=1944 (full 1350):
 garbage-first heap   total 831488K, used 134627K [0x0000000680000000, 0x0000000800000000)
  region size 4096K, 1 young (4096K), 1 survivors (4096K)
 Metaspace       used 96602K, committed 97408K, reserved 1179648K
  class space    used 12563K, committed 13056K, reserved 1048576K
}
Event: 43649.697 GC heap before
{Heap before GC invocations=1944 (full 1350):
 garbage-first heap   total 831488K, used 212451K [0x0000000680000000, 0x0000000800000000)
  region size 4096K, 20 young (81920K), 1 survivors (4096K)
 Metaspace       used 96602K, committed 97408K, reserved 1179648K
  class space    used 12563K, committed 13056K, reserved 1048576K
}
Event: 43649.702 GC heap after
{Heap after GC invocations=1945 (full 1350):
 garbage-first heap   total 831488K, used 133621K [0x0000000680000000, 0x0000000800000000)
  region size 4096K, 1 young (4096K), 1 survivors (4096K)
 Metaspace       used 96602K, committed 97408K, reserved 1179648K
  class space    used 12563K, committed 13056K, reserved 1048576K
}
Event: 43656.995 GC heap before
{Heap before GC invocations=1945 (full 1350):
 garbage-first heap   total 831488K, used 154101K [0x0000000680000000, 0x0000000800000000)
  region size 4096K, 7 young (28672K), 1 survivors (4096K)
 Metaspace       used 96602K, committed 97408K, reserved 1179648K
  class space    used 12563K, committed 13056K, reserved 1048576K
}
Event: 43657.151 GC heap after
{Heap after GC invocations=1946 (full 1351):
 garbage-first heap   total 831488K, used 132741K [0x0000000680000000, 0x0000000800000000)
  region size 4096K, 0 young (0K), 0 survivors (0K)
 Metaspace       used 96602K, committed 97408K, reserved 1179648K
  class space    used 12563K, committed 13056K, reserved 1048576K
}
Event: 43695.363 GC heap before
{Heap before GC invocations=1946 (full 1351):
 garbage-first heap   total 831488K, used 214661K [0x0000000680000000, 0x0000000800000000)
  region size 4096K, 20 young (81920K), 0 survivors (0K)
 Metaspace       used 96602K, committed 97408K, reserved 1179648K
  class space    used 12563K, committed 13056K, reserved 1048576K
}
Event: 43695.366 GC heap after
{Heap after GC invocations=1947 (full 1351):
 garbage-first heap   total 831488K, used 134557K [0x0000000680000000, 0x0000000800000000)
  region size 4096K, 1 young (4096K), 1 survivors (4096K)
 Metaspace       used 96602K, committed 97408K, reserved 1179648K
  class space    used 12563K, committed 13056K, reserved 1048576K
}

Dll operation events (20 events):
Event: 2.174 Loaded shared library C:\AMDDesignTools\2025.2\Vivado\lib\win64.o\xv_simtcltasks.dll
Event: 2.190 Loaded shared library C:\AMDDesignTools\2025.2\Vivado\lib\win64.o\xv_ipservicestasks.dll
Event: 2.195 Loaded shared library C:\AMDDesignTools\2025.2\Vivado\lib\win64.o\xv_vivadotasks.dll
Event: 2.200 Loaded shared library C:\AMDDesignTools\2025.2\Vivado\lib\win64.o\xv_board.dll
Event: 2.205 Loaded shared library C:\AMDDesignTools\2025.2\Vivado\lib\win64.o\xv_boarddep.dll
Event: 2.210 Loaded shared library C:\AMDDesignTools\2025.2\Vivado\lib\win64.o\xv_boardcommontasks.dll
Event: 2.214 Loaded shared library C:\AMDDesignTools\2025.2\Vivado\lib\win64.o\xv_ptgen.dll
Event: 2.219 Loaded shared library C:\AMDDesignTools\2025.2\Vivado\lib\win64.o\xv_ip.dll
Event: 2.224 Loaded shared library C:\AMDDesignTools\2025.2\Vivado\lib\win64.o\xv_mig.dll
Event: 2.233 Loaded shared library C:\AMDDesignTools\2025.2\Vivado\lib\win64.o\xv_implflow.dll
Event: 2.238 Loaded shared library C:\AMDDesignTools\2025.2\Vivado\lib\win64.o\xv_xhubtasks.dll
Event: 2.263 Loaded shared library C:\AMDDesignTools\2025.2\Vivado\lib\win64.o\xv_iptasks.dll
Event: 2.269 Loaded shared library C:\AMDDesignTools\2025.2\Vivado\lib\win64.o\xv_synth.dll
Event: 2.274 Loaded shared library C:\AMDDesignTools\2025.2\Vivado\lib\win64.o\xv_blockmodel.dll
Event: 6.343 Loaded shared library C:\AMDDesignTools\2025.2\Vivado\tps\win64\jre21.0.5_11\bin\verify.dll
Event: 6.515 Loaded shared library C:\AMDDesignTools\2025.2\Vivado\tps\win64\jre21.0.5_11\bin\freetype.dll
Event: 6.520 Loaded shared library C:\AMDDesignTools\2025.2\Vivado\tps\win64\jre21.0.5_11\bin\fontmanager.dll
Event: 15.741 Loaded shared library C:\AMDDesignTools\2025.2\Vivado\lib\win64.o\xv_xhub.dll
Event: 23.692 Loaded shared library C:\AMDDesignTools\2025.2\Vivado\tps\win64\jre21.0.5_11\bin\management.dll
Event: 23.696 Loaded shared library C:\AMDDesignTools\2025.2\Vivado\tps\win64\jre21.0.5_11\bin\management_ext.dll

Deoptimization events (20 events):
Event: 43179.616 Thread 0x000001f25d931010 DEOPT PACKING pc=0x000001f2001ff9d5 sp=0x00000085270fecd0
Event: 43179.616 Thread 0x000001f25d931010 DEOPT UNPACKING pc=0x000001f207584e42 sp=0x00000085270fe208 mode 0
Event: 43185.564 Thread 0x000001f25d931010 DEOPT PACKING pc=0x000001f2006f71ff sp=0x00000085270feae0
Event: 43185.564 Thread 0x000001f25d931010 DEOPT UNPACKING pc=0x000001f207584e42 sp=0x00000085270fe060 mode 0
Event: 43185.566 Thread 0x000001f25d931010 DEOPT PACKING pc=0x000001f200505dec sp=0x00000085270fe6d0
Event: 43185.566 Thread 0x000001f25d931010 DEOPT UNPACKING pc=0x000001f207584e42 sp=0x00000085270fdbe0 mode 0
Event: 43187.566 Thread 0x000001f25d931010 DEOPT PACKING pc=0x000001f2002797c3 sp=0x00000085270fe4f0
Event: 43187.566 Thread 0x000001f25d931010 DEOPT UNPACKING pc=0x000001f207584e42 sp=0x00000085270fd978 mode 0
Event: 43187.639 Thread 0x000001f25d931010 DEOPT PACKING pc=0x000001f20069494d sp=0x00000085270fe8f0
Event: 43187.639 Thread 0x000001f25d931010 DEOPT UNPACKING pc=0x000001f207584e42 sp=0x00000085270fde00 mode 0
Event: 43228.810 Thread 0x000001f28a814840 DEOPT PACKING pc=0x000001f2007c6dbb sp=0x00000085307ff360
Event: 43228.811 Thread 0x000001f28a814840 DEOPT UNPACKING pc=0x000001f207584e42 sp=0x00000085307fe848 mode 0
Event: 43585.096 Thread 0x000001f25d931010 Uncommon trap: trap_request=0xffffff45 fr.pc=0x000001f2091ec4d4 relative=0x0000000000000134
Event: 43585.096 Thread 0x000001f25d931010 Uncommon trap: reason=unstable_if action=reinterpret pc=0x000001f2091ec4d4 method=java.text.DigitList.shouldRoundUp(IZZ)Z @ 273 c2
Event: 43585.096 Thread 0x000001f25d931010 DEOPT PACKING pc=0x000001f2091ec4d4 sp=0x00000085270fe590
Event: 43585.096 Thread 0x000001f25d931010 DEOPT UNPACKING pc=0x000001f2075846a2 sp=0x00000085270fe510 mode 2
Event: 43591.061 Thread 0x000001f25d931010 DEOPT PACKING pc=0x000001f201b23428 sp=0x00000085270fe890
Event: 43591.061 Thread 0x000001f25d931010 DEOPT UNPACKING pc=0x000001f207584e42 sp=0x00000085270fde70 mode 0
Event: 43650.668 Thread 0x000001f288253aa0 DEOPT PACKING pc=0x000001f200270dbb sp=0x000000853eeff0c0
Event: 43650.668 Thread 0x000001f288253aa0 DEOPT UNPACKING pc=0x000001f207584e42 sp=0x000000853eefe778 mode 0

Classes loaded (20 events):
Event: 38678.083 Loading class java/io/ObjectInputStream$BlockDataInputStream
Event: 38678.084 Loading class java/io/ObjectInputStream$BlockDataInputStream done
Event: 38678.084 Loading class java/io/ObjectInputStream$PeekInputStream
Event: 38678.084 Loading class java/io/ObjectInputStream$PeekInputStream done
Event: 38678.084 Loading class java/io/ObjectInputStream$HandleTable
Event: 38678.085 Loading class java/io/ObjectInputStream$HandleTable done
Event: 38678.085 Loading class java/io/ObjectInputStream$HandleTable$HandleList
Event: 38678.085 Loading class java/io/ObjectInputStream$HandleTable$HandleList done
Event: 38678.085 Loading class java/io/ObjectInputStream$ValidationList
Event: 38678.085 Loading class java/io/ObjectInputStream$ValidationList done
Event: 38678.085 Loading class java/io/ObjectInputFilter$Config
Event: 38678.086 Loading class java/io/ObjectInputFilter$Config done
Event: 38678.086 Loading class java/io/ObjectInputFilter
Event: 38678.086 Loading class java/io/ObjectInputFilter done
Event: 38678.087 Loading class java/io/ObjectInputFilter$Config$BuiltinFilterFactory
Event: 38678.088 Loading class java/io/ObjectInputFilter$Config$BuiltinFilterFactory done
Event: 38678.088 Loading class jdk/internal/access/JavaObjectInputFilterAccess
Event: 38678.088 Loading class jdk/internal/access/JavaObjectInputFilterAccess done
Event: 39064.115 Loading class javax/swing/JTree$DropLocation
Event: 39064.119 Loading class javax/swing/JTree$DropLocation done

Classes unloaded (20 events):
Event: 34257.750 Thread 0x000001f26d02e4d0 Unloading class 0x000001f218bc9000 'java/lang/invoke/LambdaForm$MH+0x000001f218bc9000'
Event: 34257.750 Thread 0x000001f26d02e4d0 Unloading class 0x000001f218bbec00 'java/lang/invoke/LambdaForm$MH+0x000001f218bbec00'
Event: 34257.750 Thread 0x000001f26d02e4d0 Unloading class 0x000001f218bbc800 'java/lang/invoke/LambdaForm$MH+0x000001f218bbc800'
Event: 34257.750 Thread 0x000001f26d02e4d0 Unloading class 0x000001f218bb8000 'java/lang/invoke/LambdaForm$MH+0x000001f218bb8000'
Event: 34257.750 Thread 0x000001f26d02e4d0 Unloading class 0x000001f2189acc00 'java/lang/invoke/LambdaForm$MH+0x000001f2189acc00'
Event: 34257.750 Thread 0x000001f26d02e4d0 Unloading class 0x000001f2180c1800 'java/lang/invoke/LambdaForm$MH+0x000001f2180c1800'
Event: 41417.354 Thread 0x000001f26d02e4d0 Unloading class 0x000001f218c94800 'java/lang/invoke/LambdaForm$BMH+0x000001f218c94800'
Event: 42466.974 Thread 0x000001f26d02e4d0 Unloading class 0x000001f218b58000 'java/lang/invoke/LambdaForm$MH+0x000001f218b58000'
Event: 42466.974 Thread 0x000001f26d02e4d0 Unloading class 0x000001f218b58c00 'java/lang/invoke/LambdaForm$MH+0x000001f218b58c00'
Event: 42466.974 Thread 0x000001f26d02e4d0 Unloading class 0x000001f218b64000 'java/lang/invoke/LambdaForm$MH+0x000001f218b64000'
Event: 42466.974 Thread 0x000001f26d02e4d0 Unloading class 0x000001f218b94400 'java/lang/invoke/LambdaForm$MH+0x000001f218b94400'
Event: 42466.974 Thread 0x000001f26d02e4d0 Unloading class 0x000001f218bb9400 'java/lang/invoke/LambdaForm$MH+0x000001f218bb9400'
Event: 42466.974 Thread 0x000001f26d02e4d0 Unloading class 0x000001f218bb9c00 'java/lang/invoke/LambdaForm$MH+0x000001f218bb9c00'
Event: 42628.454 Thread 0x000001f26d02e4d0 Unloading class 0x000001f218ad1000 'java/lang/invoke/LambdaForm$MH+0x000001f218ad1000'
Event: 42628.454 Thread 0x000001f26d02e4d0 Unloading class 0x000001f218ad2400 'java/lang/invoke/LambdaForm$MH+0x000001f218ad2400'
Event: 42628.454 Thread 0x000001f26d02e4d0 Unloading class 0x000001f218ad5000 'java/lang/invoke/LambdaForm$MH+0x000001f218ad5000'
Event: 42670.292 Thread 0x000001f26d02e4d0 Unloading class 0x000001f218ac8400 'java/lang/invoke/LambdaForm$MH+0x000001f218ac8400'
Event: 42670.292 Thread 0x000001f26d02e4d0 Unloading class 0x000001f218ac9800 'java/lang/invoke/LambdaForm$MH+0x000001f218ac9800'
Event: 42670.292 Thread 0x000001f26d02e4d0 Unloading class 0x000001f218bbec00 'java/lang/invoke/LambdaForm$MH+0x000001f218bbec00'
Event: 42670.292 Thread 0x000001f26d02e4d0 Unloading class 0x000001f218bd2400 'java/lang/invoke/LambdaForm$MH+0x000001f218bd2400'

Classes redefined (0 events):
No events

Internal exceptions (20 events):
Event: 43645.920 Thread 0x000001f25d931010 Exception <a 'java/io/FileNotFoundException'{0x00000006b1cc5ef8}> (0x00000006b1cc5ef8) 
thrown [s\src\hotspot\share\prims\jni.cpp, line 520]
Event: 43645.935 Thread 0x000001f25d931010 Exception <a 'java/io/FileNotFoundException'{0x00000006b1cc65d0}> (0x00000006b1cc65d0) 
thrown [s\src\hotspot\share\prims\jni.cpp, line 520]
Event: 43650.926 Thread 0x000001f25d931010 Exception <a 'java/io/FileNotFoundException'{0x00000006b18831f0}> (0x00000006b18831f0) 
thrown [s\src\hotspot\share\prims\jni.cpp, line 520]
Event: 43650.942 Thread 0x000001f25d931010 Exception <a 'java/io/FileNotFoundException'{0x00000006b18838c8}> (0x00000006b18838c8) 
thrown [s\src\hotspot\share\prims\jni.cpp, line 520]
Event: 43655.931 Thread 0x000001f25d931010 Exception <a 'java/io/FileNotFoundException'{0x00000006b18a12d0}> (0x00000006b18a12d0) 
thrown [s\src\hotspot\share\prims\jni.cpp, line 520]
Event: 43655.947 Thread 0x000001f25d931010 Exception <a 'java/io/FileNotFoundException'{0x00000006b18a19a8}> (0x00000006b18a19a8) 
thrown [s\src\hotspot\share\prims\jni.cpp, line 520]
Event: 43660.935 Thread 0x000001f25d931010 Exception <a 'java/io/FileNotFoundException'{0x00000006b2846b38}> (0x00000006b2846b38) 
thrown [s\src\hotspot\share\prims\jni.cpp, line 520]
Event: 43660.951 Thread 0x000001f25d931010 Exception <a 'java/io/FileNotFoundException'{0x00000006b2847210}> (0x00000006b2847210) 
thrown [s\src\hotspot\share\prims\jni.cpp, line 520]
Event: 43665.947 Thread 0x000001f25d931010 Exception <a 'java/io/FileNotFoundException'{0x00000006b285d998}> (0x00000006b285d998) 
thrown [s\src\hotspot\share\prims\jni.cpp, line 520]
Event: 43665.963 Thread 0x000001f25d931010 Exception <a 'java/io/FileNotFoundException'{0x00000006b285e070}> (0x00000006b285e070) 
thrown [s\src\hotspot\share\prims\jni.cpp, line 520]
Event: 43670.948 Thread 0x000001f25d931010 Exception <a 'java/io/FileNotFoundException'{0x00000006b287b008}> (0x00000006b287b008) 
thrown [s\src\hotspot\share\prims\jni.cpp, line 520]
Event: 43670.963 Thread 0x000001f25d931010 Exception <a 'java/io/FileNotFoundException'{0x00000006b287b6e0}> (0x00000006b287b6e0) 
thrown [s\src\hotspot\share\prims\jni.cpp, line 520]
Event: 43675.956 Thread 0x000001f25d931010 Exception <a 'java/io/FileNotFoundException'{0x00000006b2899140}> (0x00000006b2899140) 
thrown [s\src\hotspot\share\prims\jni.cpp, line 520]
Event: 43675.971 Thread 0x000001f25d931010 Exception <a 'java/io/FileNotFoundException'{0x00000006b2899818}> (0x00000006b2899818) 
thrown [s\src\hotspot\share\prims\jni.cpp, line 520]
Event: 43680.967 Thread 0x000001f25d931010 Exception <a 'java/io/FileNotFoundException'{0x00000006b28afbe0}> (0x00000006b28afbe0) 
thrown [s\src\hotspot\share\prims\jni.cpp, line 520]
Event: 43680.982 Thread 0x000001f25d931010 Exception <a 'java/io/FileNotFoundException'{0x00000006b28b02b8}> (0x00000006b28b02b8) 
thrown [s\src\hotspot\share\prims\jni.cpp, line 520]
Event: 43685.981 Thread 0x000001f25d931010 Exception <a 'java/io/FileNotFoundException'{0x00000006b28cd8b8}> (0x00000006b28cd8b8) 
thrown [s\src\hotspot\share\prims\jni.cpp, line 520]
Event: 43685.997 Thread 0x000001f25d931010 Exception <a 'java/io/FileNotFoundException'{0x00000006b28ce0b0}> (0x00000006b28ce0b0) 
thrown [s\src\hotspot\share\prims\jni.cpp, line 520]
Event: 43690.994 Thread 0x000001f25d931010 Exception <a 'java/io/FileNotFoundException'{0x00000006b28eab50}> (0x00000006b28eab50) 
thrown [s\src\hotspot\share\prims\jni.cpp, line 520]
Event: 43691.009 Thread 0x000001f25d931010 Exception <a 'java/io/FileNotFoundException'{0x00000006b28eb228}> (0x00000006b28eb228) 
thrown [s\src\hotspot\share\prims\jni.cpp, line 520]

ZGC Phase Switch (0 events):
No events

VM Operations (20 events):
Event: 43629.125 Executing VM operation: G1CollectForAllocation (G1 Evacuation Pause)
Event: 43629.130 Executing VM operation: G1CollectForAllocation (G1 Evacuation Pause) done
Event: 43641.176 Executing VM operation: G1CollectForAllocation (G1 Evacuation Pause)
Event: 43641.180 Executing VM operation: G1CollectForAllocation (G1 Evacuation Pause) done
Event: 43643.181 Executing VM operation: G1CollectForAllocation (G1 Evacuation Pause)
Event: 43643.185 Executing VM operation: G1CollectForAllocation (G1 Evacuation Pause) done
Event: 43645.175 Executing VM operation: G1CollectForAllocation (G1 Evacuation Pause)
Event: 43645.180 Executing VM operation: G1CollectForAllocation (G1 Evacuation Pause) done
Event: 43647.193 Executing VM operation: G1CollectForAllocation (G1 Evacuation Pause)
Event: 43647.199 Executing VM operation: G1CollectForAllocation (G1 Evacuation Pause) done
Event: 43649.697 Executing VM operation: G1CollectForAllocation (G1 Evacuation Pause)
Event: 43649.702 Executing VM operation: G1CollectForAllocation (G1 Evacuation Pause) done
Event: 43656.995 Executing VM operation: G1CollectFull (System.gc())
Event: 43657.151 Executing VM operation: G1CollectFull (System.gc()) done
Event: 43685.624 Executing VM operation: HandshakeAllThreads (HandshakeForDeflation)
Event: 43685.624 Executing VM operation: HandshakeAllThreads (HandshakeForDeflation) done
Event: 43685.624 Executing VM operation: RendezvousGCThreads
Event: 43685.624 Executing VM operation: RendezvousGCThreads done
Event: 43695.363 Executing VM operation: G1CollectForAllocation (G1 Evacuation Pause)
Event: 43695.366 Executing VM operation: G1CollectForAllocation (G1 Evacuation Pause) done

Memory protections (0 events):
No events

Nmethod flushes (20 events):
Event: 43657.084 Thread 0x000001f26d02e4d0 flushing  nmethod 0x000001f200f47910
Event: 43657.084 Thread 0x000001f26d02e4d0 flushing  nmethod 0x000001f201010b10
Event: 43657.084 Thread 0x000001f26d02e4d0 flushing  nmethod 0x000001f201494f90
Event: 43657.084 Thread 0x000001f26d02e4d0 flushing  nmethod 0x000001f201b1e890
Event: 43657.084 Thread 0x000001f26d02e4d0 flushing  nmethod 0x000001f20029fa90
Event: 43657.084 Thread 0x000001f26d02e4d0 flushing  nmethod 0x000001f2007eee10
Event: 43657.084 Thread 0x000001f26d02e4d0 flushing  nmethod 0x000001f200858510
Event: 43657.084 Thread 0x000001f26d02e4d0 flushing  nmethod 0x000001f200993210
Event: 43657.084 Thread 0x000001f26d02e4d0 flushing  nmethod 0x000001f200ff4810
Event: 43657.084 Thread 0x000001f26d02e4d0 flushing  nmethod 0x000001f2013e3510
Event: 43657.084 Thread 0x000001f26d02e4d0 flushing  nmethod 0x000001f2091ec210
Event: 43657.084 Thread 0x000001f26d02e4d0 flushing  nmethod 0x000001f2000bc390
Event: 43657.084 Thread 0x000001f26d02e4d0 flushing  nmethod 0x000001f2004be010
Event: 43657.084 Thread 0x000001f26d02e4d0 flushing  nmethod 0x000001f200688b10
Event: 43657.084 Thread 0x000001f26d02e4d0 flushing  nmethod 0x000001f20075dd10
Event: 43657.084 Thread 0x000001f26d02e4d0 flushing  nmethod 0x000001f20081b110
Event: 43657.084 Thread 0x000001f26d02e4d0 flushing  nmethod 0x000001f20081bd10
Event: 43657.084 Thread 0x000001f26d02e4d0 flushing  nmethod 0x000001f200ace990
Event: 43657.085 Thread 0x000001f26d02e4d0 flushing  nmethod 0x000001f2013f2410
Event: 43657.085 Thread 0x000001f26d02e4d0 flushing  nmethod 0x000001f201cf3690

Events (20 events):
Event: 43692.513 Thread 0x000001f2996895b0 Thread exited: 0x000001f2996895b0
Event: 43693.102 Thread 0x000001f25d931010 Thread added: 0x000001f2996895b0
Event: 43693.103 Thread 0x000001f2996895b0 Thread exited: 0x000001f2996895b0
Event: 43693.520 Thread 0x000001f25d931010 Thread added: 0x000001f2996895b0
Event: 43693.521 Thread 0x000001f2996895b0 Thread exited: 0x000001f2996895b0
Event: 43694.330 Thread 0x000001f25d931010 Thread added: 0x000001f2996895b0
Event: 43694.330 Thread 0x000001f25d931010 Thread added: 0x000001f299686130
Event: 43694.335 Thread 0x000001f2996895b0 Thread exited: 0x000001f2996895b0
Event: 43694.345 Thread 0x000001f25d931010 Thread added: 0x000001f299689c40
Event: 43694.345 Thread 0x000001f25d931010 Thread added: 0x000001f2996895b0
Event: 43694.354 Thread 0x000001f299689c40 Thread exited: 0x000001f299689c40
Event: 43694.354 Thread 0x000001f2996895b0 Thread exited: 0x000001f2996895b0
Event: 43694.361 Thread 0x000001f25d931010 Thread added: 0x000001f2996895b0
Event: 43694.531 Thread 0x000001f25d931010 Thread added: 0x000001f299689c40
Event: 43694.532 Thread 0x000001f299689c40 Thread exited: 0x000001f299689c40
Event: 43695.324 Thread 0x000001f25d931010 Thread added: 0x000001f299689c40
Event: 43695.333 Thread 0x000001f299689c40 Thread exited: 0x000001f299689c40
Event: 43695.379 Thread 0x000001f299686130 Thread exited: 0x000001f299686130
Event: 43695.402 Thread 0x000001f25d931010 Thread added: 0x000001f299686130
Event: 43695.404 Thread 0x000001f2996895b0 Thread exited: 0x000001f2996895b0


Dynamic libraries:
0x00007ff747230000 - 0x00007ff747238000 	C:\AMDDesignTools\2025.2\Vivado\bin\unwrapped\win64.o\vivado.exe
0x00007fff62ec0000 - 0x00007fff63127000 	C:\WINDOWS\SYSTEM32\ntdll.dll
0x00007fff62130000 - 0x00007fff621f9000 	C:\WINDOWS\System32\KERNEL32.DLL
0x00007fff60420000 - 0x00007fff60814000 	C:\WINDOWS\System32\KERNELBASE.dll
0x00007fff5a1e0000 - 0x00007fff5a27f000 	C:\WINDOWS\SYSTEM32\apphelp.dll
0x00007fff60990000 - 0x00007fff60adb000 	C:\WINDOWS\System32\ucrtbase.dll
0x00007fff4f290000 - 0x00007fff4f318000 	C:\WINDOWS\SYSTEM32\MSVCP140.dll
0x00007fff531f0000 - 0x00007fff5320e000 	C:\WINDOWS\SYSTEM32\VCRUNTIME140.dll
0x00007fff532f0000 - 0x00007fff532fb000 	C:\WINDOWS\SYSTEM32\VCRUNTIME140_1.dll
0x00007fff25e70000 - 0x00007fff25ea3000 	C:\AMDDesignTools\2025.2\Vivado\lib\win64.o\xv_commonmain.dll
0x00007ffe408b0000 - 0x00007ffe4206a000 	C:\AMDDesignTools\2025.2\Vivado\lib\win64.o\xv_common.dll
0x00007fff60e90000 - 0x00007fff61055000 	C:\WINDOWS\System32\USER32.dll
0x00007fff60820000 - 0x00007fff60847000 	C:\WINDOWS\System32\win32u.dll
0x00007fff60c50000 - 0x00007fff60c7b000 	C:\WINDOWS\System32\GDI32.dll
0x00007fff60230000 - 0x00007fff6035a000 	C:\WINDOWS\System32\gdi32full.dll
0x00007fff60850000 - 0x00007fff608f3000 	C:\WINDOWS\System32\msvcp_win.dll
0x00007fff58d00000 - 0x00007fff58d0c000 	C:\AMDDesignTools\2025.2\Vivado\lib\win64.o\xv_commonversion.dll
0x00007fff61f60000 - 0x00007fff62016000 	C:\WINDOWS\System32\ADVAPI32.dll
0x00007ffef99a0000 - 0x00007ffef9bf9000 	C:\AMDDesignTools\2025.2\Vivado\lib\win64.o\xv_commonxillic.dll
0x00007fff61330000 - 0x00007fff613d9000 	C:\WINDOWS\System32\msvcrt.dll
0x00007fff612a0000 - 0x00007fff61320000 	C:\WINDOWS\System32\WS2_32.dll
0x00007fff61cd0000 - 0x00007fff61d77000 	C:\WINDOWS\System32\sechost.dll
0x00007fff62690000 - 0x00007fff627a8000 	C:\WINDOWS\System32\RPCRT4.dll
0x00007fff61560000 - 0x00007fff61cc6000 	C:\WINDOWS\System32\SHELL32.dll
0x00007ffef97d0000 - 0x00007ffef9995000 	C:\AMDDesignTools\2025.2\Vivado\lib\win64.o\tcl86t.dll
0x00007fff60ae0000 - 0x00007fff60c4a000 	C:\WINDOWS\System32\wintypes.dll
0x00007fff25e40000 - 0x00007fff25e6a000 	C:\AMDDesignTools\2025.2\Vivado\lib\win64.o\boost_filesystem.dll
0x00007fff62ab0000 - 0x00007fff62e32000 	C:\WINDOWS\System32\combase.dll
0x00007ffe48cd0000 - 0x00007ffe4941b000 	C:\AMDDesignTools\2025.2\Vivado\tps\win64\python-3.13.0\python313.dll
0x00007fff60900000 - 0x00007fff60982000 	C:\WINDOWS\System32\WINTRUST.dll
0x00007fff39df0000 - 0x00007fff39dfa000 	C:\WINDOWS\SYSTEM32\WSOCK32.dll
0x00007fff3ecd0000 - 0x00007fff3ecea000 	C:\WINDOWS\SYSTEM32\NETAPI32.dll
0x00007fff4d8a0000 - 0x00007fff4db35000 	C:\WINDOWS\SYSTEM32\WININET.dll
0x00007fff56d40000 - 0x00007fff56e6d000 	C:\WINDOWS\SYSTEM32\WINHTTP.dll
0x00007fff35f10000 - 0x00007fff360ef000 	C:\WINDOWS\SYSTEM32\urlmon.dll
0x00007fff5f790000 - 0x00007fff5fff5000 	C:\WINDOWS\System32\windows.storage.dll
0x00007ffe397a0000 - 0x00007ffe3a82e000 	C:\AMDDesignTools\2025.2\Vivado\lib\win64.o\xv_isl_iostreams.dll
0x00007fff5f680000 - 0x00007fff5f6aa000 	C:\WINDOWS\SYSTEM32\bcrypt.dll
0x00007fff5ebb0000 - 0x00007fff5ebe3000 	C:\WINDOWS\SYSTEM32\USERENV.dll
0x00007ffe65770000 - 0x00007ffe65a86000 	C:\AMDDesignTools\2025.2\Vivado\lib\win64.o\libXil_lmgr11.dll
0x00007ffefd3b0000 - 0x00007ffefd4f4000 	C:\AMDDesignTools\2025.2\Vivado\lib\win64.o\boost_regex.dll
0x00007fff60cb0000 - 0x00007fff60d9f000 	C:\WINDOWS\System32\COMDLG32.dll
0x00007fff25e10000 - 0x00007fff25e3a000 	C:\AMDDesignTools\2025.2\Vivado\lib\win64.o\zlib1.dll
0x00007fff629a0000 - 0x00007fff62a97000 	C:\WINDOWS\System32\shcore.dll
0x00007fff61230000 - 0x00007fff61296000 	C:\WINDOWS\System32\SHLWAPI.dll
0x00007fff61470000 - 0x00007fff61547000 	C:\WINDOWS\System32\OLEAUT32.dll
0x00007fff61090000 - 0x00007fff61227000 	C:\WINDOWS\System32\ole32.dll
0x00007fff60000000 - 0x00007fff60177000 	C:\WINDOWS\System32\CRYPT32.dll
0x00007fff25cb0000 - 0x00007fff25cd7000 	C:\AMDDesignTools\2025.2\Vivado\lib\win64.o\boost_thread.dll
0x00007fff54710000 - 0x00007fff5472a000 	C:\AMDDesignTools\2025.2\Vivado\lib\win64.o\boost_date_time.dll
0x00007fff25bd0000 - 0x00007fff25bf1000 	C:\AMDDesignTools\2025.2\Vivado\lib\win64.o\boost_iostreams.dll
0x00007fff25ba0000 - 0x00007fff25bc5000 	C:\AMDDesignTools\2025.2\Vivado\lib\win64.o\xv_isl_sysinfo.dll
0x00007ffe389f0000 - 0x00007ffe3979b000 	C:\AMDDesignTools\2025.2\Vivado\lib\win64.o\xv_common_protobuf.dll
0x00007fff255e0000 - 0x00007fff25676000 	C:\AMDDesignTools\2025.2\Vivado\lib\win64.o\boost_program_options.dll
0x00007fff58cf0000 - 0x00007fff58d00000 	C:\AMDDesignTools\2025.2\Vivado\lib\win64.o\xv_boost_xilinx.dll
0x00007ffe45740000 - 0x00007ffe45bf2000 	C:\AMDDesignTools\2025.2\Vivado\lib\win64.o\xv_COIN-all.dll
0x00007fff38480000 - 0x00007fff3849c000 	C:\AMDDesignTools\2025.2\Vivado\lib\win64.o\librdiconfig.dll
0x00007fff25490000 - 0x00007fff25527000 	C:\AMDDesignTools\2025.2\Vivado\lib\win64.o\libhdxml.dll
0x00007ffe35e40000 - 0x00007ffe37d57000 	C:\AMDDesignTools\2025.2\Vivado\lib\win64.o\gurobi90.dll
0x00007fff60db0000 - 0x00007fff60e22000 	C:\WINDOWS\System32\WLDAP32.dll
0x00007fff25fd0000 - 0x00007fff25fed000 	C:\AMDDesignTools\2025.2\Vivado\lib\win64.o\pthreadVC2.dll
0x00007fff61460000 - 0x00007fff61468000 	C:\WINDOWS\System32\Normaliz.dll
0x00007fff21600000 - 0x00007fff21678000 	C:\AMDDesignTools\2025.2\Vivado\lib\win64.o\xv_lmx.dll
0x00007fff0e760000 - 0x00007fff0e812000 	C:\AMDDesignTools\2025.2\Vivado\lib\win64.o\libzstd.dll
0x00007fff0bcd0000 - 0x00007fff0bd52000 	C:\AMDDesignTools\2025.2\Vivado\lib\win64.o\libhdlpsolve.dll
0x00007fff25700000 - 0x00007fff25724000 	C:\AMDDesignTools\2025.2\Vivado\lib\win64.o\librdizlib.dll
0x00007ffec06a0000 - 0x00007ffec094d000 	C:\AMDDesignTools\2025.2\Vivado\lib\win64.o\xerces-c_3_3.dll
0x00007fff21400000 - 0x00007fff21436000 	C:\WINDOWS\SYSTEM32\VCOMP140.DLL
0x00007fff54020000 - 0x00007fff5402b000 	C:\WINDOWS\SYSTEM32\VERSION.dll
0x00007fff35c40000 - 0x00007fff35f04000 	C:\WINDOWS\SYSTEM32\iertutil.dll
0x00007fff25f30000 - 0x00007fff25f4c000 	C:\AMDDesignTools\2025.2\Vivado\lib\win64.o\xv_isl_iosutils.dll
0x00007fff3ce20000 - 0x00007fff3ced5000 	C:\WINDOWS\WinSxS\amd64_microsoft.windows.common-controls_6595b64144ccf1df_5.82.26100.8115_none_87ecef177a2e8a19\COMCTL32.dll
0x00007fff56e70000 - 0x00007fff56e95000 	C:\WINDOWS\SYSTEM32\dhcpcsvc.DLL
0x00007fff3eca0000 - 0x00007fff3ecc9000 	C:\WINDOWS\SYSTEM32\srvcli.dll
0x00007fff5ddf0000 - 0x00007fff5ddfd000 	C:\WINDOWS\SYSTEM32\netutils.dll
0x00007fff5e8d0000 - 0x00007fff5e917000 	C:\WINDOWS\SYSTEM32\LOGONCLI.DLL
0x00007fff5eb00000 - 0x00007fff5eb6c000 	C:\WINDOWS\SYSTEM32\MSWSOCK.DLL
0x00007fff5dea0000 - 0x00007fff5debb000 	C:\WINDOWS\SYSTEM32\SAMCLI.DLL
0x00007fff62e40000 - 0x00007fff62e72000 	C:\WINDOWS\System32\IMM32.DLL
0x00007fff5ef00000 - 0x00007fff5ef13000 	C:\WINDOWS\SYSTEM32\MSASN1.dll
0x00007fff5ee00000 - 0x00007fff5ee1b000 	C:\WINDOWS\SYSTEM32\CRYPTSP.dll
0x00007fff5e480000 - 0x00007fff5e4b9000 	C:\WINDOWS\system32\rsaenh.dll
0x00007fff5ee40000 - 0x00007fff5ee4c000 	C:\WINDOWS\SYSTEM32\CRYPTBASE.dll
0x00007fff60180000 - 0x00007fff60225000 	C:\WINDOWS\System32\bcryptPrimitives.dll
0x00007fff5e520000 - 0x00007fff5e53b000 	C:\WINDOWS\SYSTEM32\kernel.appcore.dll
0x00007fff61060000 - 0x00007fff61080000 	C:\WINDOWS\System32\imagehlp.dll
0x00007ffe401a0000 - 0x00007ffe408a4000 	C:\AMDDesignTools\2025.2\Vivado\lib\win64.o\xv_commontasks.dll
0x00007ffe45230000 - 0x00007ffe45730600 	C:\AMDDesignTools\2025.2\Vivado\lib\win64.o\xv_sio.dll
0x00007ffe350b0000 - 0x00007ffe35e3f000 	C:\AMDDesignTools\2025.2\Vivado\tps\win64\jre21.0.5_11\bin\server\jvm.dll
0x00007fff5dec0000 - 0x00007fff5def2000 	C:\WINDOWS\SYSTEM32\IPHLPAPI.DLL
0x00007fff5ee90000 - 0x00007fff5eeee000 	C:\WINDOWS\SYSTEM32\POWRPROF.dll
0x00007fff49670000 - 0x00007fff496a6000 	C:\WINDOWS\SYSTEM32\WINMM.dll
0x00007fff5ee20000 - 0x00007fff5ee34000 	C:\WINDOWS\SYSTEM32\UMPDC.dll
0x00007fff5eb70000 - 0x00007fff5eba0000 	C:\WINDOWS\SYSTEM32\gpapi.dll
0x00007fff53be0000 - 0x00007fff53c1b000 	C:\Windows\System32\cryptnet.dll
0x00007fff5f6b0000 - 0x00007fff5f6d9000 	C:\WINDOWS\SYSTEM32\profapi.dll
0x00007fff5a590000 - 0x00007fff5a59e000 	C:\WINDOWS\SYSTEM32\WINNSI.DLL
0x00007fff62aa0000 - 0x00007fff62aaa000 	C:\WINDOWS\System32\NSI.dll
0x00007fff5e830000 - 0x00007fff5e879000 	C:\WINDOWS\SYSTEM32\SspiCli.dll
0x00007fff2ca40000 - 0x00007fff2ca58000 	C:\WINDOWS\system32\napinsp.dll
0x00007fff5dfd0000 - 0x00007fff5e102000 	C:\WINDOWS\SYSTEM32\DNSAPI.dll
0x00007fff2b910000 - 0x00007fff2b923000 	C:\WINDOWS\System32\winrnr.dll
0x00007fff2b8e0000 - 0x00007fff2b902000 	C:\WINDOWS\system32\nlansp_c.dll
0x00007fff55ba0000 - 0x00007fff55bb6000 	C:\WINDOWS\system32\wshbth.dll
0x000000006e270000 - 0x000000006e27b000 	C:\Program Files\National Instruments\Shared\mDNS Responder\nimdnsNSP.dll
0x000000006e250000 - 0x000000006e261000 	C:\WINDOWS\SYSTEM32\nimdnsResponder.dll
0x00007fff556b0000 - 0x00007fff556cb000 	C:\WINDOWS\SYSTEM32\wkscli.dll
0x00007fff30f70000 - 0x00007fff30f83000 	C:\WINDOWS\SYSTEM32\cscapi.dll
0x00007ffe30e70000 - 0x00007ffe350a7000 	C:\AMDDesignTools\2025.2\Vivado\lib\win64.o\xv_tcltasks.dll
0x00007ffefabe0000 - 0x00007ffefacc7000 	C:\AMDDesignTools\2025.2\Vivado\lib\win64.o\xv_xhubtasks.dll
0x00007ffe302d0000 - 0x00007ffe30e6c000 	C:\AMDDesignTools\2025.2\Vivado\lib\win64.o\xv_project.dll
0x00007ffe48370000 - 0x00007ffe4867f000 	C:\AMDDesignTools\2025.2\Vivado\lib\win64.o\xv_projectvivado.dll
0x00007ffe2e330000 - 0x00007ffe302c2000 	C:\AMDDesignTools\2025.2\Vivado\lib\win64.o\xv_implflow.dll
0x00007ffe2d490000 - 0x00007ffe2e322000 	C:\AMDDesignTools\2025.2\Vivado\lib\win64.o\xv_power.dll
0x00007ffe38430000 - 0x00007ffe389e5000 	C:\AMDDesignTools\2025.2\Vivado\lib\win64.o\xv_dfximpl.dll
0x00007ffe230b0000 - 0x00007ffe23da1000 	C:\AMDDesignTools\2025.2\Vivado\lib\win64.o\xv_lopt.dll
0x00007ffe7a420000 - 0x00007ffe7a688600 	C:\AMDDesignTools\2025.2\Vivado\lib\win64.o\xv_checkpoint.dll
0x00007ffe229e0000 - 0x00007ffe230a9000 	C:\AMDDesignTools\2025.2\Vivado\lib\win64.o\xv_runs.dll
0x00007ffe23db0000 - 0x00007ffe273f7000 	C:\AMDDesignTools\2025.2\Vivado\lib\win64.o\xv_route.dll
0x00007ffef5710000 - 0x00007ffef587f000 	C:\AMDDesignTools\2025.2\Vivado\lib\win64.o\xv_chipscope.dll
0x00007ffe3ff10000 - 0x00007ffe4019c000 	C:\AMDDesignTools\2025.2\Vivado\lib\win64.o\xv_chipscopeimpl.dll
0x00007ffe209f0000 - 0x00007ffe216c9000 	C:\AMDDesignTools\2025.2\Vivado\lib\win64.o\xv_rsb.dll
0x00007ffe27400000 - 0x00007ffe2d482000 	C:\AMDDesignTools\2025.2\Vivado\lib\win64.o\xv_place.dll
0x00007ffe1ce70000 - 0x00007ffe1d989000 	C:\AMDDesignTools\2025.2\Vivado\lib\win64.o\xv_drc.dll
0x00007ffe1b020000 - 0x00007ffe1b503000 	C:\AMDDesignTools\2025.2\Vivado\lib\win64.o\xv_dlyest.dll
0x00007ffe1ab30000 - 0x00007ffe1b018000 	C:\AMDDesignTools\2025.2\Vivado\lib\win64.o\xv_vsta.dll
0x00007ffe1b510000 - 0x00007ffe1ce64000 	C:\AMDDesignTools\2025.2\Vivado\lib\win64.o\xv_timing.dll
0x00007ffefa160000 - 0x00007ffefa270000 	C:\AMDDesignTools\2025.2\Vivado\lib\win64.o\xv_dsp.dll

dbghelp: loaded successfully - version: 4.0.5 - missing functions: none
symbol engine: initialized successfully - sym options: 0x614 - pdb path: .;C:\AMDDesignTools\2025.2\Vivado\bin\unwrapped\win64.o;C:\WINDOWS\SYSTEM32;C:\AMDDesignTools\2025.2\Vivado\lib\win64.o;C:\AMDDesignTools\2025.2\Vivado\tps\win64\python-3.13.0;C:\WINDOWS\WinSxS\amd64_microsoft.windows.common-controls_6595b64144ccf1df_5.82.26100.8115_none_87ecef177a2e8a19;C:\AMDDesignTools\2025.2\Vivado\tps\win64\jre21.0.5_11\bin\server;C:\Program Files\National Instruments\Shared\mDNS Responder;C:\AMDDesignTools\2025.2\Vivado\tps\win64\jre21.0.5_11\bin;C:\WINDOWS\WinSxS\amd64_microsoft.windows.common-controls_6595b64144ccf1df_6.0.26100.8115_none_3e075c82e3354f9c;C:\WINDOWS\WinSxS\amd64_microsoft.windows.gdiplus_6595b64144ccf1df_1.1.26100.8115_none_6ef24f683dc7c96a

VM Arguments:
jvm_args: -Dsun.java2d.pmoffscreen=false -Dhttps.protocols=TLSv1,TLSv1.1,TLSv1.2 -Dsun.java2d.xrender=false -Dsun.java2d.d3d=false -Dsun.awt.nopixfmt=true -Dsun.java2d.dpiaware=true -Dsun.java2d.uiScale.enabled=false -Dswing.aatext=true -XX:-UsePerfData -Djdk.map.althashing.threshold=512 -XX:StringTableSize=4072 -XX:+UseStringDeduplication -XX:MaxGCPauseMillis=200 -XX:ParallelGCThreads=4 -XX:+ParallelRefProcEnabled --add-opens=java.desktop/javax.swing.plaf.synth=ALL-UNNAMED --add-opens=java.base/java.nio=ALL-UNNAMED --add-opens=java.desktop/sun.swing=ALL-UNNAMED --add-opens=java.desktop/javax.swing=ALL-UNNAMED --add-opens=java.desktop/javax.swing.tree=ALL-UNNAMED --add-opens=java.desktop/javax.swing.plaf.basic=ALL-UNNAMED --add-opens=java.desktop/javax.swing.plaf.synth=ALL-UNNAMED --add-opens=java.desktop/javax.swing.plaf.basic=ALL-UNNAMED --add-opens=java.desktop/javax.swing=ALL-UNNAMED --add-opens=java.desktop/javax.swing.tree=ALL-UNNAMED --add-opens=java.desktop/java.awt.event=ALL-UNNAMED --add-exports=java.desktop/javax.swing.plaf.synth=ALL-UNNAMED --add-exports=java.base/java.nio=ALL-UNNAMED --add-exports=java.desktop/sun.swing=ALL-UNNAMED --add-exports=java.desktop/javax.swing=ALL-UNNAMED --add-exports=java.desktop/javax.swing.tree=ALL-UNNAMED --add-exports=java.desktop/javax.swing.plaf.basic=ALL-UNNAMED --add-exports=java.desktop/sun.swing=ALL-UNNAMED --add-exports=java.desktop/sun.swing.table=ALL-UNNAMED --add-exports=java.desktop/sun.swing.plaf.synth=ALL-UNNAMED --add-exports=java.desktop/sun.awt.shell=ALL-UNNAMED --add-exports=java.base/sun.security.action=ALL-UNNAMED --add-exports=java.desktop/sun.font=ALL-UNNAMED -XX:NewSize=80m -XX:MaxNewSize=80m -Xms812m -Xmx6144m -Xss10m 
java_command: <unknown>
java_class_path (initial): C:/AMDDesignTools/2025.2/Vivado\lib\classes\animal-sniffer-annotations-1.21.jar;C:/AMDDesignTools/2025.2/Vivado\lib\classes\annotations-4.1.1.4.jar;C:/AMDDesignTools/2025.2/Vivado\lib\classes\antlrall.jar;C:/AMDDesignTools/2025.2/Vivado\lib\classes\apiguardian-api-1.1.0.jar;C:/AMDDesignTools/2025.2/Vivado\lib\classes\autoesl-models-1.0.0-105.jar;C:/AMDDesignTools/2025.2/Vivado\lib\classes\batik-anim-1.0.0-105.jar;C:/AMDDesignTools/2025.2/Vivado\lib\classes\batik-awt-util-1.0.0-105.jar;C:/AMDDesignTools/2025.2/Vivado\lib\classes\batik-bridge-1.0.0-105.jar;C:/AMDDesignTools/2025.2/Vivado\lib\classes\batik-codec-1.0.0-105.jar;C:/AMDDesignTools/2025.2/Vivado\lib\classes\batik-constants-1.0.0-105.jar;C:/AMDDesignTools/2025.2/Vivado\lib\classes\batik-css-1.0.0-105.jar;C:/AMDDesignTools/2025.2/Vivado\lib\classes\batik-dom-1.0.0-105.jar;C:/AMDDesignTools/2025.2/Vivado\lib\classes\batik-ext-1.0.0-105.jar;C:/AMDDesignTools/2025.2/Vivado\lib\classes\batik-gui-util-1.0.0-105.jar;C:/AMDDesignTools/2025.2/Vivado\lib\classes\batik-gvt-1.0.0-105.jar;C:/AMDDesignTools/2025.2/Vivado\lib\classes\batik-i18n-1.0.0-105.jar;C:/AMDDesignTools/2025.2/Vivado\lib\classes\batik-parser-1.0.0-105.jar;C:/AMDDesignTools/2025.2/Vivado\lib\classes\batik-script-1.0.0-105.jar;C:/AMDDesignTools/2025.2/Vivado\lib\classes\batik-svg-dom-1.0.0-105.jar;C:/AMDDesignTools/2025.2/Vivado\lib\classes\batik-svggen-1.0.0-105.jar;C:/AMDDesignTools/2025.2/Vivado\lib\classes\batik-swing-1.0.0-105.jar;C:/AMDDesignTools/2025.2/Vivado\lib\classes\batik-transcoder-1.0.0-105.jar;C:/AMDDesignTools/2025.2/Vivado\lib\classes\batik-util-1.0.0-105.jar;C:/AMDDesignTools/2025.2/Vivado\lib\classes\batik-xml-1.0.0-105.jar;C:/AMDDesignTools/2025.2/Vivado\lib\classes\checker-qual-3.12.0.jar;C:/AMDDesignTools/2025.2/Vivado\lib\classes\com.fasterxml.jackson.core.jackson-annotations_2.12.1.v20210128-1726-1.0.0-105.jar;C:/AMDDesignTools/2025.2/Vivado\lib\classes\com.fasterxml.jackson.core.jackson-core_2.12.1.v20210128-1726-1.0.0-105.jar;C:/AMDDesignTools/2025.2/Vivado\lib\classes\com.fasterxml.jackson.core.jackson-databind_2.12.1.v20210128-1726-1.0.0-105.jar;C:/AMDDesignTools/2025.2/Vivado\lib\classes\commons-collections4-4.1-3.8.0-105.jar;C:/AMDDesignTools/2025.2/Vivado\lib\classes\commons-compress-1.21-3.8.0-105.jar;C:/AMDDesignTools/2025.2/Vivado\lib\classes\commons-io-2.6.jar;C:/AMDDesignTools/2025.2/Vivado\lib\classes\commons-math-2.2-3.8.0-105.jar;C:/AMDDesignTools/2025.2/Vivado\lib\classes\DispatchProtocol-1.24.0-665.jar;C:/AMDDesignTools/2025.2/Vivado\lib\classes\error_prone_annotations-2.18.0.jar;C:/AMDDesignTools/2025.2/Vivado\lib\classes\failureaccess-1.0.1.jar;C:/AMDDesignTools/2025.2/Vivado\lib\classes\frank_frameworks-1.0.0-665.jar;C:/AMDDesignTools/2025.2/Vivado\lib\classes\grpc-api-1.54.1.jar;C:/AMDDesignTools/2025.2/Vivado\lib\classes\grpc-context-1.54.1.jar;C:/AMDDesignTools/2025.2/Vivado\lib\classes\grpc-core-1.54.1.jar;C:/AMDDesignTools/2025.2/Vivado\lib\classes\grpc-netty-shaded-1.54.1.jar;C:/AMDDesignTools/2025.2/Vivado\lib\classes\grpc-protobuf-1.54.1.jar;C:/AMDDesignTools/2025.2/Vivado\lib\classes\grpc-protobuf-lite-1.54.1.jar;C:/AMDDesignTools/2025.2/Vivado\lib\classes\grpc-stub-1.54.1.jar;C:/AMDDesignTools/2025.2/Vivado\lib\classes\gson-2.9.0.jar;C:/AMDDesignTools/2025.2/Vivado\lib\classes\guava-31.1-android.jar;C:/AMDDesignTools/2025.2/Vivado\lib\classes\help-1.24.0-409.jar;C:/AMDDesignTools/2025.2/Vivado\lib\classes\j2objc-annotations-1.3.jar;C:/AMDDesignTools/2025.2/Vivado\lib\classes\javax.annotation-api-1.3.2.jar;C:/AMDDesignTools/2025.2/Vivado\lib\classes\jaxb-api-2.3.0.jar;C:/AMDDesignTools/2025.2/Vivado\lib\classes\jericho-html-3.4-1.0.0-105.jar;C:/AMDDesignTools/2025.2/Vivado\lib\classes\jh-2.0.05-105.jar;C:/AMDDesignTools/2025.2/Vivado\lib\classes\jide-action-3.8.0-105.jar;C:/AMDDesignTools/2025.2/Vivado\lib\classes\jide-charts-3.8.0-105.jar;C:/AMDDesignTools/2025.2/Vivado\lib\classes\jide-common-3.8.0-105.jar;C:/AMDDesignTools/2025.2/Vivado\lib\classes\jide-components-3.8.0-105.jar;C:/AMDDesignTools/2025.2/Vivado\lib\classes\jide-dashboard-3.8.0-105.jar;C:/AMDDesignTools/2025.2/Vivado\lib\classes\jide-data-3.8.0-105.jar;C:/AMDDesignTools/2025.2/Vivado\lib\classes\jide-dialogs-3.8.0-105.jar;C:/AMDDesignTools/2025.2/Vivado\lib\classes\jide-diff-3.8.0-105.jar;C:/AMDDesignTools/2025.2/Vivado\lib\classes\jide-dock-3.8.0-105.jar;C:/AMDDesignTools/2025.2/Vivado\lib\classes\jide-editor-3.8.0-105.jar;C:/AMDDesignTools/2025.2/Vivado\lib\classes\jide-gantt-3.8.0-105.jar;C:/AMDDesignTools/2025.2/Vivado\lib\classes\jide-grids-3.8.0-105.jar;C:/AMDDesignTools/2025.2/Vivado\lib\classes\jide-pivot-3.8.0-105.jar;C:/AMDDesignTools/2025.2/Vivado\lib\classes\jide-plaf-jdk7-3.8.0-105.jar;C:/AMDDesignTools/2025.2/Vivado\lib\classes\jide-properties-3.8.0-105.jar;C:/AMDDesignTools/2025.2/Vivado\lib\classes\jide-shortcut-3.8.0-105.jar;C:/AMDDesignTools/2025.2/Vivado\lib\classes\jide-treemap-3.8.0-105.jar;C:/AMDDesignTools/2025.2/Vivado\lib\classes\JRCClient-1.24.0-665.jar;C:/AMDDesignTools/2025.2/Vivado\lib\classes\jsr305-3.0.2.jar;C:/AMDDesignTools/2025.2/Vivado\lib\classes\junit-jupiter-api-5.6.2.jar;C:/AMDDesignTools/2025.2/Vivado\lib\classes\junit-platform-commons-1.6.2.jar;C:/AMDDesignTools/2025.2/Vivado\lib\classes\jydocking-3.3.1-105.jar;C:/AMDDesignTools/2025.2/Vivado\lib\classes\jytable-3.3.1-105.jar;C:/AMDDesignTools/2025.2/Vivado\lib\classes\jywidgets-3.3.1-105.jar;C:/AMDDesignTools/2025.2/Vivado\lib\classes\listenablefuture-9999.0-empty-to-avoid-conflict-with-guava.jar;C:/AMDDesignTools/2025.2/Vivado\lib\classes\logback-classic-1.4.7.jar;C:/AMDDesignTools/2025.2/Vivado\lib\classes\logback-core-1.4.7.jar;C:/AMDDesignTools/2025.2/Vivado\lib\classes\lucene-core-4.10.2-3.8.0-105.jar;C:/AMDDesignTools/2025.2/Vivado\lib\classes\lucene-queryparser-4.10.2-3.8.0-105.jar;C:/AMDDesignTools/2025.2/Vivado\lib\classes\miglayout-3.7.3.1.jar;C:/AMDDesignTools/2025.2/Vivado\lib\classes\nlview_java-1.0.0-105.jar;C:/AMDDesignTools/2025.2/Vivado\lib\classes\opentest4j-1.2.0.jar;C:/AMDDesignTools/2025.2/Vivado\lib\classes\org.apache.commons.lang_2.6.0.v201404270220-1.0.0-105.jar;C:/AMDDesignTools/2025.2/Vivado\lib\classes\org.eclipse.core.commands-3.6.0-1.0.0-105.jar;C:/AMDDesignTools/2025.2/Vivado\lib\classes\org.eclipse.core.filesystem_1.7.400.v20190518-1151-1.0.0-105.jar;C:/AMDDesignTools/2025.2/Vivado\lib\classes\org.eclipse.core.jobs_3.10.400.v20190506-1457-1.0.0-105.jar;C:/AMDDesignTools/2025.2/Vivado\lib\classes\org.eclipse.core.resources_3.13.400.v20190505-1655-1.0.0-105.jar;C:/AMDDesignTools/2025.2/Vivado\lib\classes\org.eclipse.emf.common_2.18.0.v20191225-1014-1.0.0-105.jar;C:/AMDDesignTools/2025.2/Vivado\lib\classes\org.eclipse.emf.ecore.xmi_2.16.0.v20190528-0725-1.0.0-105.jar;C:/AMDDesignTools/2025.2/Vivado\lib\classes\org.eclipse.emf.ecore_2.21.0.v20200127-1342-1.0.0-105.jar;C:/AMDDesignTools/2025.2/Vivado\lib\classes\org.eclipse.equinox.common_3.11.0.v20200206-0817-1.0.0-105.jar;C:/AMDDesignTools/2025.2/Vivado\lib\classes\org.eclipse.equinox.registry_3.8.400.v20190516-1504-1.0.0-105.jar;C:/AMDDesignTools/2025.2/Vivado\lib\classes\org.eclipse.xtext.util_2.18.0.v20190603-1042-1.0.0-105.jar;C:/AMDDesignTools/2025.2/Vivado\lib\classes\perfmark-api-0.25.0.jar;C:/AMDDesignTools/2025.2/Vivado\lib\classes\picocli-4.1.2.jar;C:/AMDDesignTools/2025.2/Vivado\lib\classes\planAhead.jar;C:/AMDDesignTools/2025.2/Vivado\lib\classes\poi-4.1.1-3.8.0-105.jar;C:/AMDDesignTools/2025.2/Vivado\lib\classes\poi-ooxml-4.1.1-3.8.0-105.jar;C:/AMDDesignTools/2025.2/Vivado\lib\classes\poi-ooxml-schemas-4.1.1-3.8.0-105.jar;C:/AMDDesignTools/2025.2/Vivado\lib\classes\proto-google-common-protos-2.9.0.jar;C:/AMDDesignTools/2025.2/Vivado\lib\classes\protobuf-java-3.21.12.jar;C:/AMDDesignTools/2025.2/Vivado\lib\classes\protobuf-java-util-3.21.12.jar;C:/AMDDesignTools/2025.2/Vivado\lib\classes\RuleService-1.24.0-665.jar;C:/AMDDesignTools/2025.2/Vivado\lib\classes\slf4j-api-2.0.7.jar;C:/AMDDesignTools/2025.2/Vivado\lib\classes\swingx-core-1.6.2-105.jar;C:/AMDDesignTools/2025.2/Vivado\lib\classes\synthetica-3.3.1-105.jar;C:/AMDDesignTools/2025.2/Vivado\lib\classes\syntheticaAddons-3.3.1-105.jar;C:/AMDDesignTools/2025.2/Vivado\lib\classes\syntheticaDark-3.3.1-105.jar;C:/AMDDesignTools/2025.2/Vivado\lib\classes\syntheticaPlain-3.3.1-105.jar;C:/AMDDesignTools/2025.2/Vivado\lib\classes\syntheticaPlainAddon-3.3.1-105.jar;C:/AMDDesignTools/2025.2/Vivado\lib\classes\sysgen.jar;C:/AMDDesignTools/2025.2/Vivado\lib\classes\va-shared-1.0.0-665.jar;C:/AMDDesignTools/2025.2/Vivado\lib\classes\VlmGUI.jar;C:/AMDDesignTools/2025.2/Vivado\lib\classes\xml-apis-ext-1.0.0-105.jar;C:/AMDDesignTools/2025.2/Vivado\lib\classes\xmlbeans-3.1.0-3.8.0-105.jar;C:/AMDDesignTools/2025.2/Vivado\lib\classes\xmlgraphics-commons-1.0.0-105.jar;C:/AMDDesignTools/2025.2/Vivado\lib\classes\yfiles-for-java-swing-3.3.0-105.jar;C:/AMDDesignTools/2025.2/Vivado\lib\classes\windows\gluegen-rt-95.0.4638.69.jar;C:/AMDDesignTools/2025.2/Vivado\lib\classes\windows\gluegen-rt-natives-windows-amd64-95.0.4638.69.jar;C:/AMDDesignTools/2025.2/Vivado\lib\classes\windows\javafx-swt-21.0.5.jar;C:/AMDDesignTools/2025.2/Vivado\lib\classes\windows\javafx.base-21.0.5.jar;C:/AMDDesignTools/2025.2/Vivado\lib\classes\windows\javafx.controls-21.0.5.jar;C:/AMDDesignTools/2025.2/Vivado\lib\classes\windows\javafx.fxml-21.0.5.jar;C:/AMDDesignTools/2025.2/Vivado\lib\classes\windows\javafx.graphics-21.0.5.jar;C:/AMDDesignTools/2025.2/Vivado\lib\classes\windows\javafx.media-21.0.5.jar;C:/AMDDesignTools/2025.2/Vivado\lib\classes\windows\javafx.swing-21.0.5.jar;C:/AMDDesignTools/2025.2/Vivado\lib\classes\windows\javafx.web-21.0.5.jar;C:/AMDDesignTools/2025.2/Vivado\lib\classes\windows\jogl-all-95.0.4638.69.jar;C:/AMDDesignTools/2025.2/Vivado\lib\classes\windows\jogl-all-natives-windows-amd64-95.0.4638.69.jar
Launcher Type: generic

[Global flags]
     intx CICompilerCount                          = 4                                         {product} {ergonomic}
     uint ConcGCThreads                            = 1                                         {product} {ergonomic}
     uint G1ConcRefinementThreads                  = 4                                         {product} {ergonomic}
   size_t G1HeapRegionSize                         = 4194304                                   {product} {ergonomic}
    uintx GCDrainStackTargetSize                   = 64                                        {product} {ergonomic}
   size_t InitialHeapSize                          = 851443712                                 {product} {command line}
   size_t MarkStackSize                            = 4194304                                   {product} {ergonomic}
    uintx MaxGCPauseMillis                         = 200                                       {product} {command line}
   size_t MaxHeapSize                              = 6442450944                                {product} {command line}
   size_t MaxNewSize                               = 83886080                                  {product} {command line}
   size_t MinHeapDeltaBytes                        = 4194304                                   {product} {ergonomic}
   size_t MinHeapSize                              = 851443712                                 {product} {command line}
   size_t NewSize                                  = 83886080                                  {product} {command line}
    uintx NonNMethodCodeHeapSize                   = 5839372                                {pd product} {ergonomic}
    uintx NonProfiledCodeHeapSize                  = 122909434                              {pd product} {ergonomic}
     uint ParallelGCThreads                        = 4                                         {product} {command line}
     bool ParallelRefProcEnabled                   = true                                      {product} {command line}
    uintx ProfiledCodeHeapSize                     = 122909434                              {pd product} {ergonomic}
    uintx ReservedCodeCacheSize                    = 251658240                              {pd product} {ergonomic}
     bool SegmentedCodeCache                       = true                                      {product} {ergonomic}
   size_t SoftMaxHeapSize                          = 6442450944                             {manageable} {ergonomic}
    uintx StringTableSize                          = 4072                                      {product} {command line}
     intx ThreadStackSize                          = 10240                                  {pd product} {command line}
     bool UseCompressedOops                        = true                           {product lp64_product} {ergonomic}
     bool UseG1GC                                  = true                                      {product} {ergonomic}
     bool UseLargePagesIndividualAllocation        = false                                  {pd product} {ergonomic}
     bool UsePerfData                              = false                                     {product} {command line}
     bool UseStringDeduplication                   = true                                      {product} {command line}

Logging:
Log output configuration:
 #0: stdout all=warning uptime,level,tags foldmultilines=false
 #1: stderr all=off uptime,level,tags foldmultilines=false

Environment Variables:
PATH=C:/AMDDesignTools/2025.2/Vivado\tps\win64\python-3.13.0;C:/AMDDesignTools/2025.2/Vivado\tps\win64\python-3.13.0\bin;C:/AMDDesignTools/2025.2/Vivado\tps\win64\python-3.13.0\lib;C:/AMDDesignTools/2025.2/Vivado\tps\win64\python-3.13.0\lib\site-packages;C:/AMDDesignTools/2025.2/Vivado\gnuwin\bin;C:/AMDDesignTools/2025.2/Vivado\gnu\microblaze\nt\bin;C:/AMDDesignTools/2025.2/Vivado/bin;C:/AMDDesignTools/2025.2/Vivado\tps\win64;C:/AMDDesignTools/2025.2/Vivado/tps/win64/java-cef-95.0.4638.69/bin/lib/win64;C:/AMDDesignTools/2025.2/Vivado/tps/win64/javafx-sdk-21.0.5/lib;C:/AMDDesignTools/2025.2/Vivado/tps/win64/javafx-sdk-21.0.5/bin;C:/AMDDesignTools/2025.2/Vivado/lib/win64.o;C:/AMDDesignTools/2025.2/Vivado/tps/win64/jre21.0.5_11/bin/server;C:/AMDDesignTools/2025.2/Vivado/tps/win64/jre21.0.5_11/bin;C:/AMDDesignTools/2025.2/Vitis/bin;C:/AMDDesignTools/2025.2/Vivado/ids_lite/ISE/bin/nt64;C:/AMDDesignTools/2025.2/Vivado/ids_lite/ISE/lib/nt64;C:\Program Files (x86)\VMware\VMware Workstation\bin\;C:\Program Files\Common Files\Oracle\Java\javapath;C:\windows\system32;C:\windows;C:\windows\System32\Wbem;C:\windows\System32\WindowsPowerShell\v1.0\;C:\windows\System32\OpenSSH\;C:\Program Files (x86)\NVIDIA Corporation\PhysX\Common;C:\Program Files\NVIDIA Corporation\NVIDIA NvDLISR;C:\Users\Administrator\AppData\Local\Microsoft\WindowsApps;C:\Program Files\HP\OMEN-Broadcast\Common;C:\Program Files\HP\HP One Agent;C:\MinGW\bin;C:\Users\nikhi\AppData\Local\Programs\Python\Python313;C:\Users\nikhi\AppData\Local\Programs\Python\Python313\Scripts;C:\Program Files\MATLAB\R2025a\runtime\win64;C:\Program Files\MATLAB\R2025a\bin;C:\Program Files\Git\cmd;C:\Program Files\mosquitto;C:\Program Files\Calibre2\;C:\Users\nikhi\AppData\Local\Programs\Python\Python39\Scripts\;C:\Users\nikhi\AppData\Local\Programs\Python\Python39\;C:\Users\nikhi\AppData\Local\Programs\Python\Launcher\;C:\Users\nikhi\AppData\Local\Microsoft\WindowsApps;C:\Users\nikhi\AppData\Local\Programs\Microsoft VS Code\bin;C:\Program Files\JetBrains\IntelliJ IDEA Community Edition 2024.2.3\bin;;C:\Nikhil\iverilog\bin;C:\Nikhil\iverilog\gtkwave\bin;C:\intelFPGA\20.1\modelsim_ase\win32aloem;C:/AMDDesignTools/2025.2/Vivado\tps\mingw\6.2.0\win64.o\nt\bin;C:/AMDDesignTools/2025.2/Vivado\tps\mingw\6.2.0\win64.o\nt\libexec\gcc\x86_64-w64-mingw32\6.2.0
USERNAME=nikhi
OS=Windows_NT
PROCESSOR_IDENTIFIER=Intel64 Family 6 Model 186 Stepping 2, GenuineIntel
TMP=C:\Users\nikhi\AppData\Local\Temp
TEMP=C:\Users\nikhi\AppData\Local\Temp




Periodic native trim disabled

---------------  S Y S T E M  ---------------

OS:
 Windows 11 , 64 bit Build 26100 (10.0.26100.8115)
OS uptime: 1 days 12:56 hours
Hyper-V role detected

CPU: total 12 (initial active 12) (6 cores per cpu, 2 threads per core) family 6 model 186 stepping 2 microcode 0x4122, cx8, cmov, fxsr, ht, mmx, 3dnowpref, sse, sse2, sse3, ssse3, sse4.1, sse4.2, popcnt, lzcnt, tsc, tscinvbit, avx, avx2, aes, erms, clmul, bmi1, bmi2, adx, sha, fma, vzeroupper, clflush, clflushopt, clwb, hv, serialize, rdtscp, rdpid, fsrm, f16c, cet_ibt, cet_ss
Processor Information for processor 0
  Max Mhz: 2100, Current Mhz: 2100, Mhz Limit: 2100
Processor Information for processor 1
  Max Mhz: 2100, Current Mhz: 2100, Mhz Limit: 2100
Processor Information for processor 2
  Max Mhz: 2100, Current Mhz: 2100, Mhz Limit: 2100
Processor Information for processor 3
  Max Mhz: 2100, Current Mhz: 2100, Mhz Limit: 2100
Processor Information for processor 4
  Max Mhz: 2100, Current Mhz: 2100, Mhz Limit: 2100
Processor Information for processor 5
  Max Mhz: 2100, Current Mhz: 2100, Mhz Limit: 2100
Processor Information for processor 6
  Max Mhz: 2100, Current Mhz: 2100, Mhz Limit: 2100
Processor Information for processor 7
  Max Mhz: 2100, Current Mhz: 2100, Mhz Limit: 2100
Processor Information for processor 8
  Max Mhz: 2100, Current Mhz: 2100, Mhz Limit: 2100
Processor Information for processor 9
  Max Mhz: 2100, Current Mhz: 1540, Mhz Limit: 2100
Processor Information for processor 10
  Max Mhz: 2100, Current Mhz: 1540, Mhz Limit: 2100
Processor Information for processor 11
  Max Mhz: 2100, Current Mhz: 1540, Mhz Limit: 2100

Memory: 4k page, system-wide physical 16024M (3016M free)
TotalPageFile size 36504M (AvailPageFile size 13899M)
current process WorkingSet (physical memory assigned to process): 584M, peak: 1178M
current process commit charge ("private bytes"): 1811M, peak: 3472M

vm_info: OpenJDK 64-Bit Server VM (21.0.5+11-LTS) for windows-amd64 JRE (21.0.5+11-LTS), built on 2024-10-15T00:00:00Z by "admin" with MS VC++ 17.7 (VS2022)

END.
