#-----------------------------------------------------------
# Vivado v2025.2 (64-bit)
# SW Build 6299465 on Fri Nov 14 19:35:11 GMT 2025
# IP Build 6300035 on Fri Nov 14 10:48:45 MST 2025
# SharedData Build 6298862 on Thu Nov 13 04:50:51 MST 2025
# Start of session at: Sun Apr  5 23:46:16 2026
# Process ID         : 27448
# Current directory  : C:/Users/nikhi/CNN/rtl/CNN
# Command line       : vivado.exe -gui_launcher_event rodinguilauncherevent32772 C:\Users\nikhi\CNN\rtl\CNN\CNN.xpr
# Log file           : C:/Users/nikhi/CNN/rtl/CNN/vivado.log
# Journal file       : C:/Users/nikhi/CNN/rtl/CNN\vivado.jou
# Running On         : Libu
# Platform           : Windows Server 2016 or Windows 10
# Operating System   : 26200
# Processor Detail   : 13th Gen Intel(R) Core(TM) i5-13420H
# CPU Frequency      : 2611 MHz
# CPU Physical cores : 8
# CPU Logical cores  : 12
# Host memory        : 16802 MB
# Swap memory        : 21474 MB
# Total Virtual      : 38277 MB
# Available Virtual  : 16341 MB
#-----------------------------------------------------------
start_gui
open_project C:/Users/nikhi/CNN/rtl/CNN/CNN.xpr
WARNING: [Board 49-26] cannot add Board Part digilentinc.com:genesys2:part0:1.1 available at C:/AMDDesignTools/2025.2/data/boards/board_files\genesys2\H\board.xml as part xc7k325tffg900-2 specified in board_part file is either invalid or not available
WARNING: [Board 49-26] cannot add Board Part digilentinc.com:sword:part0:1.0 available at C:/AMDDesignTools/2025.2/data/boards/board_files\sword\C.0\board.xml as part xc7k325tffg900-2 specified in board_part file is either invalid or not available
WARNING: [Board 49-26] cannot add Board Part xilinx.com:emb-plus-vpr-4616:part0:1.0 available at C:/AMDDesignTools/2025.2/data/xhub/boards\XilinxBoardStore\boards\Xilinx\emb-plus-vpr-4616\1.0\board.xml as part xcve2302-sfva784-2mp-e-s specified in board_part file is either invalid or not available
WARNING: [Board 49-26] cannot add Board Part xilinx.com:emb-plus-vpr-4616:part0:1.1 available at C:/AMDDesignTools/2025.2/data/xhub/boards\XilinxBoardStore\boards\Xilinx\emb-plus-vpr-4616\1.1\board.xml as part xcve2302-sfva784-2mp-e-s specified in board_part file is either invalid or not available
WARNING: [Board 49-26] cannot add Board Part xilinx.com:kc705:part0:1.6 available at C:/AMDDesignTools/2025.2/data/xhub/boards\XilinxBoardStore\boards\Xilinx\kc705\1.6\board.xml as part xc7k325tffg900-2 specified in board_part file is either invalid or not available
WARNING: [Board 49-26] cannot add Board Part xilinx.com:kc705:part0:1.7 available at C:/AMDDesignTools/2025.2/data/xhub/boards\XilinxBoardStore\boards\Xilinx\kc705\1.7\board.xml as part xc7k325tffg900-2 specified in board_part file is either invalid or not available
WARNING: [Board 49-26] cannot add Board Part xilinx.com:kcu105:part0:1.6 available at C:/AMDDesignTools/2025.2/data/xhub/boards\XilinxBoardStore\boards\Xilinx\kcu105\1.6\board.xml as part xcku040-ffva1156-2-e specified in board_part file is either invalid or not available
WARNING: [Board 49-26] cannot add Board Part xilinx.com:kcu105:part0:1.7 available at C:/AMDDesignTools/2025.2/data/xhub/boards\XilinxBoardStore\boards\Xilinx\kcu105\1.7\board.xml as part xcku040-ffva1156-2-e specified in board_part file is either invalid or not available
WARNING: [Board 49-26] cannot add Board Part xilinx.com:kcu116:part0:1.4 available at C:/AMDDesignTools/2025.2/data/xhub/boards\XilinxBoardStore\boards\Xilinx\kcu116\1.4\board.xml as part xcku5p-ffvb676-2-e specified in board_part file is either invalid or not available
WARNING: [Board 49-26] cannot add Board Part xilinx.com:kcu116:part0:1.5 available at C:/AMDDesignTools/2025.2/data/xhub/boards\XilinxBoardStore\boards\Xilinx\kcu116\1.5\board.xml as part xcku5p-ffvb676-2-e specified in board_part file is either invalid or not available
WARNING: [Board 49-26] cannot add Board Part xilinx.com:kcu1500:part0:1.2 available at C:/AMDDesignTools/2025.2/data/xhub/boards\XilinxBoardStore\boards\Xilinx\kcu1500\1.2\board.xml as part xcku115-flvb2104-2-e specified in board_part file is either invalid or not available
WARNING: [Board 49-26] cannot add Board Part xilinx.com:scu35:part0:1.0 available at C:/AMDDesignTools/2025.2/data/xhub/boards\XilinxBoardStore\boards\Xilinx\scu35\1.0\board.xml as part xcsu35p-sbvb625-2-e specified in board_part file is either invalid or not available
WARNING: [Board 49-26] cannot add Board Part xilinx.com:v80:part0:1.0 available at C:/AMDDesignTools/2025.2/data/xhub/boards\XilinxBoardStore\boards\Xilinx\v80\1.0\board.xml as part xcv80-lsva4737-2mhp-e-s specified in board_part file is either invalid or not available
WARNING: [Board 49-26] cannot add Board Part xilinx.com:vc707:part0:1.4 available at C:/AMDDesignTools/2025.2/data/xhub/boards\XilinxBoardStore\boards\Xilinx\vc707\1.4\board.xml as part xc7vx485tffg1761-2 specified in board_part file is either invalid or not available
WARNING: [Board 49-26] cannot add Board Part xilinx.com:vc707:part0:1.5 available at C:/AMDDesignTools/2025.2/data/xhub/boards\XilinxBoardStore\boards\Xilinx\vc707\1.5\board.xml as part xc7vx485tffg1761-2 specified in board_part file is either invalid or not available
WARNING: [Board 49-26] cannot add Board Part xilinx.com:vc709:part0:1.8 available at C:/AMDDesignTools/2025.2/data/xhub/boards\XilinxBoardStore\boards\Xilinx\vc709\1.8\board.xml as part xc7vx690tffg1761-2 specified in board_part file is either invalid or not available
WARNING: [Board 49-26] cannot add Board Part xilinx.com:vck190:part0:2.2 available at C:/AMDDesignTools/2025.2/data/xhub/boards\XilinxBoardStore\boards\Xilinx\vck190\production\2.2\board.xml as part xcvc1902-vsva2197-2mp-e-s specified in board_part file is either invalid or not available
WARNING: [Board 49-26] cannot add Board Part xilinx.com:vck190:part0:3.0 available at C:/AMDDesignTools/2025.2/data/xhub/boards\XilinxBoardStore\boards\Xilinx\vck190\production\3.0\board.xml as part xcvc1902-vsva2197-2mp-e-s specified in board_part file is either invalid or not available
WARNING: [Board 49-26] cannot add Board Part xilinx.com:vck190:part0:3.1 available at C:/AMDDesignTools/2025.2/data/xhub/boards\XilinxBoardStore\boards\Xilinx\vck190\production\3.1\board.xml as part xcvc1902-vsva2197-2mp-e-s specified in board_part file is either invalid or not available
WARNING: [Board 49-26] cannot add Board Part xilinx.com:vck190:part0:3.2 available at C:/AMDDesignTools/2025.2/data/xhub/boards\XilinxBoardStore\boards\Xilinx\vck190\production\3.2\board.xml as part xcvc1902-vsva2197-2mp-e-s specified in board_part file is either invalid or not available
WARNING: [Board 49-26] cannot add Board Part xilinx.com:vck190:part0:3.3 available at C:/AMDDesignTools/2025.2/data/xhub/boards\XilinxBoardStore\boards\Xilinx\vck190\production\3.3\board.xml as part xcvc1902-vsva2197-2mp-e-s specified in board_part file is either invalid or not available
WARNING: [Board 49-26] cannot add Board Part xilinx.com:vck190:part0:3.4 available at C:/AMDDesignTools/2025.2/data/xhub/boards\XilinxBoardStore\boards\Xilinx\vck190\production\3.4\board.xml as part xcvc1902-vsva2197-2mp-e-s specified in board_part file is either invalid or not available
WARNING: [Board 49-26] cannot add Board Part xilinx.com:vck190_newl:part0:1.0 available at C:/AMDDesignTools/2025.2/data/xhub/boards\XilinxBoardStore\boards\Xilinx\vck190_newl\production\1.0\board.xml as part xcvc1902-vsva2197-2mp-e-s specified in board_part file is either invalid or not available
WARNING: [Board 49-26] cannot add Board Part xilinx.com:vck190_newl:part0:1.1 available at C:/AMDDesignTools/2025.2/data/xhub/boards\XilinxBoardStore\boards\Xilinx\vck190_newl\production\1.1\board.xml as part xcvc1902-vsva2197-2mp-e-s specified in board_part file is either invalid or not available
WARNING: [Board 49-26] cannot add Board Part xilinx.com:vck190_newl:part0:1.2 available at C:/AMDDesignTools/2025.2/data/xhub/boards\XilinxBoardStore\boards\Xilinx\vck190_newl\production\1.2\board.xml as part xcvc1902-vsva2197-2mp-e-s specified in board_part file is either invalid or not available
WARNING: [Board 49-26] cannot add Board Part xilinx.com:vck190_newl:part0:1.3 available at C:/AMDDesignTools/2025.2/data/xhub/boards\XilinxBoardStore\boards\Xilinx\vck190_newl\production\1.3\board.xml as part xcvc1902-vsva2197-2mp-e-s specified in board_part file is either invalid or not available
WARNING: [Board 49-26] cannot add Board Part xilinx.com:vcu108:part0:1.6 available at C:/AMDDesignTools/2025.2/data/xhub/boards\XilinxBoardStore\boards\Xilinx\vcu108\1.6\board.xml as part xcvu095-ffva2104-2-e specified in board_part file is either invalid or not available
WARNING: [Board 49-26] cannot add Board Part xilinx.com:vcu108:part0:1.7 available at C:/AMDDesignTools/2025.2/data/xhub/boards\XilinxBoardStore\boards\Xilinx\vcu108\1.7\board.xml as part xcvu095-ffva2104-2-e specified in board_part file is either invalid or not available
WARNING: [Board 49-26] cannot add Board Part xilinx.com:vcu110:part0:1.4 available at C:/AMDDesignTools/2025.2/data/xhub/boards\XilinxBoardStore\boards\Xilinx\vcu110\1.4\board.xml as part xcvu190-flgc2104-2-e specified in board_part file is either invalid or not available
WARNING: [Board 49-26] cannot add Board Part xilinx.com:vcu118:part0:2.0 available at C:/AMDDesignTools/2025.2/data/xhub/boards\XilinxBoardStore\boards\Xilinx\vcu118\2.0\board.xml as part xcvu9p-flga2104-2l-e specified in board_part file is either invalid or not available
WARNING: [Board 49-26] cannot add Board Part xilinx.com:vcu118:part0:2.3 available at C:/AMDDesignTools/2025.2/data/xhub/boards\XilinxBoardStore\boards\Xilinx\vcu118\2.3\board.xml as part xcvu9p-flga2104-2l-e specified in board_part file is either invalid or not available
WARNING: [Board 49-26] cannot add Board Part xilinx.com:vcu118:part0:2.4 available at C:/AMDDesignTools/2025.2/data/xhub/boards\XilinxBoardStore\boards\Xilinx\vcu118\2.4\board.xml as part xcvu9p-flga2104-2l-e specified in board_part file is either invalid or not available
WARNING: [Board 49-26] cannot add Board Part xilinx.com:vcu128:part0:1.0 available at C:/AMDDesignTools/2025.2/data/xhub/boards\XilinxBoardStore\boards\Xilinx\vcu128\production\1.0\board.xml as part xcvu37p-fsvh2892-2l-e specified in board_part file is either invalid or not available
WARNING: [Board 49-26] cannot add Board Part xilinx.com:vcu129:part0:1.0 available at C:/AMDDesignTools/2025.2/data/xhub/boards\XilinxBoardStore\boards\Xilinx\vcu129\production\1.0\board.xml as part xcvu29p-fsga2577-2l-e specified in board_part file is either invalid or not available
WARNING: [Board 49-26] cannot add Board Part xilinx.com:vcu1525:part0:1.3 available at C:/AMDDesignTools/2025.2/data/xhub/boards\XilinxBoardStore\boards\Xilinx\vcu1525\1.3\board.xml as part xcvu9p-fsgd2104-2l-e specified in board_part file is either invalid or not available
WARNING: [Board 49-26] cannot add Board Part xilinx.com:vek280:part0:1.0 available at C:/AMDDesignTools/2025.2/data/xhub/boards\XilinxBoardStore\boards\Xilinx\vek280\production\1.0\board.xml as part xcve2802-vsvh1760-2mp-e-s specified in board_part file is either invalid or not available
WARNING: [Board 49-26] cannot add Board Part xilinx.com:vek280:part0:1.1 available at C:/AMDDesignTools/2025.2/data/xhub/boards\XilinxBoardStore\boards\Xilinx\vek280\production\1.1\board.xml as part xcve2802-vsvh1760-2mp-e-s specified in board_part file is either invalid or not available
WARNING: [Board 49-26] cannot add Board Part xilinx.com:vek280:part0:1.2 available at C:/AMDDesignTools/2025.2/data/xhub/boards\XilinxBoardStore\boards\Xilinx\vek280\production\1.2\board.xml as part xcve2802-vsvh1760-2mp-e-s specified in board_part file is either invalid or not available
WARNING: [Board 49-26] cannot add Board Part xilinx.com:vek385:part0:1.0 available at C:/AMDDesignTools/2025.2/data/xhub/boards\XilinxBoardStore\boards\Xilinx\vek385\1.0\board.xml as part xc2ve3858-ssva2112-2mp-e-s specified in board_part file is either invalid or not available
WARNING: [Board 49-26] cannot add Board Part xilinx.com:vek385:part0:1.1 available at C:/AMDDesignTools/2025.2/data/xhub/boards\XilinxBoardStore\boards\Xilinx\vek385\1.1\board.xml as part xc2ve3858-ssva2112-2mp-e-s specified in board_part file is either invalid or not available
WARNING: [Board 49-26] cannot add Board Part xilinx.com:vek385_1:part0:1.0 available at C:/AMDDesignTools/2025.2/data/xhub/boards\XilinxBoardStore\boards\Xilinx\vek385_2\1.0\board.xml as part xc2ve3858-ssva2112-2mp-e-s specified in board_part file is either invalid or not available
WARNING: [Board 49-26] cannot add Board Part xilinx.com:vermeo_t1_mpsoc:part0:1.0 available at C:/AMDDesignTools/2025.2/data/xhub/boards\XilinxBoardStore\boards\Xilinx\vermeo_t1_mpsoc\1.0\board.xml as part xczu19eg-ffvd1760-2l-e specified in board_part file is either invalid or not available
WARNING: [Board 49-26] cannot add Board Part xilinx.com:vermeo_t1_rfsoc:part0:1.0 available at C:/AMDDesignTools/2025.2/data/xhub/boards\XilinxBoardStore\boards\Xilinx\vermeo_t1_rfsoc\1.0\board.xml as part xczu21dr-ffvd1156-2l-e specified in board_part file is either invalid or not available
WARNING: [Board 49-26] cannot add Board Part xilinx.com:vhk158:part0:1.0 available at C:/AMDDesignTools/2025.2/data/xhub/boards\XilinxBoardStore\boards\Xilinx\vhk158\production\1.0\board.xml as part xcvh1582-vsva3697-2mp-e-s specified in board_part file is either invalid or not available
WARNING: [Board 49-26] cannot add Board Part xilinx.com:vhk158:part0:1.1 available at C:/AMDDesignTools/2025.2/data/xhub/boards\XilinxBoardStore\boards\Xilinx\vhk158\production\1.1\board.xml as part xcvh1582-vsva3697-2mp-e-s specified in board_part file is either invalid or not available
WARNING: [Board 49-26] cannot add Board Part xilinx.com:vhk158:part0:1.2 available at C:/AMDDesignTools/2025.2/data/xhub/boards\XilinxBoardStore\boards\Xilinx\vhk158\production\1.2\board.xml as part xcvh1582-vsva3697-2mp-e-s specified in board_part file is either invalid or not available
WARNING: [Board 49-26] cannot add Board Part xilinx.com:vmk180:part0:2.2 available at C:/AMDDesignTools/2025.2/data/xhub/boards\XilinxBoardStore\boards\Xilinx\vmk180\production\2.2\board.xml as part xcvm1802-vsva2197-2mp-e-s specified in board_part file is either invalid or not available
WARNING: [Board 49-26] cannot add Board Part xilinx.com:vmk180:part0:3.0 available at C:/AMDDesignTools/2025.2/data/xhub/boards\XilinxBoardStore\boards\Xilinx\vmk180\production\3.0\board.xml as part xcvm1802-vsva2197-2mp-e-s specified in board_part file is either invalid or not available
WARNING: [Board 49-26] cannot add Board Part xilinx.com:vmk180:part0:3.1 available at C:/AMDDesignTools/2025.2/data/xhub/boards\XilinxBoardStore\boards\Xilinx\vmk180\production\3.1\board.xml as part xcvm1802-vsva2197-2mp-e-s specified in board_part file is either invalid or not available
WARNING: [Board 49-26] cannot add Board Part xilinx.com:vmk180:part0:3.2 available at C:/AMDDesignTools/2025.2/data/xhub/boards\XilinxBoardStore\boards\Xilinx\vmk180\production\3.2\board.xml as part xcvm1802-vsva2197-2mp-e-s specified in board_part file is either invalid or not available
WARNING: [Board 49-26] cannot add Board Part xilinx.com:vmk180:part0:3.3 available at C:/AMDDesignTools/2025.2/data/xhub/boards\XilinxBoardStore\boards\Xilinx\vmk180\production\3.3\board.xml as part xcvm1802-vsva2197-2mp-e-s specified in board_part file is either invalid or not available
WARNING: [Board 49-26] cannot add Board Part xilinx.com:vmk180_newl:part0:1.0 available at C:/AMDDesignTools/2025.2/data/xhub/boards\XilinxBoardStore\boards\Xilinx\vmk180_newl\production\1.0\board.xml as part xcvm1802-vsva2197-2mp-e-s specified in board_part file is either invalid or not available
WARNING: [Board 49-26] cannot add Board Part xilinx.com:vmk180_newl:part0:1.1 available at C:/AMDDesignTools/2025.2/data/xhub/boards\XilinxBoardStore\boards\Xilinx\vmk180_newl\production\1.1\board.xml as part xcvm1802-vsva2197-2mp-e-s specified in board_part file is either invalid or not available
WARNING: [Board 49-26] cannot add Board Part xilinx.com:vpk120:part0:1.0 available at C:/AMDDesignTools/2025.2/data/xhub/boards\XilinxBoardStore\boards\Xilinx\vpk120\production\1.0\board.xml as part xcvp1202-vsva2785-2mp-e-s specified in board_part file is either invalid or not available
WARNING: [Board 49-26] cannot add Board Part xilinx.com:vpk120:part0:1.1 available at C:/AMDDesignTools/2025.2/data/xhub/boards\XilinxBoardStore\boards\Xilinx\vpk120\production\1.1\board.xml as part xcvp1202-vsva2785-2mp-e-s specified in board_part file is either invalid or not available
WARNING: [Board 49-26] cannot add Board Part xilinx.com:vpk120:part0:1.2 available at C:/AMDDesignTools/2025.2/data/xhub/boards\XilinxBoardStore\boards\Xilinx\vpk120\production\1.2\board.xml as part xcvp1202-vsva2785-2mp-e-s specified in board_part file is either invalid or not available
WARNING: [Board 49-26] cannot add Board Part xilinx.com:vpk180:part0:1.0 available at C:/AMDDesignTools/2025.2/data/xhub/boards\XilinxBoardStore\boards\Xilinx\vpk180\production\1.0\board.xml as part xcvp1802-lsvc4072-2mp-e-s specified in board_part file is either invalid or not available
WARNING: [Board 49-26] cannot add Board Part xilinx.com:vpk180:part0:1.1 available at C:/AMDDesignTools/2025.2/data/xhub/boards\XilinxBoardStore\boards\Xilinx\vpk180\production\1.1\board.xml as part xcvp1802-lsvc4072-2mp-e-s specified in board_part file is either invalid or not available
WARNING: [Board 49-26] cannot add Board Part xilinx.com:vpk180:part0:1.2 available at C:/AMDDesignTools/2025.2/data/xhub/boards\XilinxBoardStore\boards\Xilinx\vpk180\production\1.2\board.xml as part xcvp1802-lsvc4072-2mp-e-s specified in board_part file is either invalid or not available
WARNING: [Board 49-26] cannot add Board Part xilinx.com:vrk160:part0:1.0 available at C:/AMDDesignTools/2025.2/data/xhub/boards\XilinxBoardStore\boards\Xilinx\vrk160\1.0\board.xml as part xcvr1602-vsva2488-2mp-e-s-es1 specified in board_part file is either invalid or not available
WARNING: [Board 49-26] cannot add Board Part xilinx.com:vrk160:part0:1.1 available at C:/AMDDesignTools/2025.2/data/xhub/boards\XilinxBoardStore\boards\Xilinx\vrk160\1.1\board.xml as part xcvr1602-vsva2488-2mp-e-s-es1 specified in board_part file is either invalid or not available
WARNING: [Board 49-26] cannot add Board Part xilinx.com:zc706:part0:1.4 available at C:/AMDDesignTools/2025.2/data/xhub/boards\XilinxBoardStore\boards\Xilinx\zc706\1.4\board.xml as part xc7z045ffg900-2 specified in board_part file is either invalid or not available
WARNING: [Board 49-26] cannot add Board Part xilinx.com:zc706:part0:1.5 available at C:/AMDDesignTools/2025.2/data/xhub/boards\XilinxBoardStore\boards\Xilinx\zc706\1.5\board.xml as part xc7z045ffg900-2 specified in board_part file is either invalid or not available
WARNING: [Board 49-26] cannot add Board Part xilinx.com:zcu102:part0:3.3 available at C:/AMDDesignTools/2025.2/data/xhub/boards\XilinxBoardStore\boards\Xilinx\zcu102\3.3\board.xml as part xczu9eg-ffvb1156-2-e specified in board_part file is either invalid or not available
WARNING: [Board 49-26] cannot add Board Part xilinx.com:zcu102:part0:3.4 available at C:/AMDDesignTools/2025.2/data/xhub/boards\XilinxBoardStore\boards\Xilinx\zcu102\3.4\board.xml as part xczu9eg-ffvb1156-2-e specified in board_part file is either invalid or not available
WARNING: [Board 49-26] cannot add Board Part xilinx.com:zcu111:part0:1.2 available at C:/AMDDesignTools/2025.2/data/xhub/boards\XilinxBoardStore\boards\Xilinx\zcu111\1.2\board.xml as part xczu28dr-ffvg1517-2-e specified in board_part file is either invalid or not available
WARNING: [Board 49-26] cannot add Board Part xilinx.com:zcu111:part0:1.3 available at C:/AMDDesignTools/2025.2/data/xhub/boards\XilinxBoardStore\boards\Xilinx\zcu111\1.3\board.xml as part xczu28dr-ffvg1517-2-e specified in board_part file is either invalid or not available
WARNING: [Board 49-26] cannot add Board Part xilinx.com:zcu111:part0:1.4 available at C:/AMDDesignTools/2025.2/data/xhub/boards\XilinxBoardStore\boards\Xilinx\zcu111\1.4\board.xml as part xczu28dr-ffvg1517-2-e specified in board_part file is either invalid or not available
WARNING: [Board 49-26] cannot add Board Part xilinx.com:zcu1275:part0:1.0 available at C:/AMDDesignTools/2025.2/data/xhub/boards\XilinxBoardStore\boards\Xilinx\zcu1275\1.0\board.xml as part xczu29dr-ffvf1760-2-e specified in board_part file is either invalid or not available
WARNING: [Board 49-26] cannot add Board Part xilinx.com:zcu1285:part0:1.0 available at C:/AMDDesignTools/2025.2/data/xhub/boards\XilinxBoardStore\boards\Xilinx\zcu1285\1.0\board.xml as part xczu39dr-ffvf1760-2-i specified in board_part file is either invalid or not available
WARNING: [Board 49-26] cannot add Board Part xilinx.com:zcu208:part0:2.0 available at C:/AMDDesignTools/2025.2/data/xhub/boards\XilinxBoardStore\boards\Xilinx\zcu208\production\2.0\board.xml as part xczu48dr-fsvg1517-2-e specified in board_part file is either invalid or not available
WARNING: [Board 49-26] cannot add Board Part xilinx.com:zcu208ld:part0:2.0 available at C:/AMDDesignTools/2025.2/data/xhub/boards\XilinxBoardStore\boards\Xilinx\zcu208ld\production\2.0\board.xml as part xczu58dr-fsvg1517-2-i specified in board_part file is either invalid or not available
WARNING: [Board 49-26] cannot add Board Part xilinx.com:zcu216:part0:2.0 available at C:/AMDDesignTools/2025.2/data/xhub/boards\XilinxBoardStore\boards\Xilinx\zcu216\production\2.0\board.xml as part xczu49dr-ffvf1760-2-e specified in board_part file is either invalid or not available
WARNING: [Board 49-26] cannot add Board Part xilinx.com:zcu216ld:part0:2.0 available at C:/AMDDesignTools/2025.2/data/xhub/boards\XilinxBoardStore\boards\Xilinx\zcu216ld\production\2.0\board.xml as part xczu59dr-ffvf1760-2-i specified in board_part file is either invalid or not available
WARNING: [Board 49-26] cannot add Board Part xilinx.com:zcu670:part0:2.0 available at C:/AMDDesignTools/2025.2/data/xhub/boards\XilinxBoardStore\boards\Xilinx\zcu670\2.0\board.xml as part xczu67dr-fsve1156-2-i specified in board_part file is either invalid or not available
WARNING: [Board 49-26] cannot add Board Part xilinx.com:zcu670ld:part0:1.0 available at C:/AMDDesignTools/2025.2/data/xhub/boards\XilinxBoardStore\boards\Xilinx\zcu670ld\1.0\board.xml as part xczu57dr-fsve1156-2-i specified in board_part file is either invalid or not available
INFO: [filemgmt 56-3] Default IP Output Path : Could not find the directory 'C:/Users/nikhi/CNN/rtl/CNN/CNN.gen/sources_1'.
Scanning sources...
Finished scanning sources
WARNING: [Board 49-26] cannot add Board Part digilentinc.com:genesys2:part0:1.1 available at C:/AMDDesignTools/2025.2/data/boards/board_files\genesys2\H\board.xml as part xc7k325tffg900-2 specified in board_part file is either invalid or not available
WARNING: [Board 49-26] cannot add Board Part digilentinc.com:sword:part0:1.0 available at C:/AMDDesignTools/2025.2/data/boards/board_files\sword\C.0\board.xml as part xc7k325tffg900-2 specified in board_part file is either invalid or not available
WARNING: [Board 49-26] cannot add Board Part xilinx.com:emb-plus-vpr-4616:part0:1.0 available at C:/AMDDesignTools/2025.2/data/xhub/boards\XilinxBoardStore\boards\Xilinx\emb-plus-vpr-4616\1.0\board.xml as part xcve2302-sfva784-2mp-e-s specified in board_part file is either invalid or not available
WARNING: [Board 49-26] cannot add Board Part xilinx.com:emb-plus-vpr-4616:part0:1.1 available at C:/AMDDesignTools/2025.2/data/xhub/boards\XilinxBoardStore\boards\Xilinx\emb-plus-vpr-4616\1.1\board.xml as part xcve2302-sfva784-2mp-e-s specified in board_part file is either invalid or not available
WARNING: [Board 49-26] cannot add Board Part xilinx.com:kc705:part0:1.6 available at C:/AMDDesignTools/2025.2/data/xhub/boards\XilinxBoardStore\boards\Xilinx\kc705\1.6\board.xml as part xc7k325tffg900-2 specified in board_part file is either invalid or not available
WARNING: [Board 49-26] cannot add Board Part xilinx.com:kc705:part0:1.7 available at C:/AMDDesignTools/2025.2/data/xhub/boards\XilinxBoardStore\boards\Xilinx\kc705\1.7\board.xml as part xc7k325tffg900-2 specified in board_part file is either invalid or not available
WARNING: [Board 49-26] cannot add Board Part xilinx.com:kcu105:part0:1.6 available at C:/AMDDesignTools/2025.2/data/xhub/boards\XilinxBoardStore\boards\Xilinx\kcu105\1.6\board.xml as part xcku040-ffva1156-2-e specified in board_part file is either invalid or not available
WARNING: [Board 49-26] cannot add Board Part xilinx.com:kcu105:part0:1.7 available at C:/AMDDesignTools/2025.2/data/xhub/boards\XilinxBoardStore\boards\Xilinx\kcu105\1.7\board.xml as part xcku040-ffva1156-2-e specified in board_part file is either invalid or not available
WARNING: [Board 49-26] cannot add Board Part xilinx.com:kcu116:part0:1.4 available at C:/AMDDesignTools/2025.2/data/xhub/boards\XilinxBoardStore\boards\Xilinx\kcu116\1.4\board.xml as part xcku5p-ffvb676-2-e specified in board_part file is either invalid or not available
WARNING: [Board 49-26] cannot add Board Part xilinx.com:kcu116:part0:1.5 available at C:/AMDDesignTools/2025.2/data/xhub/boards\XilinxBoardStore\boards\Xilinx\kcu116\1.5\board.xml as part xcku5p-ffvb676-2-e specified in board_part file is either invalid or not available
WARNING: [Board 49-26] cannot add Board Part xilinx.com:kcu1500:part0:1.2 available at C:/AMDDesignTools/2025.2/data/xhub/boards\XilinxBoardStore\boards\Xilinx\kcu1500\1.2\board.xml as part xcku115-flvb2104-2-e specified in board_part file is either invalid or not available
WARNING: [Board 49-26] cannot add Board Part xilinx.com:scu35:part0:1.0 available at C:/AMDDesignTools/2025.2/data/xhub/boards\XilinxBoardStore\boards\Xilinx\scu35\1.0\board.xml as part xcsu35p-sbvb625-2-e specified in board_part file is either invalid or not available
WARNING: [Board 49-26] cannot add Board Part xilinx.com:v80:part0:1.0 available at C:/AMDDesignTools/2025.2/data/xhub/boards\XilinxBoardStore\boards\Xilinx\v80\1.0\board.xml as part xcv80-lsva4737-2mhp-e-s specified in board_part file is either invalid or not available
WARNING: [Board 49-26] cannot add Board Part xilinx.com:vc707:part0:1.4 available at C:/AMDDesignTools/2025.2/data/xhub/boards\XilinxBoardStore\boards\Xilinx\vc707\1.4\board.xml as part xc7vx485tffg1761-2 specified in board_part file is either invalid or not available
WARNING: [Board 49-26] cannot add Board Part xilinx.com:vc707:part0:1.5 available at C:/AMDDesignTools/2025.2/data/xhub/boards\XilinxBoardStore\boards\Xilinx\vc707\1.5\board.xml as part xc7vx485tffg1761-2 specified in board_part file is either invalid or not available
WARNING: [Board 49-26] cannot add Board Part xilinx.com:vc709:part0:1.8 available at C:/AMDDesignTools/2025.2/data/xhub/boards\XilinxBoardStore\boards\Xilinx\vc709\1.8\board.xml as part xc7vx690tffg1761-2 specified in board_part file is either invalid or not available
WARNING: [Board 49-26] cannot add Board Part xilinx.com:vck190:part0:2.2 available at C:/AMDDesignTools/2025.2/data/xhub/boards\XilinxBoardStore\boards\Xilinx\vck190\production\2.2\board.xml as part xcvc1902-vsva2197-2mp-e-s specified in board_part file is either invalid or not available
WARNING: [Board 49-26] cannot add Board Part xilinx.com:vck190:part0:3.0 available at C:/AMDDesignTools/2025.2/data/xhub/boards\XilinxBoardStore\boards\Xilinx\vck190\production\3.0\board.xml as part xcvc1902-vsva2197-2mp-e-s specified in board_part file is either invalid or not available
WARNING: [Board 49-26] cannot add Board Part xilinx.com:vck190:part0:3.1 available at C:/AMDDesignTools/2025.2/data/xhub/boards\XilinxBoardStore\boards\Xilinx\vck190\production\3.1\board.xml as part xcvc1902-vsva2197-2mp-e-s specified in board_part file is either invalid or not available
WARNING: [Board 49-26] cannot add Board Part xilinx.com:vck190:part0:3.2 available at C:/AMDDesignTools/2025.2/data/xhub/boards\XilinxBoardStore\boards\Xilinx\vck190\production\3.2\board.xml as part xcvc1902-vsva2197-2mp-e-s specified in board_part file is either invalid or not available
WARNING: [Board 49-26] cannot add Board Part xilinx.com:vck190:part0:3.3 available at C:/AMDDesignTools/2025.2/data/xhub/boards\XilinxBoardStore\boards\Xilinx\vck190\production\3.3\board.xml as part xcvc1902-vsva2197-2mp-e-s specified in board_part file is either invalid or not available
WARNING: [Board 49-26] cannot add Board Part xilinx.com:vck190:part0:3.4 available at C:/AMDDesignTools/2025.2/data/xhub/boards\XilinxBoardStore\boards\Xilinx\vck190\production\3.4\board.xml as part xcvc1902-vsva2197-2mp-e-s specified in board_part file is either invalid or not available
WARNING: [Board 49-26] cannot add Board Part xilinx.com:vck190_newl:part0:1.0 available at C:/AMDDesignTools/2025.2/data/xhub/boards\XilinxBoardStore\boards\Xilinx\vck190_newl\production\1.0\board.xml as part xcvc1902-vsva2197-2mp-e-s specified in board_part file is either invalid or not available
WARNING: [Board 49-26] cannot add Board Part xilinx.com:vck190_newl:part0:1.1 available at C:/AMDDesignTools/2025.2/data/xhub/boards\XilinxBoardStore\boards\Xilinx\vck190_newl\production\1.1\board.xml as part xcvc1902-vsva2197-2mp-e-s specified in board_part file is either invalid or not available
INFO: [Common 17-14] Message 'Board 49-26' appears 100 times and further instances of the messages will be disabled. Use the Tcl command set_msg_config to change the current settings.
INFO: [IP_Flow 19-234] Refreshing IP repositories
INFO: [IP_Flow 19-1704] No user IP repositories specified
INFO: [IP_Flow 19-2313] Loaded Vivado IP repository 'C:/AMDDesignTools/2025.2/Vivado/data/ip'.
open_project: Time (s): cpu = 00:00:38 ; elapsed = 00:00:22 . Memory (MB): peak = 1683.520 ; gain = 291.809
update_compile_order -fileset sources_1
launch_simulation
Command: launch_simulation 
INFO: [Vivado 12-25911] Executing simulation for 'XSim' simulator
INFO: [Vivado 12-28535] Process started - Sun Apr  5 23:48:37 2026

INFO: [Vivado 12-12493] Simulation top is 'tm_tb'
INFO: [Vivado 12-5682] Launching behavioral simulation in 'C:/Users/nikhi/CNN/rtl/CNN/CNN.sim/sim_1/behav/xsim'
INFO: [SIM-utils-51] Simulation object is 'sim_1'
INFO: [SIM-utils-72] Using boost library from 'C:/AMDDesignTools/2025.2/Vivado/tps/boost_1_72_0'
INFO: [SIM-utils-54] Inspecting design source files for 'tm_tb' in fileset 'sim_1'...
INFO: [USF-XSim-97] Finding global include files...
INFO: [USF-XSim-98] Fetching design files from 'sim_1'...
INFO: [USF-XSim-2] XSim::Compile design
INFO: [USF-XSim-61] Executing 'COMPILE and ANALYZE' step in 'C:/Users/nikhi/CNN/rtl/CNN/CNN.sim/sim_1/behav/xsim'
"xvlog --incr --relax -prj tm_tb_vlog.prj"
INFO: [VRFC 10-2263] Analyzing Verilog file "C:/Users/nikhi/CNN/rtl/PE.v" into library xil_defaultlib
INFO: [VRFC 10-311] analyzing module PE
INFO: [VRFC 10-2263] Analyzing Verilog file "C:/Users/nikhi/CNN/rtl/linebuffer.v" into library xil_defaultlib
INFO: [VRFC 10-311] analyzing module linebuffer
INFO: [VRFC 10-2263] Analyzing Verilog file "C:/Users/nikhi/CNN/rtl/max_pool.v" into library xil_defaultlib
INFO: [VRFC 10-311] analyzing module max_pool
INFO: [VRFC 10-2263] Analyzing Verilog file "C:/Users/nikhi/CNN/rtl/top_module.v" into library xil_defaultlib
INFO: [VRFC 10-311] analyzing module top_module
INFO: [VRFC 10-2263] Analyzing Verilog file "C:/Users/nikhi/CNN/rtl/tm_tb.v" into library xil_defaultlib
INFO: [VRFC 10-311] analyzing module tm_tb
INFO: [USF-XSim-69] 'compile' step finished in '4' seconds
INFO: [USF-XSim-3] XSim::Elaborate design
INFO: [USF-XSim-61] Executing 'ELABORATE' step in 'C:/Users/nikhi/CNN/rtl/CNN/CNN.sim/sim_1/behav/xsim'
"xelab --incr --debug typical --relax --mt 2 -L xil_defaultlib -L unisims_ver -L unimacro_ver -L secureip --snapshot tm_tb_behav xil_defaultlib.tm_tb xil_defaultlib.glbl -log elaborate.log"
Vivado Simulator v2025.2
Copyright 1986-2022 Xilinx, Inc. All Rights Reserved.
Copyright 2022-2025 Advanced Micro Devices, Inc. All Rights Reserved.
Running: C:/AMDDesignTools/2025.2/Vivado/bin/unwrapped/win64.o/xelab.exe --incr --debug typical --relax --mt 2 -L xil_defaultlib -L unisims_ver -L unimacro_ver -L secureip --snapshot tm_tb_behav xil_defaultlib.tm_tb xil_defaultlib.glbl -log elaborate.log 
Using 2 slave threads.
Starting static elaboration
Pass Through NonSizing Optimizer
Completed static elaboration
Starting simulation data flow analysis
WARNING: [XSIM 43-4099] "C:/Users/nikhi/CNN/rtl/top_module.v" Line 1. Module top_module(IMG_W=8,IMG_H=8) doesn't have a timescale but at least one module in design has a timescale.
WARNING: [XSIM 43-4099] "C:/Users/nikhi/CNN/rtl/linebuffer.v" Line 1. Module linebuffer(IMG_W=8,IMG_H=8) doesn't have a timescale but at least one module in design has a timescale.
WARNING: [XSIM 43-4099] "C:/Users/nikhi/CNN/rtl/PE.v" Line 1. Module PE doesn't have a timescale but at least one module in design has a timescale.
WARNING: [XSIM 43-4099] "C:/Users/nikhi/CNN/rtl/max_pool.v" Line 1. Module max_pool(IMG_W=8,IMG_H=8) doesn't have a timescale but at least one module in design has a timescale.
Completed simulation data flow analysis
Time Resolution for simulation is 1ps
Compiling module xil_defaultlib.linebuffer(IMG_W=8,IMG_H=8)
Compiling module xil_defaultlib.PE
Compiling module xil_defaultlib.max_pool(IMG_W=8,IMG_H=8)
Compiling module xil_defaultlib.top_module(IMG_W=8,IMG_H=8)
Compiling module xil_defaultlib.tm_tb
Compiling module xil_defaultlib.glbl
Built simulation snapshot tm_tb_behav
run_program: Time (s): cpu = 00:00:01 ; elapsed = 00:00:09 . Memory (MB): peak = 1705.996 ; gain = 0.000
INFO: [USF-XSim-69] 'elaborate' step finished in '9' seconds
INFO: [USF-XSim-4] XSim::Simulate design
INFO: [USF-XSim-61] Executing 'SIMULATE' step in 'C:/Users/nikhi/CNN/rtl/CNN/CNN.sim/sim_1/behav/xsim'
INFO: [USF-XSim-98] *** Running xsim
   with args "tm_tb_behav -key {Behavioral:sim_1:Functional:tm_tb} -tclbatch {tm_tb.tcl} -view {C:/Users/nikhi/CNN/rtl/CNN/lb_tb_behav1.wcfg} -log {simulate.log}"
INFO: [USF-XSim-8] Loading simulator feature
Time resolution is 1 ps
open_wave_config C:/Users/nikhi/CNN/rtl/CNN/lb_tb_behav1.wcfg
source tm_tb.tcl
# set curr_wave [current_wave_config]
# if { [string length $curr_wave] == 0 } {
#   if { [llength [get_objects]] > 0} {
#     add_wave /
#     set_property needs_save false [current_wave_config]
#   } else {
#      send_msg_id Add_Wave-1 WARNING "No top level signals found. Simulator will start without a wave window. If you want to open a wave window go to 'File->New Waveform Configuration' or type 'create_wave_config' in the TCL console."
#   }
# }
# run 1000ns
INFO: [USF-XSim-96] XSim completed. Design snapshot 'tm_tb_behav' loaded.
INFO: [USF-XSim-97] XSim simulation ran for 1000ns
launch_simulation: Time (s): cpu = 00:00:09 ; elapsed = 00:00:19 . Memory (MB): peak = 1719.574 ; gain = 13.578
WARNING: [filemgmt 56-199] Attempt to get parsing info during refresh. "On-the-fly" syntax checking information may be incorrect. [C:\Users\nikhi\CNN\rtl\top_module.v:]
WARNING: [filemgmt 56-199] Attempt to get parsing info during refresh. "On-the-fly" syntax checking information may be incorrect. [C:\Users\nikhi\CNN\rtl\max_pool.v:]
WARNING: [filemgmt 56-199] Attempt to get parsing info during refresh. "On-the-fly" syntax checking information may be incorrect. [C:\Users\nikhi\CNN\rtl\top_module.v:]
WARNING: [filemgmt 56-199] Attempt to get parsing info during refresh. "On-the-fly" syntax checking information may be incorrect. [C:\Users\nikhi\CNN\rtl\top_module.v:]
WARNING: [filemgmt 56-199] Attempt to get parsing info during refresh. "On-the-fly" syntax checking information may be incorrect. [C:\Users\nikhi\CNN\rtl\top_module.v:]
WARNING: [filemgmt 56-199] Attempt to get parsing info during refresh. "On-the-fly" syntax checking information may be incorrect. [C:\Users\nikhi\CNN\rtl\max_pool.v:]
WARNING: [filemgmt 56-199] Attempt to get parsing info during refresh. "On-the-fly" syntax checking information may be incorrect. [C:\Users\nikhi\CNN\rtl\top_module.v:]
WARNING: [filemgmt 56-199] Attempt to get parsing info during refresh. "On-the-fly" syntax checking information may be incorrect. [C:\Users\nikhi\CNN\rtl\top_module.v:]
close_sim
INFO: [Simtcl 6-16] Simulation closed
launch_simulation
Command: launch_simulation 
INFO: [Vivado 12-25911] Executing simulation for 'XSim' simulator
INFO: [Vivado 12-28535] Process started - Sun Apr  5 23:49:52 2026

INFO: [Vivado 12-12493] Simulation top is 'tm_tb'
INFO: [Vivado 12-5682] Launching behavioral simulation in 'C:/Users/nikhi/CNN/rtl/CNN/CNN.sim/sim_1/behav/xsim'
INFO: [SIM-utils-51] Simulation object is 'sim_1'
INFO: [SIM-utils-72] Using boost library from 'C:/AMDDesignTools/2025.2/Vivado/tps/boost_1_72_0'
INFO: [SIM-utils-54] Inspecting design source files for 'tm_tb' in fileset 'sim_1'...
INFO: [USF-XSim-97] Finding global include files...
INFO: [USF-XSim-98] Fetching design files from 'sim_1'...
INFO: [USF-XSim-2] XSim::Compile design
INFO: [USF-XSim-61] Executing 'COMPILE and ANALYZE' step in 'C:/Users/nikhi/CNN/rtl/CNN/CNN.sim/sim_1/behav/xsim'
"xvlog --incr --relax -prj tm_tb_vlog.prj"
INFO: [VRFC 10-2263] Analyzing Verilog file "C:/Users/nikhi/CNN/rtl/PE.v" into library xil_defaultlib
INFO: [VRFC 10-311] analyzing module PE
INFO: [VRFC 10-2263] Analyzing Verilog file "C:/Users/nikhi/CNN/rtl/linebuffer.v" into library xil_defaultlib
INFO: [VRFC 10-311] analyzing module linebuffer
INFO: [VRFC 10-2263] Analyzing Verilog file "C:/Users/nikhi/CNN/rtl/max_pool.v" into library xil_defaultlib
INFO: [VRFC 10-311] analyzing module max_pool
INFO: [VRFC 10-2263] Analyzing Verilog file "C:/Users/nikhi/CNN/rtl/top_module.v" into library xil_defaultlib
INFO: [VRFC 10-311] analyzing module top_module
INFO: [VRFC 10-2263] Analyzing Verilog file "C:/Users/nikhi/CNN/rtl/tm_tb.v" into library xil_defaultlib
INFO: [VRFC 10-311] analyzing module tm_tb
INFO: [USF-XSim-69] 'compile' step finished in '2' seconds
INFO: [USF-XSim-3] XSim::Elaborate design
INFO: [USF-XSim-61] Executing 'ELABORATE' step in 'C:/Users/nikhi/CNN/rtl/CNN/CNN.sim/sim_1/behav/xsim'
"xelab --incr --debug typical --relax --mt 2 -L xil_defaultlib -L unisims_ver -L unimacro_ver -L secureip --snapshot tm_tb_behav xil_defaultlib.tm_tb xil_defaultlib.glbl -log elaborate.log"
Vivado Simulator v2025.2
Copyright 1986-2022 Xilinx, Inc. All Rights Reserved.
Copyright 2022-2025 Advanced Micro Devices, Inc. All Rights Reserved.
Running: C:/AMDDesignTools/2025.2/Vivado/bin/unwrapped/win64.o/xelab.exe --incr --debug typical --relax --mt 2 -L xil_defaultlib -L unisims_ver -L unimacro_ver -L secureip --snapshot tm_tb_behav xil_defaultlib.tm_tb xil_defaultlib.glbl -log elaborate.log 
Using 2 slave threads.
Starting static elaboration
Pass Through NonSizing Optimizer
Completed static elaboration
Starting simulation data flow analysis
WARNING: [XSIM 43-4099] "C:/Users/nikhi/CNN/rtl/top_module.v" Line 1. Module top_module(IMG_W=8,IMG_H=8) doesn't have a timescale but at least one module in design has a timescale.
WARNING: [XSIM 43-4099] "C:/Users/nikhi/CNN/rtl/linebuffer.v" Line 1. Module linebuffer(IMG_W=8,IMG_H=8) doesn't have a timescale but at least one module in design has a timescale.
WARNING: [XSIM 43-4099] "C:/Users/nikhi/CNN/rtl/PE.v" Line 1. Module PE doesn't have a timescale but at least one module in design has a timescale.
WARNING: [XSIM 43-4099] "C:/Users/nikhi/CNN/rtl/max_pool.v" Line 1. Module max_pool(IMG_W=8,IMG_H=8) doesn't have a timescale but at least one module in design has a timescale.
Completed simulation data flow analysis
Time Resolution for simulation is 1ps
Compiling module xil_defaultlib.linebuffer(IMG_W=8,IMG_H=8)
Compiling module xil_defaultlib.PE
Compiling module xil_defaultlib.max_pool(IMG_W=8,IMG_H=8)
Compiling module xil_defaultlib.top_module(IMG_W=8,IMG_H=8)
Compiling module xil_defaultlib.tm_tb
Compiling module xil_defaultlib.glbl
Built simulation snapshot tm_tb_behav
INFO: [USF-XSim-69] 'elaborate' step finished in '4' seconds
INFO: [USF-XSim-4] XSim::Simulate design
INFO: [USF-XSim-61] Executing 'SIMULATE' step in 'C:/Users/nikhi/CNN/rtl/CNN/CNN.sim/sim_1/behav/xsim'
INFO: [USF-XSim-98] *** Running xsim
   with args "tm_tb_behav -key {Behavioral:sim_1:Functional:tm_tb} -tclbatch {tm_tb.tcl} -view {C:/Users/nikhi/CNN/rtl/CNN/lb_tb_behav1.wcfg} -log {simulate.log}"
INFO: [USF-XSim-8] Loading simulator feature
Time resolution is 1 ps
open_wave_config C:/Users/nikhi/CNN/rtl/CNN/lb_tb_behav1.wcfg
source tm_tb.tcl
# set curr_wave [current_wave_config]
# if { [string length $curr_wave] == 0 } {
#   if { [llength [get_objects]] > 0} {
#     add_wave /
#     set_property needs_save false [current_wave_config]
#   } else {
#      send_msg_id Add_Wave-1 WARNING "No top level signals found. Simulator will start without a wave window. If you want to open a wave window go to 'File->New Waveform Configuration' or type 'create_wave_config' in the TCL console."
#   }
# }
# run 1000ns
INFO: [USF-XSim-96] XSim completed. Design snapshot 'tm_tb_behav' loaded.
INFO: [USF-XSim-97] XSim simulation ran for 1000ns
launch_simulation: Time (s): cpu = 00:00:06 ; elapsed = 00:00:09 . Memory (MB): peak = 1739.344 ; gain = 0.000
relaunch_sim
Command: launch_simulation -step compile -simset sim_1 -mode behavioral
INFO: [Vivado 12-25911] Executing simulation for 'XSim' simulator
INFO: [Vivado 12-28535] Process started - Mon Apr  6 00:07:40 2026

INFO: [Vivado 12-12493] Simulation top is 'tm_tb'
INFO: [Vivado 12-5682] Launching behavioral simulation in 'C:/Users/nikhi/CNN/rtl/CNN/CNN.sim/sim_1/behav/xsim'
INFO: [SIM-utils-51] Simulation object is 'sim_1'
INFO: [SIM-utils-72] Using boost library from 'C:/AMDDesignTools/2025.2/Vivado/tps/boost_1_72_0'
INFO: [SIM-utils-54] Inspecting design source files for 'tm_tb' in fileset 'sim_1'...
INFO: [USF-XSim-97] Finding global include files...
INFO: [USF-XSim-98] Fetching design files from 'sim_1'...
INFO: [USF-XSim-2] XSim::Compile design
INFO: [USF-XSim-61] Executing 'COMPILE and ANALYZE' step in 'C:/Users/nikhi/CNN/rtl/CNN/CNN.sim/sim_1/behav/xsim'
"xvlog --incr --relax -prj tm_tb_vlog.prj"
INFO: [VRFC 10-2263] Analyzing Verilog file "C:/Users/nikhi/CNN/rtl/PE.v" into library xil_defaultlib
INFO: [VRFC 10-311] analyzing module PE
INFO: [VRFC 10-2263] Analyzing Verilog file "C:/Users/nikhi/CNN/rtl/linebuffer.v" into library xil_defaultlib
INFO: [VRFC 10-311] analyzing module linebuffer
INFO: [VRFC 10-2263] Analyzing Verilog file "C:/Users/nikhi/CNN/rtl/max_pool.v" into library xil_defaultlib
INFO: [VRFC 10-311] analyzing module max_pool
INFO: [VRFC 10-2263] Analyzing Verilog file "C:/Users/nikhi/CNN/rtl/top_module.v" into library xil_defaultlib
INFO: [VRFC 10-311] analyzing module top_module
INFO: [VRFC 10-2263] Analyzing Verilog file "C:/Users/nikhi/CNN/rtl/tm_tb.v" into library xil_defaultlib
INFO: [VRFC 10-311] analyzing module tm_tb
INFO: [USF-XSim-69] 'compile' step finished in '2' seconds
Command: launch_simulation -step elaborate -simset sim_1 -mode behavioral
INFO: [Vivado 12-25911] Executing simulation for 'XSim' simulator
INFO: [Vivado 12-28535] Process started - Mon Apr  6 00:07:43 2026

INFO: [Vivado 12-12493] Simulation top is 'tm_tb'
INFO: [Vivado 12-5682] Launching behavioral simulation in 'C:/Users/nikhi/CNN/rtl/CNN/CNN.sim/sim_1/behav/xsim'
INFO: [SIM-utils-51] Simulation object is 'sim_1'
INFO: [USF-XSim-3] XSim::Elaborate design
INFO: [USF-XSim-61] Executing 'ELABORATE' step in 'C:/Users/nikhi/CNN/rtl/CNN/CNN.sim/sim_1/behav/xsim'
"xelab --incr --debug typical --relax --mt 2 -L xil_defaultlib -L unisims_ver -L unimacro_ver -L secureip --snapshot tm_tb_behav xil_defaultlib.tm_tb xil_defaultlib.glbl -log elaborate.log"
Vivado Simulator v2025.2
Copyright 1986-2022 Xilinx, Inc. All Rights Reserved.
Copyright 2022-2025 Advanced Micro Devices, Inc. All Rights Reserved.
Running: C:/AMDDesignTools/2025.2/Vivado/bin/unwrapped/win64.o/xelab.exe --incr --debug typical --relax --mt 2 -L xil_defaultlib -L unisims_ver -L unimacro_ver -L secureip --snapshot tm_tb_behav xil_defaultlib.tm_tb xil_defaultlib.glbl -log elaborate.log 
Using 2 slave threads.
Starting static elaboration
Pass Through NonSizing Optimizer
Completed static elaboration
Starting simulation data flow analysis
WARNING: [XSIM 43-4099] "C:/Users/nikhi/CNN/rtl/top_module.v" Line 1. Module top_module(IMG_W=8,IMG_H=8) doesn't have a timescale but at least one module in design has a timescale.
WARNING: [XSIM 43-4099] "C:/Users/nikhi/CNN/rtl/linebuffer.v" Line 1. Module linebuffer(IMG_W=8,IMG_H=8) doesn't have a timescale but at least one module in design has a timescale.
WARNING: [XSIM 43-4099] "C:/Users/nikhi/CNN/rtl/PE.v" Line 1. Module PE doesn't have a timescale but at least one module in design has a timescale.
WARNING: [XSIM 43-4099] "C:/Users/nikhi/CNN/rtl/max_pool.v" Line 1. Module max_pool(IMG_W=8,IMG_H=8) doesn't have a timescale but at least one module in design has a timescale.
Completed simulation data flow analysis
Time Resolution for simulation is 1ps
Compiling module xil_defaultlib.linebuffer(IMG_W=8,IMG_H=8)
Compiling module xil_defaultlib.PE
Compiling module xil_defaultlib.max_pool(IMG_W=8,IMG_H=8)
Compiling module xil_defaultlib.top_module(IMG_W=8,IMG_H=8)
Compiling module xil_defaultlib.tm_tb
Compiling module xil_defaultlib.glbl
Built simulation snapshot tm_tb_behav
INFO: [USF-XSim-69] 'elaborate' step finished in '3' seconds
Time resolution is 1 ps
relaunch_sim: Time (s): cpu = 00:00:03 ; elapsed = 00:00:08 . Memory (MB): peak = 1766.379 ; gain = 0.000
WARNING: [filemgmt 56-199] Attempt to get parsing info during refresh. "On-the-fly" syntax checking information may be incorrect. [C:\Users\nikhi\CNN\rtl\top_module.v:]
WARNING: [filemgmt 56-199] Attempt to get parsing info during refresh. "On-the-fly" syntax checking information may be incorrect. [C:\Users\nikhi\CNN\rtl\max_pool.v:]
WARNING: [filemgmt 56-199] Attempt to get parsing info during refresh. "On-the-fly" syntax checking information may be incorrect. [C:\Users\nikhi\CNN\rtl\max_pool.v:]
WARNING: [filemgmt 56-199] Attempt to get parsing info during refresh. "On-the-fly" syntax checking information may be incorrect. [C:\Users\nikhi\CNN\rtl\max_pool.v:]
close_sim
INFO: [Simtcl 6-16] Simulation closed
launch_simulation
Command: launch_simulation 
INFO: [Vivado 12-25911] Executing simulation for 'XSim' simulator
INFO: [Vivado 12-28535] Process started - Mon Apr  6 00:10:28 2026

INFO: [Vivado 12-12493] Simulation top is 'tm_tb'
INFO: [Vivado 12-5682] Launching behavioral simulation in 'C:/Users/nikhi/CNN/rtl/CNN/CNN.sim/sim_1/behav/xsim'
INFO: [SIM-utils-51] Simulation object is 'sim_1'
INFO: [SIM-utils-72] Using boost library from 'C:/AMDDesignTools/2025.2/Vivado/tps/boost_1_72_0'
INFO: [SIM-utils-54] Inspecting design source files for 'tm_tb' in fileset 'sim_1'...
INFO: [USF-XSim-97] Finding global include files...
INFO: [USF-XSim-98] Fetching design files from 'sim_1'...
INFO: [USF-XSim-2] XSim::Compile design
INFO: [USF-XSim-61] Executing 'COMPILE and ANALYZE' step in 'C:/Users/nikhi/CNN/rtl/CNN/CNN.sim/sim_1/behav/xsim'
"xvlog --incr --relax -prj tm_tb_vlog.prj"
INFO: [VRFC 10-2263] Analyzing Verilog file "C:/Users/nikhi/CNN/rtl/PE.v" into library xil_defaultlib
INFO: [VRFC 10-311] analyzing module PE
INFO: [VRFC 10-2263] Analyzing Verilog file "C:/Users/nikhi/CNN/rtl/linebuffer.v" into library xil_defaultlib
INFO: [VRFC 10-311] analyzing module linebuffer
INFO: [VRFC 10-2263] Analyzing Verilog file "C:/Users/nikhi/CNN/rtl/max_pool.v" into library xil_defaultlib
INFO: [VRFC 10-311] analyzing module max_pool
INFO: [VRFC 10-2263] Analyzing Verilog file "C:/Users/nikhi/CNN/rtl/top_module.v" into library xil_defaultlib
INFO: [VRFC 10-311] analyzing module top_module
INFO: [VRFC 10-2263] Analyzing Verilog file "C:/Users/nikhi/CNN/rtl/tm_tb.v" into library xil_defaultlib
INFO: [VRFC 10-311] analyzing module tm_tb
INFO: [USF-XSim-69] 'compile' step finished in '2' seconds
INFO: [USF-XSim-3] XSim::Elaborate design
INFO: [USF-XSim-61] Executing 'ELABORATE' step in 'C:/Users/nikhi/CNN/rtl/CNN/CNN.sim/sim_1/behav/xsim'
"xelab --incr --debug typical --relax --mt 2 -L xil_defaultlib -L unisims_ver -L unimacro_ver -L secureip --snapshot tm_tb_behav xil_defaultlib.tm_tb xil_defaultlib.glbl -log elaborate.log"
Vivado Simulator v2025.2
Copyright 1986-2022 Xilinx, Inc. All Rights Reserved.
Copyright 2022-2025 Advanced Micro Devices, Inc. All Rights Reserved.
Running: C:/AMDDesignTools/2025.2/Vivado/bin/unwrapped/win64.o/xelab.exe --incr --debug typical --relax --mt 2 -L xil_defaultlib -L unisims_ver -L unimacro_ver -L secureip --snapshot tm_tb_behav xil_defaultlib.tm_tb xil_defaultlib.glbl -log elaborate.log 
Using 2 slave threads.
Starting static elaboration
Pass Through NonSizing Optimizer
Completed static elaboration
Starting simulation data flow analysis
WARNING: [XSIM 43-4099] "C:/Users/nikhi/CNN/rtl/top_module.v" Line 1. Module top_module(IMG_W=8,IMG_H=8) doesn't have a timescale but at least one module in design has a timescale.
WARNING: [XSIM 43-4099] "C:/Users/nikhi/CNN/rtl/linebuffer.v" Line 1. Module linebuffer(IMG_W=8,IMG_H=8) doesn't have a timescale but at least one module in design has a timescale.
WARNING: [XSIM 43-4099] "C:/Users/nikhi/CNN/rtl/PE.v" Line 1. Module PE doesn't have a timescale but at least one module in design has a timescale.
WARNING: [XSIM 43-4099] "C:/Users/nikhi/CNN/rtl/max_pool.v" Line 1. Module max_pool(IMG_W=8,IMG_H=8) doesn't have a timescale but at least one module in design has a timescale.
Completed simulation data flow analysis
Time Resolution for simulation is 1ps
Compiling module xil_defaultlib.linebuffer(IMG_W=8,IMG_H=8)
Compiling module xil_defaultlib.PE
Compiling module xil_defaultlib.max_pool(IMG_W=8,IMG_H=8)
Compiling module xil_defaultlib.top_module(IMG_W=8,IMG_H=8)
Compiling module xil_defaultlib.tm_tb
Compiling module xil_defaultlib.glbl
Built simulation snapshot tm_tb_behav
INFO: [USF-XSim-69] 'elaborate' step finished in '4' seconds
INFO: [USF-XSim-4] XSim::Simulate design
INFO: [USF-XSim-61] Executing 'SIMULATE' step in 'C:/Users/nikhi/CNN/rtl/CNN/CNN.sim/sim_1/behav/xsim'
INFO: [USF-XSim-98] *** Running xsim
   with args "tm_tb_behav -key {Behavioral:sim_1:Functional:tm_tb} -tclbatch {tm_tb.tcl} -view {C:/Users/nikhi/CNN/rtl/CNN/lb_tb_behav1.wcfg} -log {simulate.log}"
INFO: [USF-XSim-8] Loading simulator feature
Time resolution is 1 ps
open_wave_config C:/Users/nikhi/CNN/rtl/CNN/lb_tb_behav1.wcfg
source tm_tb.tcl
# set curr_wave [current_wave_config]
# if { [string length $curr_wave] == 0 } {
#   if { [llength [get_objects]] > 0} {
#     add_wave /
#     set_property needs_save false [current_wave_config]
#   } else {
#      send_msg_id Add_Wave-1 WARNING "No top level signals found. Simulator will start without a wave window. If you want to open a wave window go to 'File->New Waveform Configuration' or type 'create_wave_config' in the TCL console."
#   }
# }
# run 1000ns
INFO: [USF-XSim-96] XSim completed. Design snapshot 'tm_tb_behav' loaded.
INFO: [USF-XSim-97] XSim simulation ran for 1000ns
launch_simulation: Time (s): cpu = 00:00:05 ; elapsed = 00:00:08 . Memory (MB): peak = 1766.379 ; gain = 0.000
relaunch_sim
Command: launch_simulation -step compile -simset sim_1 -mode behavioral
INFO: [Vivado 12-25911] Executing simulation for 'XSim' simulator
INFO: [Vivado 12-28535] Process started - Mon Apr  6 00:11:25 2026

INFO: [Vivado 12-12493] Simulation top is 'tm_tb'
INFO: [Vivado 12-5682] Launching behavioral simulation in 'C:/Users/nikhi/CNN/rtl/CNN/CNN.sim/sim_1/behav/xsim'
INFO: [SIM-utils-51] Simulation object is 'sim_1'
INFO: [USF-XSim-2] XSim::Compile design
INFO: [USF-XSim-61] Executing 'COMPILE and ANALYZE' step in 'C:/Users/nikhi/CNN/rtl/CNN/CNN.sim/sim_1/behav/xsim'
"xvlog --incr --relax -prj tm_tb_vlog.prj"
INFO: [USF-XSim-69] 'compile' step finished in '2' seconds
Command: launch_simulation -step elaborate -simset sim_1 -mode behavioral
INFO: [Vivado 12-25911] Executing simulation for 'XSim' simulator
INFO: [Vivado 12-28535] Process started - Mon Apr  6 00:11:27 2026

INFO: [Vivado 12-12493] Simulation top is 'tm_tb'
INFO: [Vivado 12-5682] Launching behavioral simulation in 'C:/Users/nikhi/CNN/rtl/CNN/CNN.sim/sim_1/behav/xsim'
INFO: [SIM-utils-51] Simulation object is 'sim_1'
INFO: [USF-XSim-3] XSim::Elaborate design
INFO: [USF-XSim-61] Executing 'ELABORATE' step in 'C:/Users/nikhi/CNN/rtl/CNN/CNN.sim/sim_1/behav/xsim'
"xelab --incr --debug typical --relax --mt 2 -L xil_defaultlib -L unisims_ver -L unimacro_ver -L secureip --snapshot tm_tb_behav xil_defaultlib.tm_tb xil_defaultlib.glbl -log elaborate.log"
Vivado Simulator v2025.2
Copyright 1986-2022 Xilinx, Inc. All Rights Reserved.
Copyright 2022-2025 Advanced Micro Devices, Inc. All Rights Reserved.
Running: C:/AMDDesignTools/2025.2/Vivado/bin/unwrapped/win64.o/xelab.exe --incr --debug typical --relax --mt 2 -L xil_defaultlib -L unisims_ver -L unimacro_ver -L secureip --snapshot tm_tb_behav xil_defaultlib.tm_tb xil_defaultlib.glbl -log elaborate.log 
Using 2 slave threads.
Starting static elaboration
Pass Through NonSizing Optimizer
Completed static elaboration
INFO: [XSIM 43-4323] No Change in HDL. Linking previously generated obj files to create kernel
INFO: [USF-XSim-69] 'elaborate' step finished in '3' seconds
Time resolution is 1 ps
relaunch_sim: Time (s): cpu = 00:00:01 ; elapsed = 00:00:07 . Memory (MB): peak = 1766.379 ; gain = 0.000
WARNING: [filemgmt 56-199] Attempt to get parsing info during refresh. "On-the-fly" syntax checking information may be incorrect. [C:\Users\nikhi\CNN\rtl\top_module.v:]
WARNING: [filemgmt 56-199] Attempt to get parsing info during refresh. "On-the-fly" syntax checking information may be incorrect. [C:\Users\nikhi\CNN\rtl\max_pool.v:]
WARNING: [filemgmt 56-199] Attempt to get parsing info during refresh. "On-the-fly" syntax checking information may be incorrect. [C:\Users\nikhi\CNN\rtl\max_pool.v:]
WARNING: [filemgmt 56-199] Attempt to get parsing info during refresh. "On-the-fly" syntax checking information may be incorrect. [C:\Users\nikhi\CNN\rtl\max_pool.v:]
ERROR: [Common 17-180] Spawn failed: The operation completed successfully.

close_sim
INFO: [Simtcl 6-16] Simulation closed
launch_simulation
Command: launch_simulation 
INFO: [Vivado 12-25911] Executing simulation for 'XSim' simulator
INFO: [Vivado 12-28535] Process started - Mon Apr  6 00:14:46 2026

INFO: [Vivado 12-12493] Simulation top is 'tm_tb'
INFO: [Vivado 12-5682] Launching behavioral simulation in 'C:/Users/nikhi/CNN/rtl/CNN/CNN.sim/sim_1/behav/xsim'
INFO: [SIM-utils-51] Simulation object is 'sim_1'
INFO: [SIM-utils-72] Using boost library from 'C:/AMDDesignTools/2025.2/Vivado/tps/boost_1_72_0'
INFO: [SIM-utils-54] Inspecting design source files for 'tm_tb' in fileset 'sim_1'...
INFO: [USF-XSim-97] Finding global include files...
INFO: [USF-XSim-98] Fetching design files from 'sim_1'...
INFO: [USF-XSim-2] XSim::Compile design
INFO: [USF-XSim-61] Executing 'COMPILE and ANALYZE' step in 'C:/Users/nikhi/CNN/rtl/CNN/CNN.sim/sim_1/behav/xsim'
"xvlog --incr --relax -prj tm_tb_vlog.prj"
INFO: [VRFC 10-2263] Analyzing Verilog file "C:/Users/nikhi/CNN/rtl/PE.v" into library xil_defaultlib
INFO: [VRFC 10-311] analyzing module PE
INFO: [VRFC 10-2263] Analyzing Verilog file "C:/Users/nikhi/CNN/rtl/linebuffer.v" into library xil_defaultlib
INFO: [VRFC 10-311] analyzing module linebuffer
INFO: [VRFC 10-2263] Analyzing Verilog file "C:/Users/nikhi/CNN/rtl/max_pool.v" into library xil_defaultlib
INFO: [VRFC 10-311] analyzing module max_pool
INFO: [VRFC 10-2263] Analyzing Verilog file "C:/Users/nikhi/CNN/rtl/top_module.v" into library xil_defaultlib
INFO: [VRFC 10-311] analyzing module top_module
INFO: [VRFC 10-2263] Analyzing Verilog file "C:/Users/nikhi/CNN/rtl/tm_tb.v" into library xil_defaultlib
INFO: [VRFC 10-311] analyzing module tm_tb
INFO: [USF-XSim-69] 'compile' step finished in '2' seconds
INFO: [USF-XSim-3] XSim::Elaborate design
INFO: [USF-XSim-61] Executing 'ELABORATE' step in 'C:/Users/nikhi/CNN/rtl/CNN/CNN.sim/sim_1/behav/xsim'
"xelab --incr --debug typical --relax --mt 2 -L xil_defaultlib -L unisims_ver -L unimacro_ver -L secureip --snapshot tm_tb_behav xil_defaultlib.tm_tb xil_defaultlib.glbl -log elaborate.log"
Vivado Simulator v2025.2
Copyright 1986-2022 Xilinx, Inc. All Rights Reserved.
Copyright 2022-2025 Advanced Micro Devices, Inc. All Rights Reserved.
Running: C:/AMDDesignTools/2025.2/Vivado/bin/unwrapped/win64.o/xelab.exe --incr --debug typical --relax --mt 2 -L xil_defaultlib -L unisims_ver -L unimacro_ver -L secureip --snapshot tm_tb_behav xil_defaultlib.tm_tb xil_defaultlib.glbl -log elaborate.log 
Using 2 slave threads.
Starting static elaboration
Pass Through NonSizing Optimizer
Completed static elaboration
Starting simulation data flow analysis
WARNING: [XSIM 43-4099] "C:/Users/nikhi/CNN/rtl/top_module.v" Line 1. Module top_module(IMG_W=8,IMG_H=8) doesn't have a timescale but at least one module in design has a timescale.
WARNING: [XSIM 43-4099] "C:/Users/nikhi/CNN/rtl/linebuffer.v" Line 1. Module linebuffer(IMG_W=8,IMG_H=8) doesn't have a timescale but at least one module in design has a timescale.
WARNING: [XSIM 43-4099] "C:/Users/nikhi/CNN/rtl/PE.v" Line 1. Module PE doesn't have a timescale but at least one module in design has a timescale.
WARNING: [XSIM 43-4099] "C:/Users/nikhi/CNN/rtl/max_pool.v" Line 1. Module max_pool(IMG_W=8,IMG_H=8) doesn't have a timescale but at least one module in design has a timescale.
Completed simulation data flow analysis
Time Resolution for simulation is 1ps
Compiling module xil_defaultlib.linebuffer(IMG_W=8,IMG_H=8)
Compiling module xil_defaultlib.PE
Compiling module xil_defaultlib.max_pool(IMG_W=8,IMG_H=8)
Compiling module xil_defaultlib.top_module(IMG_W=8,IMG_H=8)
Compiling module xil_defaultlib.tm_tb
Compiling module xil_defaultlib.glbl
Built simulation snapshot tm_tb_behav
INFO: [USF-XSim-69] 'elaborate' step finished in '3' seconds
INFO: [USF-XSim-4] XSim::Simulate design
INFO: [USF-XSim-61] Executing 'SIMULATE' step in 'C:/Users/nikhi/CNN/rtl/CNN/CNN.sim/sim_1/behav/xsim'
INFO: [USF-XSim-98] *** Running xsim
   with args "tm_tb_behav -key {Behavioral:sim_1:Functional:tm_tb} -tclbatch {tm_tb.tcl} -view {C:/Users/nikhi/CNN/rtl/CNN/lb_tb_behav1.wcfg} -log {simulate.log}"
INFO: [USF-XSim-8] Loading simulator feature
Time resolution is 1 ps
open_wave_config C:/Users/nikhi/CNN/rtl/CNN/lb_tb_behav1.wcfg
source tm_tb.tcl
# set curr_wave [current_wave_config]
# if { [string length $curr_wave] == 0 } {
#   if { [llength [get_objects]] > 0} {
#     add_wave /
#     set_property needs_save false [current_wave_config]
#   } else {
#      send_msg_id Add_Wave-1 WARNING "No top level signals found. Simulator will start without a wave window. If you want to open a wave window go to 'File->New Waveform Configuration' or type 'create_wave_config' in the TCL console."
#   }
# }
# run 1000ns
INFO: [USF-XSim-96] XSim completed. Design snapshot 'tm_tb_behav' loaded.
INFO: [USF-XSim-97] XSim simulation ran for 1000ns
launch_simulation: Time (s): cpu = 00:00:04 ; elapsed = 00:00:08 . Memory (MB): peak = 1766.379 ; gain = 0.000
current_wave_config {lb_tb_behav1.wcfg}
lb_tb_behav1.wcfg
add_wave {{/tm_tb/tm/mp/valid_in}} 
current_wave_config {lb_tb_behav1.wcfg}
lb_tb_behav1.wcfg
add_wave {{/tm_tb/tm/mp/data_in}} 
current_wave_config {lb_tb_behav1.wcfg}
lb_tb_behav1.wcfg
add_wave {{/tm_tb/tm/mp/pool_data}} 
current_wave_config {lb_tb_behav1.wcfg}
lb_tb_behav1.wcfg
add_wave {{/tm_tb/tm/mp/pool_en}} 
current_wave_config {lb_tb_behav1.wcfg}
lb_tb_behav1.wcfg
add_wave {{/tm_tb/tm/mp/ctr}} 
current_wave_config {lb_tb_behav1.wcfg}
lb_tb_behav1.wcfg
add_wave {{/tm_tb/tm/mp/row_1_max}} 
current_wave_config {lb_tb_behav1.wcfg}
lb_tb_behav1.wcfg
add_wave {{/tm_tb/tm/mp/row_2_max}} 
current_wave_config {lb_tb_behav1.wcfg}
lb_tb_behav1.wcfg
add_wave {{/tm_tb/tm/mp/col}} 
current_wave_config {lb_tb_behav1.wcfg}
lb_tb_behav1.wcfg
add_wave {{/tm_tb/tm/mp/row}} 
relaunch_sim
Command: launch_simulation -step compile -simset sim_1 -mode behavioral
INFO: [Vivado 12-25911] Executing simulation for 'XSim' simulator
INFO: [Vivado 12-28535] Process started - Mon Apr  6 00:15:48 2026

INFO: [Vivado 12-12493] Simulation top is 'tm_tb'
INFO: [Vivado 12-5682] Launching behavioral simulation in 'C:/Users/nikhi/CNN/rtl/CNN/CNN.sim/sim_1/behav/xsim'
INFO: [SIM-utils-51] Simulation object is 'sim_1'
INFO: [USF-XSim-2] XSim::Compile design
INFO: [USF-XSim-61] Executing 'COMPILE and ANALYZE' step in 'C:/Users/nikhi/CNN/rtl/CNN/CNN.sim/sim_1/behav/xsim'
"xvlog --incr --relax -prj tm_tb_vlog.prj"
INFO: [USF-XSim-69] 'compile' step finished in '1' seconds
Command: launch_simulation -step elaborate -simset sim_1 -mode behavioral
INFO: [Vivado 12-25911] Executing simulation for 'XSim' simulator
INFO: [Vivado 12-28535] Process started - Mon Apr  6 00:15:50 2026

INFO: [Vivado 12-12493] Simulation top is 'tm_tb'
INFO: [Vivado 12-5682] Launching behavioral simulation in 'C:/Users/nikhi/CNN/rtl/CNN/CNN.sim/sim_1/behav/xsim'
INFO: [SIM-utils-51] Simulation object is 'sim_1'
INFO: [USF-XSim-3] XSim::Elaborate design
INFO: [USF-XSim-61] Executing 'ELABORATE' step in 'C:/Users/nikhi/CNN/rtl/CNN/CNN.sim/sim_1/behav/xsim'
"xelab --incr --debug typical --relax --mt 2 -L xil_defaultlib -L unisims_ver -L unimacro_ver -L secureip --snapshot tm_tb_behav xil_defaultlib.tm_tb xil_defaultlib.glbl -log elaborate.log"
Vivado Simulator v2025.2
Copyright 1986-2022 Xilinx, Inc. All Rights Reserved.
Copyright 2022-2025 Advanced Micro Devices, Inc. All Rights Reserved.
Running: C:/AMDDesignTools/2025.2/Vivado/bin/unwrapped/win64.o/xelab.exe --incr --debug typical --relax --mt 2 -L xil_defaultlib -L unisims_ver -L unimacro_ver -L secureip --snapshot tm_tb_behav xil_defaultlib.tm_tb xil_defaultlib.glbl -log elaborate.log 
Using 2 slave threads.
Starting static elaboration
Pass Through NonSizing Optimizer
Completed static elaboration
INFO: [XSIM 43-4323] No Change in HDL. Linking previously generated obj files to create kernel
INFO: [USF-XSim-69] 'elaborate' step finished in '2' seconds
Time resolution is 1 ps
relaunch_sim: Time (s): cpu = 00:00:01 ; elapsed = 00:00:06 . Memory (MB): peak = 1909.402 ; gain = 0.000
current_wave_config {lb_tb_behav1.wcfg}
lb_tb_behav1.wcfg
add_wave {{/tm_tb/tm/mp/line1}} 
relaunch_sim
Command: launch_simulation -step compile -simset sim_1 -mode behavioral
INFO: [Vivado 12-25911] Executing simulation for 'XSim' simulator
INFO: [Vivado 12-28535] Process started - Mon Apr  6 00:17:28 2026

INFO: [Vivado 12-12493] Simulation top is 'tm_tb'
INFO: [Vivado 12-5682] Launching behavioral simulation in 'C:/Users/nikhi/CNN/rtl/CNN/CNN.sim/sim_1/behav/xsim'
INFO: [SIM-utils-51] Simulation object is 'sim_1'
INFO: [USF-XSim-2] XSim::Compile design
INFO: [USF-XSim-61] Executing 'COMPILE and ANALYZE' step in 'C:/Users/nikhi/CNN/rtl/CNN/CNN.sim/sim_1/behav/xsim'
"xvlog --incr --relax -prj tm_tb_vlog.prj"
INFO: [USF-XSim-69] 'compile' step finished in '2' seconds
Command: launch_simulation -step elaborate -simset sim_1 -mode behavioral
INFO: [Vivado 12-25911] Executing simulation for 'XSim' simulator
INFO: [Vivado 12-28535] Process started - Mon Apr  6 00:17:30 2026

INFO: [Vivado 12-12493] Simulation top is 'tm_tb'
INFO: [Vivado 12-5682] Launching behavioral simulation in 'C:/Users/nikhi/CNN/rtl/CNN/CNN.sim/sim_1/behav/xsim'
INFO: [SIM-utils-51] Simulation object is 'sim_1'
INFO: [USF-XSim-3] XSim::Elaborate design
INFO: [USF-XSim-61] Executing 'ELABORATE' step in 'C:/Users/nikhi/CNN/rtl/CNN/CNN.sim/sim_1/behav/xsim'
"xelab --incr --debug typical --relax --mt 2 -L xil_defaultlib -L unisims_ver -L unimacro_ver -L secureip --snapshot tm_tb_behav xil_defaultlib.tm_tb xil_defaultlib.glbl -log elaborate.log"
Vivado Simulator v2025.2
Copyright 1986-2022 Xilinx, Inc. All Rights Reserved.
Copyright 2022-2025 Advanced Micro Devices, Inc. All Rights Reserved.
Running: C:/AMDDesignTools/2025.2/Vivado/bin/unwrapped/win64.o/xelab.exe --incr --debug typical --relax --mt 2 -L xil_defaultlib -L unisims_ver -L unimacro_ver -L secureip --snapshot tm_tb_behav xil_defaultlib.tm_tb xil_defaultlib.glbl -log elaborate.log 
Using 2 slave threads.
Starting static elaboration
Pass Through NonSizing Optimizer
Completed static elaboration
INFO: [XSIM 43-4323] No Change in HDL. Linking previously generated obj files to create kernel
INFO: [USF-XSim-69] 'elaborate' step finished in '2' seconds
Time resolution is 1 ps
relaunch_sim: Time (s): cpu = 00:00:01 ; elapsed = 00:00:06 . Memory (MB): peak = 1909.402 ; gain = 0.000
WARNING: [filemgmt 56-199] Attempt to get parsing info during refresh. "On-the-fly" syntax checking information may be incorrect. [C:\Users\nikhi\CNN\rtl\top_module.v:]
WARNING: [filemgmt 56-199] Attempt to get parsing info during refresh. "On-the-fly" syntax checking information may be incorrect. [C:\Users\nikhi\CNN\rtl\max_pool.v:]
WARNING: [filemgmt 56-199] Attempt to get parsing info during refresh. "On-the-fly" syntax checking information may be incorrect. [C:\Users\nikhi\CNN\rtl\max_pool.v:]
WARNING: [filemgmt 56-199] Attempt to get parsing info during refresh. "On-the-fly" syntax checking information may be incorrect. [C:\Users\nikhi\CNN\rtl\max_pool.v:]
ERROR: [Common 17-180] Spawn failed: The operation completed successfully.

WARNING: [filemgmt 56-199] Attempt to get parsing info during refresh. "On-the-fly" syntax checking information may be incorrect. [C:\Users\nikhi\CNN\rtl\top_module.v:]
WARNING: [filemgmt 56-199] Attempt to get parsing info during refresh. "On-the-fly" syntax checking information may be incorrect. [C:\Users\nikhi\CNN\rtl\max_pool.v:]
WARNING: [filemgmt 56-199] Attempt to get parsing info during refresh. "On-the-fly" syntax checking information may be incorrect. [C:\Users\nikhi\CNN\rtl\max_pool.v:]
WARNING: [filemgmt 56-199] Attempt to get parsing info during refresh. "On-the-fly" syntax checking information may be incorrect. [C:\Users\nikhi\CNN\rtl\max_pool.v:]
ERROR: [Common 17-180] Spawn failed: The operation completed successfully.

WARNING: [filemgmt 56-199] Attempt to get parsing info during refresh. "On-the-fly" syntax checking information may be incorrect. [C:\Users\nikhi\CNN\rtl\top_module.v:]
WARNING: [filemgmt 56-199] Attempt to get parsing info during refresh. "On-the-fly" syntax checking information may be incorrect. [C:\Users\nikhi\CNN\rtl\max_pool.v:]
WARNING: [filemgmt 56-199] Attempt to get parsing info during refresh. "On-the-fly" syntax checking information may be incorrect. [C:\Users\nikhi\CNN\rtl\max_pool.v:]
WARNING: [filemgmt 56-199] Attempt to get parsing info during refresh. "On-the-fly" syntax checking information may be incorrect. [C:\Users\nikhi\CNN\rtl\max_pool.v:]
ERROR: [Common 17-180] Spawn failed: The operation completed successfully.

close_sim
INFO: [Simtcl 6-16] Simulation closed
launch_simulation
Command: launch_simulation 
INFO: [Vivado 12-25911] Executing simulation for 'XSim' simulator
INFO: [Vivado 12-28535] Process started - Mon Apr  6 00:18:36 2026

INFO: [Vivado 12-12493] Simulation top is 'tm_tb'
INFO: [Vivado 12-5682] Launching behavioral simulation in 'C:/Users/nikhi/CNN/rtl/CNN/CNN.sim/sim_1/behav/xsim'
INFO: [SIM-utils-51] Simulation object is 'sim_1'
INFO: [SIM-utils-72] Using boost library from 'C:/AMDDesignTools/2025.2/Vivado/tps/boost_1_72_0'
INFO: [SIM-utils-54] Inspecting design source files for 'tm_tb' in fileset 'sim_1'...
INFO: [USF-XSim-97] Finding global include files...
INFO: [USF-XSim-98] Fetching design files from 'sim_1'...
INFO: [USF-XSim-2] XSim::Compile design
INFO: [USF-XSim-61] Executing 'COMPILE and ANALYZE' step in 'C:/Users/nikhi/CNN/rtl/CNN/CNN.sim/sim_1/behav/xsim'
"xvlog --incr --relax -prj tm_tb_vlog.prj"
INFO: [VRFC 10-2263] Analyzing Verilog file "C:/Users/nikhi/CNN/rtl/PE.v" into library xil_defaultlib
INFO: [VRFC 10-311] analyzing module PE
INFO: [VRFC 10-2263] Analyzing Verilog file "C:/Users/nikhi/CNN/rtl/linebuffer.v" into library xil_defaultlib
INFO: [VRFC 10-311] analyzing module linebuffer
INFO: [VRFC 10-2263] Analyzing Verilog file "C:/Users/nikhi/CNN/rtl/max_pool.v" into library xil_defaultlib
INFO: [VRFC 10-311] analyzing module max_pool
ERROR: [VRFC 10-2989] 'line_1' is not declared [C:/Users/nikhi/CNN/rtl/max_pool.v:80]
ERROR: [VRFC 10-8530] module 'max_pool' is ignored due to previous errors [C:/Users/nikhi/CNN/rtl/max_pool.v:1]
INFO: [USF-XSim-69] 'compile' step finished in '2' seconds
INFO: [USF-XSim-99] Step results log file:'C:/Users/nikhi/CNN/rtl/CNN/CNN.sim/sim_1/behav/xsim/xvlog.log'
ERROR: [USF-XSim-62] 'compile' step failed with error(s). Please check the Tcl console output or 'C:/Users/nikhi/CNN/rtl/CNN/CNN.sim/sim_1/behav/xsim/xvlog.log' file for more information.
ERROR: [Vivado 12-4473] Detected error while running simulation. Please correct the issue and retry this operation.
ERROR: [Common 17-39] 'launch_simulation' failed due to earlier errors.
WARNING: [filemgmt 56-199] Attempt to get parsing info during refresh. "On-the-fly" syntax checking information may be incorrect. [C:\Users\nikhi\CNN\rtl\top_module.v:]
WARNING: [filemgmt 56-199] Attempt to get parsing info during refresh. "On-the-fly" syntax checking information may be incorrect. [C:\Users\nikhi\CNN\rtl\max_pool.v:]
WARNING: [filemgmt 56-199] Attempt to get parsing info during refresh. "On-the-fly" syntax checking information may be incorrect. [C:\Users\nikhi\CNN\rtl\top_module.v:]
WARNING: [filemgmt 56-199] Attempt to get parsing info during refresh. "On-the-fly" syntax checking information may be incorrect. [C:\Users\nikhi\CNN\rtl\top_module.v:]
launch_simulation
Command: launch_simulation 
INFO: [Vivado 12-25911] Executing simulation for 'XSim' simulator
INFO: [Vivado 12-28535] Process started - Mon Apr  6 00:19:02 2026

INFO: [Vivado 12-12493] Simulation top is 'tm_tb'
INFO: [Vivado 12-5682] Launching behavioral simulation in 'C:/Users/nikhi/CNN/rtl/CNN/CNN.sim/sim_1/behav/xsim'
INFO: [SIM-utils-51] Simulation object is 'sim_1'
INFO: [SIM-utils-72] Using boost library from 'C:/AMDDesignTools/2025.2/Vivado/tps/boost_1_72_0'
INFO: [SIM-utils-54] Inspecting design source files for 'tm_tb' in fileset 'sim_1'...
INFO: [USF-XSim-97] Finding global include files...
INFO: [USF-XSim-98] Fetching design files from 'sim_1'...
INFO: [USF-XSim-2] XSim::Compile design
INFO: [USF-XSim-61] Executing 'COMPILE and ANALYZE' step in 'C:/Users/nikhi/CNN/rtl/CNN/CNN.sim/sim_1/behav/xsim'
"xvlog --incr --relax -prj tm_tb_vlog.prj"
INFO: [VRFC 10-2263] Analyzing Verilog file "C:/Users/nikhi/CNN/rtl/PE.v" into library xil_defaultlib
INFO: [VRFC 10-311] analyzing module PE
INFO: [VRFC 10-2263] Analyzing Verilog file "C:/Users/nikhi/CNN/rtl/linebuffer.v" into library xil_defaultlib
INFO: [VRFC 10-311] analyzing module linebuffer
INFO: [VRFC 10-2263] Analyzing Verilog file "C:/Users/nikhi/CNN/rtl/max_pool.v" into library xil_defaultlib
INFO: [VRFC 10-311] analyzing module max_pool
INFO: [VRFC 10-2263] Analyzing Verilog file "C:/Users/nikhi/CNN/rtl/top_module.v" into library xil_defaultlib
INFO: [VRFC 10-311] analyzing module top_module
INFO: [VRFC 10-2263] Analyzing Verilog file "C:/Users/nikhi/CNN/rtl/tm_tb.v" into library xil_defaultlib
INFO: [VRFC 10-311] analyzing module tm_tb
INFO: [USF-XSim-69] 'compile' step finished in '2' seconds
INFO: [USF-XSim-3] XSim::Elaborate design
INFO: [USF-XSim-61] Executing 'ELABORATE' step in 'C:/Users/nikhi/CNN/rtl/CNN/CNN.sim/sim_1/behav/xsim'
"xelab --incr --debug typical --relax --mt 2 -L xil_defaultlib -L unisims_ver -L unimacro_ver -L secureip --snapshot tm_tb_behav xil_defaultlib.tm_tb xil_defaultlib.glbl -log elaborate.log"
Vivado Simulator v2025.2
Copyright 1986-2022 Xilinx, Inc. All Rights Reserved.
Copyright 2022-2025 Advanced Micro Devices, Inc. All Rights Reserved.
Running: C:/AMDDesignTools/2025.2/Vivado/bin/unwrapped/win64.o/xelab.exe --incr --debug typical --relax --mt 2 -L xil_defaultlib -L unisims_ver -L unimacro_ver -L secureip --snapshot tm_tb_behav xil_defaultlib.tm_tb xil_defaultlib.glbl -log elaborate.log 
Using 2 slave threads.
Starting static elaboration
Pass Through NonSizing Optimizer
Completed static elaboration
Starting simulation data flow analysis
WARNING: [XSIM 43-4099] "C:/Users/nikhi/CNN/rtl/top_module.v" Line 1. Module top_module(IMG_W=8,IMG_H=8) doesn't have a timescale but at least one module in design has a timescale.
WARNING: [XSIM 43-4099] "C:/Users/nikhi/CNN/rtl/linebuffer.v" Line 1. Module linebuffer(IMG_W=8,IMG_H=8) doesn't have a timescale but at least one module in design has a timescale.
WARNING: [XSIM 43-4099] "C:/Users/nikhi/CNN/rtl/PE.v" Line 1. Module PE doesn't have a timescale but at least one module in design has a timescale.
WARNING: [XSIM 43-4099] "C:/Users/nikhi/CNN/rtl/max_pool.v" Line 1. Module max_pool(IMG_W=8,IMG_H=8) doesn't have a timescale but at least one module in design has a timescale.
Completed simulation data flow analysis
Time Resolution for simulation is 1ps
Compiling module xil_defaultlib.linebuffer(IMG_W=8,IMG_H=8)
Compiling module xil_defaultlib.PE
Compiling module xil_defaultlib.max_pool(IMG_W=8,IMG_H=8)
Compiling module xil_defaultlib.top_module(IMG_W=8,IMG_H=8)
Compiling module xil_defaultlib.tm_tb
Compiling module xil_defaultlib.glbl
Built simulation snapshot tm_tb_behav
INFO: [USF-XSim-69] 'elaborate' step finished in '3' seconds
INFO: [USF-XSim-4] XSim::Simulate design
INFO: [USF-XSim-61] Executing 'SIMULATE' step in 'C:/Users/nikhi/CNN/rtl/CNN/CNN.sim/sim_1/behav/xsim'
INFO: [USF-XSim-98] *** Running xsim
   with args "tm_tb_behav -key {Behavioral:sim_1:Functional:tm_tb} -tclbatch {tm_tb.tcl} -view {C:/Users/nikhi/CNN/rtl/CNN/lb_tb_behav1.wcfg} -log {simulate.log}"
INFO: [USF-XSim-8] Loading simulator feature
Time resolution is 1 ps
open_wave_config C:/Users/nikhi/CNN/rtl/CNN/lb_tb_behav1.wcfg
source tm_tb.tcl
# set curr_wave [current_wave_config]
# if { [string length $curr_wave] == 0 } {
#   if { [llength [get_objects]] > 0} {
#     add_wave /
#     set_property needs_save false [current_wave_config]
#   } else {
#      send_msg_id Add_Wave-1 WARNING "No top level signals found. Simulator will start without a wave window. If you want to open a wave window go to 'File->New Waveform Configuration' or type 'create_wave_config' in the TCL console."
#   }
# }
# run 1000ns
INFO: [USF-XSim-96] XSim completed. Design snapshot 'tm_tb_behav' loaded.
INFO: [USF-XSim-97] XSim simulation ran for 1000ns
launch_simulation: Time (s): cpu = 00:00:03 ; elapsed = 00:00:08 . Memory (MB): peak = 1909.402 ; gain = 0.000
current_wave_config {lb_tb_behav1.wcfg}
lb_tb_behav1.wcfg
add_wave {{/tm_tb/tm/mp/line1}} 
current_wave_config {lb_tb_behav1.wcfg}
lb_tb_behav1.wcfg
add_wave {{/tm_tb/tm/mp/r1}} 
current_wave_config {lb_tb_behav1.wcfg}
lb_tb_behav1.wcfg
add_wave {{/tm_tb/tm/mp/row_1_max}} 
current_wave_config {lb_tb_behav1.wcfg}
lb_tb_behav1.wcfg
add_wave {{/tm_tb/tm/mp/row_2_max}} 
current_wave_config {lb_tb_behav1.wcfg}
lb_tb_behav1.wcfg
add_wave {{/tm_tb/tm/mp/ctr}} 
relaunch_sim
Command: launch_simulation -step compile -simset sim_1 -mode behavioral
INFO: [Vivado 12-25911] Executing simulation for 'XSim' simulator
INFO: [Vivado 12-28535] Process started - Mon Apr  6 00:19:33 2026

INFO: [Vivado 12-12493] Simulation top is 'tm_tb'
INFO: [Vivado 12-5682] Launching behavioral simulation in 'C:/Users/nikhi/CNN/rtl/CNN/CNN.sim/sim_1/behav/xsim'
INFO: [SIM-utils-51] Simulation object is 'sim_1'
INFO: [USF-XSim-2] XSim::Compile design
INFO: [USF-XSim-61] Executing 'COMPILE and ANALYZE' step in 'C:/Users/nikhi/CNN/rtl/CNN/CNN.sim/sim_1/behav/xsim'
"xvlog --incr --relax -prj tm_tb_vlog.prj"
INFO: [USF-XSim-69] 'compile' step finished in '1' seconds
Command: launch_simulation -step elaborate -simset sim_1 -mode behavioral
INFO: [Vivado 12-25911] Executing simulation for 'XSim' simulator
INFO: [Vivado 12-28535] Process started - Mon Apr  6 00:19:34 2026

INFO: [Vivado 12-12493] Simulation top is 'tm_tb'
INFO: [Vivado 12-5682] Launching behavioral simulation in 'C:/Users/nikhi/CNN/rtl/CNN/CNN.sim/sim_1/behav/xsim'
INFO: [SIM-utils-51] Simulation object is 'sim_1'
INFO: [USF-XSim-3] XSim::Elaborate design
INFO: [USF-XSim-61] Executing 'ELABORATE' step in 'C:/Users/nikhi/CNN/rtl/CNN/CNN.sim/sim_1/behav/xsim'
"xelab --incr --debug typical --relax --mt 2 -L xil_defaultlib -L unisims_ver -L unimacro_ver -L secureip --snapshot tm_tb_behav xil_defaultlib.tm_tb xil_defaultlib.glbl -log elaborate.log"
Vivado Simulator v2025.2
Copyright 1986-2022 Xilinx, Inc. All Rights Reserved.
Copyright 2022-2025 Advanced Micro Devices, Inc. All Rights Reserved.
Running: C:/AMDDesignTools/2025.2/Vivado/bin/unwrapped/win64.o/xelab.exe --incr --debug typical --relax --mt 2 -L xil_defaultlib -L unisims_ver -L unimacro_ver -L secureip --snapshot tm_tb_behav xil_defaultlib.tm_tb xil_defaultlib.glbl -log elaborate.log 
Using 2 slave threads.
Starting static elaboration
Pass Through NonSizing Optimizer
Completed static elaboration
INFO: [XSIM 43-4323] No Change in HDL. Linking previously generated obj files to create kernel
INFO: [USF-XSim-69] 'elaborate' step finished in '2' seconds
Time resolution is 1 ps
relaunch_sim: Time (s): cpu = 00:00:01 ; elapsed = 00:00:06 . Memory (MB): peak = 1909.402 ; gain = 0.000
current_wave_config {lb_tb_behav1.wcfg}
lb_tb_behav1.wcfg
add_wave {{/tm_tb/tm/mp/pool_en}} 
current_wave_config {lb_tb_behav1.wcfg}
lb_tb_behav1.wcfg
add_wave {{/tm_tb/tm/mp/valid_in}} 
relaunch_sim
Command: launch_simulation -step compile -simset sim_1 -mode behavioral
INFO: [Vivado 12-25911] Executing simulation for 'XSim' simulator
INFO: [Vivado 12-28535] Process started - Mon Apr  6 00:20:23 2026

INFO: [Vivado 12-12493] Simulation top is 'tm_tb'
INFO: [Vivado 12-5682] Launching behavioral simulation in 'C:/Users/nikhi/CNN/rtl/CNN/CNN.sim/sim_1/behav/xsim'
INFO: [SIM-utils-51] Simulation object is 'sim_1'
INFO: [USF-XSim-2] XSim::Compile design
INFO: [USF-XSim-61] Executing 'COMPILE and ANALYZE' step in 'C:/Users/nikhi/CNN/rtl/CNN/CNN.sim/sim_1/behav/xsim'
"xvlog --incr --relax -prj tm_tb_vlog.prj"
INFO: [USF-XSim-69] 'compile' step finished in '2' seconds
Command: launch_simulation -step elaborate -simset sim_1 -mode behavioral
INFO: [Vivado 12-25911] Executing simulation for 'XSim' simulator
INFO: [Vivado 12-28535] Process started - Mon Apr  6 00:20:25 2026

INFO: [Vivado 12-12493] Simulation top is 'tm_tb'
INFO: [Vivado 12-5682] Launching behavioral simulation in 'C:/Users/nikhi/CNN/rtl/CNN/CNN.sim/sim_1/behav/xsim'
INFO: [SIM-utils-51] Simulation object is 'sim_1'
INFO: [USF-XSim-3] XSim::Elaborate design
INFO: [USF-XSim-61] Executing 'ELABORATE' step in 'C:/Users/nikhi/CNN/rtl/CNN/CNN.sim/sim_1/behav/xsim'
"xelab --incr --debug typical --relax --mt 2 -L xil_defaultlib -L unisims_ver -L unimacro_ver -L secureip --snapshot tm_tb_behav xil_defaultlib.tm_tb xil_defaultlib.glbl -log elaborate.log"
Vivado Simulator v2025.2
Copyright 1986-2022 Xilinx, Inc. All Rights Reserved.
Copyright 2022-2025 Advanced Micro Devices, Inc. All Rights Reserved.
Running: C:/AMDDesignTools/2025.2/Vivado/bin/unwrapped/win64.o/xelab.exe --incr --debug typical --relax --mt 2 -L xil_defaultlib -L unisims_ver -L unimacro_ver -L secureip --snapshot tm_tb_behav xil_defaultlib.tm_tb xil_defaultlib.glbl -log elaborate.log 
Using 2 slave threads.
Starting static elaboration
Pass Through NonSizing Optimizer
Completed static elaboration
INFO: [XSIM 43-4323] No Change in HDL. Linking previously generated obj files to create kernel
INFO: [USF-XSim-69] 'elaborate' step finished in '2' seconds
Time resolution is 1 ps
relaunch_sim: Time (s): cpu = 00:00:01 ; elapsed = 00:00:06 . Memory (MB): peak = 3008.941 ; gain = 0.000
WARNING: [filemgmt 56-199] Attempt to get parsing info during refresh. "On-the-fly" syntax checking information may be incorrect. [C:\Users\nikhi\CNN\rtl\top_module.v:]
WARNING: [filemgmt 56-199] Attempt to get parsing info during refresh. "On-the-fly" syntax checking information may be incorrect. [C:\Users\nikhi\CNN\rtl\max_pool.v:]
WARNING: [filemgmt 56-199] Attempt to get parsing info during refresh. "On-the-fly" syntax checking information may be incorrect. [C:\Users\nikhi\CNN\rtl\max_pool.v:]
WARNING: [filemgmt 56-199] Attempt to get parsing info during refresh. "On-the-fly" syntax checking information may be incorrect. [C:\Users\nikhi\CNN\rtl\max_pool.v:]
ERROR: [Common 17-180] Spawn failed: The operation completed successfully.

WARNING: [filemgmt 56-199] Attempt to get parsing info during refresh. "On-the-fly" syntax checking information may be incorrect. [C:\Users\nikhi\CNN\rtl\top_module.v:]
WARNING: [filemgmt 56-199] Attempt to get parsing info during refresh. "On-the-fly" syntax checking information may be incorrect. [C:\Users\nikhi\CNN\rtl\max_pool.v:]
WARNING: [filemgmt 56-199] Attempt to get parsing info during refresh. "On-the-fly" syntax checking information may be incorrect. [C:\Users\nikhi\CNN\rtl\max_pool.v:]
WARNING: [filemgmt 56-199] Attempt to get parsing info during refresh. "On-the-fly" syntax checking information may be incorrect. [C:\Users\nikhi\CNN\rtl\max_pool.v:]
ERROR: [Common 17-180] Spawn failed: The operation completed successfully.

WARNING: [filemgmt 56-199] Attempt to get parsing info during refresh. "On-the-fly" syntax checking information may be incorrect. [C:\Users\nikhi\CNN\rtl\top_module.v:]
WARNING: [filemgmt 56-199] Attempt to get parsing info during refresh. "On-the-fly" syntax checking information may be incorrect. [C:\Users\nikhi\CNN\rtl\max_pool.v:]
WARNING: [filemgmt 56-199] Attempt to get parsing info during refresh. "On-the-fly" syntax checking information may be incorrect. [C:\Users\nikhi\CNN\rtl\max_pool.v:]
WARNING: [filemgmt 56-199] Attempt to get parsing info during refresh. "On-the-fly" syntax checking information may be incorrect. [C:\Users\nikhi\CNN\rtl\max_pool.v:]
ERROR: [Common 17-180] Spawn failed: The operation completed successfully.

WARNING: [filemgmt 56-199] Attempt to get parsing info during refresh. "On-the-fly" syntax checking information may be incorrect. [C:\Users\nikhi\CNN\rtl\top_module.v:]
WARNING: [filemgmt 56-199] Attempt to get parsing info during refresh. "On-the-fly" syntax checking information may be incorrect. [C:\Users\nikhi\CNN\rtl\max_pool.v:]
WARNING: [filemgmt 56-199] Attempt to get parsing info during refresh. "On-the-fly" syntax checking information may be incorrect. [C:\Users\nikhi\CNN\rtl\top_module.v:]
WARNING: [filemgmt 56-199] Attempt to get parsing info during refresh. "On-the-fly" syntax checking information may be incorrect. [C:\Users\nikhi\CNN\rtl\top_module.v:]
WARNING: [filemgmt 56-199] Attempt to get parsing info during refresh. "On-the-fly" syntax checking information may be incorrect. [C:\Users\nikhi\CNN\rtl\top_module.v:]
WARNING: [filemgmt 56-199] Attempt to get parsing info during refresh. "On-the-fly" syntax checking information may be incorrect. [C:\Users\nikhi\CNN\rtl\max_pool.v:]
WARNING: [filemgmt 56-199] Attempt to get parsing info during refresh. "On-the-fly" syntax checking information may be incorrect. [C:\Users\nikhi\CNN\rtl\max_pool.v:]
WARNING: [filemgmt 56-199] Attempt to get parsing info during refresh. "On-the-fly" syntax checking information may be incorrect. [C:\Users\nikhi\CNN\rtl\max_pool.v:]
ERROR: [Common 17-180] Spawn failed: The operation completed successfully.

WARNING: [filemgmt 56-199] Attempt to get parsing info during refresh. "On-the-fly" syntax checking information may be incorrect. [C:\Users\nikhi\CNN\rtl\top_module.v:]
WARNING: [filemgmt 56-199] Attempt to get parsing info during refresh. "On-the-fly" syntax checking information may be incorrect. [C:\Users\nikhi\CNN\rtl\max_pool.v:]
WARNING: [filemgmt 56-199] Attempt to get parsing info during refresh. "On-the-fly" syntax checking information may be incorrect. [C:\Users\nikhi\CNN\rtl\max_pool.v:]
WARNING: [filemgmt 56-199] Attempt to get parsing info during refresh. "On-the-fly" syntax checking information may be incorrect. [C:\Users\nikhi\CNN\rtl\max_pool.v:]
ERROR: [Common 17-180] Spawn failed: The operation completed successfully.

WARNING: [filemgmt 56-199] Attempt to get parsing info during refresh. "On-the-fly" syntax checking information may be incorrect. [C:\Users\nikhi\CNN\rtl\top_module.v:]
WARNING: [filemgmt 56-199] Attempt to get parsing info during refresh. "On-the-fly" syntax checking information may be incorrect. [C:\Users\nikhi\CNN\rtl\max_pool.v:]
WARNING: [filemgmt 56-199] Attempt to get parsing info during refresh. "On-the-fly" syntax checking information may be incorrect. [C:\Users\nikhi\CNN\rtl\max_pool.v:]
WARNING: [filemgmt 56-199] Attempt to get parsing info during refresh. "On-the-fly" syntax checking information may be incorrect. [C:\Users\nikhi\CNN\rtl\max_pool.v:]
ERROR: [Common 17-180] Spawn failed: The operation completed successfully.

close_sim
INFO: [Simtcl 6-16] Simulation closed
launch_simulation
Command: launch_simulation 
INFO: [Vivado 12-25911] Executing simulation for 'XSim' simulator
INFO: [Vivado 12-28535] Process started - Mon Apr  6 00:23:50 2026

INFO: [Vivado 12-12493] Simulation top is 'tm_tb'
INFO: [Vivado 12-5682] Launching behavioral simulation in 'C:/Users/nikhi/CNN/rtl/CNN/CNN.sim/sim_1/behav/xsim'
INFO: [SIM-utils-51] Simulation object is 'sim_1'
INFO: [SIM-utils-72] Using boost library from 'C:/AMDDesignTools/2025.2/Vivado/tps/boost_1_72_0'
INFO: [SIM-utils-54] Inspecting design source files for 'tm_tb' in fileset 'sim_1'...
INFO: [USF-XSim-97] Finding global include files...
INFO: [USF-XSim-98] Fetching design files from 'sim_1'...
INFO: [USF-XSim-2] XSim::Compile design
INFO: [USF-XSim-61] Executing 'COMPILE and ANALYZE' step in 'C:/Users/nikhi/CNN/rtl/CNN/CNN.sim/sim_1/behav/xsim'
"xvlog --incr --relax -prj tm_tb_vlog.prj"
INFO: [VRFC 10-2263] Analyzing Verilog file "C:/Users/nikhi/CNN/rtl/PE.v" into library xil_defaultlib
INFO: [VRFC 10-311] analyzing module PE
INFO: [VRFC 10-2263] Analyzing Verilog file "C:/Users/nikhi/CNN/rtl/linebuffer.v" into library xil_defaultlib
INFO: [VRFC 10-311] analyzing module linebuffer
INFO: [VRFC 10-2263] Analyzing Verilog file "C:/Users/nikhi/CNN/rtl/max_pool.v" into library xil_defaultlib
INFO: [VRFC 10-311] analyzing module max_pool
INFO: [VRFC 10-2263] Analyzing Verilog file "C:/Users/nikhi/CNN/rtl/top_module.v" into library xil_defaultlib
INFO: [VRFC 10-311] analyzing module top_module
INFO: [VRFC 10-2263] Analyzing Verilog file "C:/Users/nikhi/CNN/rtl/tm_tb.v" into library xil_defaultlib
INFO: [VRFC 10-311] analyzing module tm_tb
INFO: [USF-XSim-69] 'compile' step finished in '2' seconds
INFO: [USF-XSim-3] XSim::Elaborate design
INFO: [USF-XSim-61] Executing 'ELABORATE' step in 'C:/Users/nikhi/CNN/rtl/CNN/CNN.sim/sim_1/behav/xsim'
"xelab --incr --debug typical --relax --mt 2 -L xil_defaultlib -L unisims_ver -L unimacro_ver -L secureip --snapshot tm_tb_behav xil_defaultlib.tm_tb xil_defaultlib.glbl -log elaborate.log"
Vivado Simulator v2025.2
Copyright 1986-2022 Xilinx, Inc. All Rights Reserved.
Copyright 2022-2025 Advanced Micro Devices, Inc. All Rights Reserved.
Running: C:/AMDDesignTools/2025.2/Vivado/bin/unwrapped/win64.o/xelab.exe --incr --debug typical --relax --mt 2 -L xil_defaultlib -L unisims_ver -L unimacro_ver -L secureip --snapshot tm_tb_behav xil_defaultlib.tm_tb xil_defaultlib.glbl -log elaborate.log 
Using 2 slave threads.
Starting static elaboration
Pass Through NonSizing Optimizer
Completed static elaboration
Starting simulation data flow analysis
WARNING: [XSIM 43-4099] "C:/Users/nikhi/CNN/rtl/top_module.v" Line 1. Module top_module(IMG_W=8,IMG_H=8) doesn't have a timescale but at least one module in design has a timescale.
WARNING: [XSIM 43-4099] "C:/Users/nikhi/CNN/rtl/linebuffer.v" Line 1. Module linebuffer(IMG_W=8,IMG_H=8) doesn't have a timescale but at least one module in design has a timescale.
WARNING: [XSIM 43-4099] "C:/Users/nikhi/CNN/rtl/PE.v" Line 1. Module PE doesn't have a timescale but at least one module in design has a timescale.
WARNING: [XSIM 43-4099] "C:/Users/nikhi/CNN/rtl/max_pool.v" Line 1. Module max_pool(IMG_W=8,IMG_H=8) doesn't have a timescale but at least one module in design has a timescale.
Completed simulation data flow analysis
Time Resolution for simulation is 1ps
Compiling module xil_defaultlib.linebuffer(IMG_W=8,IMG_H=8)
Compiling module xil_defaultlib.PE
Compiling module xil_defaultlib.max_pool(IMG_W=8,IMG_H=8)
Compiling module xil_defaultlib.top_module(IMG_W=8,IMG_H=8)
Compiling module xil_defaultlib.tm_tb
Compiling module xil_defaultlib.glbl
Built simulation snapshot tm_tb_behav
INFO: [USF-XSim-69] 'elaborate' step finished in '3' seconds
INFO: [USF-XSim-4] XSim::Simulate design
INFO: [USF-XSim-61] Executing 'SIMULATE' step in 'C:/Users/nikhi/CNN/rtl/CNN/CNN.sim/sim_1/behav/xsim'
INFO: [USF-XSim-98] *** Running xsim
   with args "tm_tb_behav -key {Behavioral:sim_1:Functional:tm_tb} -tclbatch {tm_tb.tcl} -view {C:/Users/nikhi/CNN/rtl/CNN/lb_tb_behav1.wcfg} -log {simulate.log}"
INFO: [USF-XSim-8] Loading simulator feature
Time resolution is 1 ps
open_wave_config C:/Users/nikhi/CNN/rtl/CNN/lb_tb_behav1.wcfg
source tm_tb.tcl
# set curr_wave [current_wave_config]
# if { [string length $curr_wave] == 0 } {
#   if { [llength [get_objects]] > 0} {
#     add_wave /
#     set_property needs_save false [current_wave_config]
#   } else {
#      send_msg_id Add_Wave-1 WARNING "No top level signals found. Simulator will start without a wave window. If you want to open a wave window go to 'File->New Waveform Configuration' or type 'create_wave_config' in the TCL console."
#   }
# }
# run 1000ns
INFO: [USF-XSim-96] XSim completed. Design snapshot 'tm_tb_behav' loaded.
INFO: [USF-XSim-97] XSim simulation ran for 1000ns
launch_simulation: Time (s): cpu = 00:00:03 ; elapsed = 00:00:08 . Memory (MB): peak = 3008.941 ; gain = 0.000
relaunch_sim
Command: launch_simulation -step compile -simset sim_1 -mode behavioral
INFO: [Vivado 12-25911] Executing simulation for 'XSim' simulator
INFO: [Vivado 12-28535] Process started - Mon Apr  6 00:24:44 2026

INFO: [Vivado 12-12493] Simulation top is 'tm_tb'
INFO: [Vivado 12-5682] Launching behavioral simulation in 'C:/Users/nikhi/CNN/rtl/CNN/CNN.sim/sim_1/behav/xsim'
INFO: [SIM-utils-51] Simulation object is 'sim_1'
INFO: [USF-XSim-2] XSim::Compile design
INFO: [USF-XSim-61] Executing 'COMPILE and ANALYZE' step in 'C:/Users/nikhi/CNN/rtl/CNN/CNN.sim/sim_1/behav/xsim'
"xvlog --incr --relax -prj tm_tb_vlog.prj"
INFO: [USF-XSim-69] 'compile' step finished in '2' seconds
Command: launch_simulation -step elaborate -simset sim_1 -mode behavioral
INFO: [Vivado 12-25911] Executing simulation for 'XSim' simulator
INFO: [Vivado 12-28535] Process started - Mon Apr  6 00:24:46 2026

INFO: [Vivado 12-12493] Simulation top is 'tm_tb'
INFO: [Vivado 12-5682] Launching behavioral simulation in 'C:/Users/nikhi/CNN/rtl/CNN/CNN.sim/sim_1/behav/xsim'
INFO: [SIM-utils-51] Simulation object is 'sim_1'
INFO: [USF-XSim-3] XSim::Elaborate design
INFO: [USF-XSim-61] Executing 'ELABORATE' step in 'C:/Users/nikhi/CNN/rtl/CNN/CNN.sim/sim_1/behav/xsim'
"xelab --incr --debug typical --relax --mt 2 -L xil_defaultlib -L unisims_ver -L unimacro_ver -L secureip --snapshot tm_tb_behav xil_defaultlib.tm_tb xil_defaultlib.glbl -log elaborate.log"
Vivado Simulator v2025.2
Copyright 1986-2022 Xilinx, Inc. All Rights Reserved.
Copyright 2022-2025 Advanced Micro Devices, Inc. All Rights Reserved.
Running: C:/AMDDesignTools/2025.2/Vivado/bin/unwrapped/win64.o/xelab.exe --incr --debug typical --relax --mt 2 -L xil_defaultlib -L unisims_ver -L unimacro_ver -L secureip --snapshot tm_tb_behav xil_defaultlib.tm_tb xil_defaultlib.glbl -log elaborate.log 
Using 2 slave threads.
Starting static elaboration
Pass Through NonSizing Optimizer
Completed static elaboration
INFO: [XSIM 43-4323] No Change in HDL. Linking previously generated obj files to create kernel
INFO: [USF-XSim-69] 'elaborate' step finished in '2' seconds
Time resolution is 1 ps
relaunch_sim: Time (s): cpu = 00:00:01 ; elapsed = 00:00:06 . Memory (MB): peak = 3008.941 ; gain = 0.000
WARNING: [filemgmt 56-199] Attempt to get parsing info during refresh. "On-the-fly" syntax checking information may be incorrect. [C:\Users\nikhi\CNN\rtl\top_module.v:]
WARNING: [filemgmt 56-199] Attempt to get parsing info during refresh. "On-the-fly" syntax checking information may be incorrect. [C:\Users\nikhi\CNN\rtl\max_pool.v:]
WARNING: [filemgmt 56-199] Attempt to get parsing info during refresh. "On-the-fly" syntax checking information may be incorrect. [C:\Users\nikhi\CNN\rtl\max_pool.v:]
WARNING: [filemgmt 56-199] Attempt to get parsing info during refresh. "On-the-fly" syntax checking information may be incorrect. [C:\Users\nikhi\CNN\rtl\max_pool.v:]
ERROR: [Common 17-180] Spawn failed: The operation completed successfully.

WARNING: [filemgmt 56-199] Attempt to get parsing info during refresh. "On-the-fly" syntax checking information may be incorrect. [C:\Users\nikhi\CNN\rtl\top_module.v:]
WARNING: [filemgmt 56-199] Attempt to get parsing info during refresh. "On-the-fly" syntax checking information may be incorrect. [C:\Users\nikhi\CNN\rtl\max_pool.v:]
WARNING: [filemgmt 56-199] Attempt to get parsing info during refresh. "On-the-fly" syntax checking information may be incorrect. [C:\Users\nikhi\CNN\rtl\max_pool.v:]
WARNING: [filemgmt 56-199] Attempt to get parsing info during refresh. "On-the-fly" syntax checking information may be incorrect. [C:\Users\nikhi\CNN\rtl\max_pool.v:]
ERROR: [Common 17-180] Spawn failed: The operation completed successfully.

WARNING: [filemgmt 56-199] Attempt to get parsing info during refresh. "On-the-fly" syntax checking information may be incorrect. [C:\Users\nikhi\CNN\rtl\top_module.v:]
WARNING: [filemgmt 56-199] Attempt to get parsing info during refresh. "On-the-fly" syntax checking information may be incorrect. [C:\Users\nikhi\CNN\rtl\max_pool.v:]
WARNING: [filemgmt 56-199] Attempt to get parsing info during refresh. "On-the-fly" syntax checking information may be incorrect. [C:\Users\nikhi\CNN\rtl\max_pool.v:]
WARNING: [filemgmt 56-199] Attempt to get parsing info during refresh. "On-the-fly" syntax checking information may be incorrect. [C:\Users\nikhi\CNN\rtl\max_pool.v:]
ERROR: [Common 17-180] Spawn failed: The operation completed successfully.

WARNING: [filemgmt 56-199] Attempt to get parsing info during refresh. "On-the-fly" syntax checking information may be incorrect. [C:\Users\nikhi\CNN\rtl\top_module.v:]
WARNING: [filemgmt 56-199] Attempt to get parsing info during refresh. "On-the-fly" syntax checking information may be incorrect. [C:\Users\nikhi\CNN\rtl\max_pool.v:]
WARNING: [filemgmt 56-199] Attempt to get parsing info during refresh. "On-the-fly" syntax checking information may be incorrect. [C:\Users\nikhi\CNN\rtl\top_module.v:]
WARNING: [filemgmt 56-199] Attempt to get parsing info during refresh. "On-the-fly" syntax checking information may be incorrect. [C:\Users\nikhi\CNN\rtl\top_module.v:]
ERROR: [Common 17-180] Spawn failed: The operation completed successfully.

WARNING: [filemgmt 56-199] Attempt to get parsing info during refresh. "On-the-fly" syntax checking information may be incorrect. [C:\Users\nikhi\CNN\rtl\top_module.v:]
WARNING: [filemgmt 56-199] Attempt to get parsing info during refresh. "On-the-fly" syntax checking information may be incorrect. [C:\Users\nikhi\CNN\rtl\max_pool.v:]
WARNING: [filemgmt 56-199] Attempt to get parsing info during refresh. "On-the-fly" syntax checking information may be incorrect. [C:\Users\nikhi\CNN\rtl\top_module.v:]
WARNING: [filemgmt 56-199] Attempt to get parsing info during refresh. "On-the-fly" syntax checking information may be incorrect. [C:\Users\nikhi\CNN\rtl\top_module.v:]
ERROR: [Common 17-180] Spawn failed: The operation completed successfully.

WARNING: [filemgmt 56-199] Attempt to get parsing info during refresh. "On-the-fly" syntax checking information may be incorrect. [C:\Users\nikhi\CNN\rtl\top_module.v:]
WARNING: [filemgmt 56-199] Attempt to get parsing info during refresh. "On-the-fly" syntax checking information may be incorrect. [C:\Users\nikhi\CNN\rtl\max_pool.v:]
WARNING: [filemgmt 56-199] Attempt to get parsing info during refresh. "On-the-fly" syntax checking information may be incorrect. [C:\Users\nikhi\CNN\rtl\max_pool.v:]
WARNING: [filemgmt 56-199] Attempt to get parsing info during refresh. "On-the-fly" syntax checking information may be incorrect. [C:\Users\nikhi\CNN\rtl\max_pool.v:]
ERROR: [Common 17-180] Spawn failed: The operation completed successfully.

WARNING: [filemgmt 56-199] Attempt to get parsing info during refresh. "On-the-fly" syntax checking information may be incorrect. [C:\Users\nikhi\CNN\rtl\top_module.v:]
WARNING: [filemgmt 56-199] Attempt to get parsing info during refresh. "On-the-fly" syntax checking information may be incorrect. [C:\Users\nikhi\CNN\rtl\max_pool.v:]
WARNING: [filemgmt 56-199] Attempt to get parsing info during refresh. "On-the-fly" syntax checking information may be incorrect. [C:\Users\nikhi\CNN\rtl\max_pool.v:]
WARNING: [filemgmt 56-199] Attempt to get parsing info during refresh. "On-the-fly" syntax checking information may be incorrect. [C:\Users\nikhi\CNN\rtl\max_pool.v:]
ERROR: [Common 17-180] Spawn failed: The operation completed successfully.

WARNING: [filemgmt 56-199] Attempt to get parsing info during refresh. "On-the-fly" syntax checking information may be incorrect. [C:\Users\nikhi\CNN\rtl\top_module.v:]
WARNING: [filemgmt 56-199] Attempt to get parsing info during refresh. "On-the-fly" syntax checking information may be incorrect. [C:\Users\nikhi\CNN\rtl\max_pool.v:]
WARNING: [filemgmt 56-199] Attempt to get parsing info during refresh. "On-the-fly" syntax checking information may be incorrect. [C:\Users\nikhi\CNN\rtl\max_pool.v:]
WARNING: [filemgmt 56-199] Attempt to get parsing info during refresh. "On-the-fly" syntax checking information may be incorrect. [C:\Users\nikhi\CNN\rtl\max_pool.v:]
ERROR: [Common 17-180] Spawn failed: The operation completed successfully.

WARNING: [filemgmt 56-199] Attempt to get parsing info during refresh. "On-the-fly" syntax checking information may be incorrect. [C:\Users\nikhi\CNN\rtl\top_module.v:]
WARNING: [filemgmt 56-199] Attempt to get parsing info during refresh. "On-the-fly" syntax checking information may be incorrect. [C:\Users\nikhi\CNN\rtl\max_pool.v:]
WARNING: [filemgmt 56-199] Attempt to get parsing info during refresh. "On-the-fly" syntax checking information may be incorrect. [C:\Users\nikhi\CNN\rtl\max_pool.v:]
WARNING: [filemgmt 56-199] Attempt to get parsing info during refresh. "On-the-fly" syntax checking information may be incorrect. [C:\Users\nikhi\CNN\rtl\max_pool.v:]
ERROR: [Common 17-180] Spawn failed: The operation completed successfully.

close_sim
INFO: [Simtcl 6-16] Simulation closed
launch_simulation
Command: launch_simulation 
INFO: [Vivado 12-25911] Executing simulation for 'XSim' simulator
INFO: [Vivado 12-28535] Process started - Mon Apr  6 00:26:39 2026

INFO: [Vivado 12-12493] Simulation top is 'tm_tb'
INFO: [Vivado 12-5682] Launching behavioral simulation in 'C:/Users/nikhi/CNN/rtl/CNN/CNN.sim/sim_1/behav/xsim'
INFO: [SIM-utils-51] Simulation object is 'sim_1'
INFO: [SIM-utils-72] Using boost library from 'C:/AMDDesignTools/2025.2/Vivado/tps/boost_1_72_0'
INFO: [SIM-utils-54] Inspecting design source files for 'tm_tb' in fileset 'sim_1'...
INFO: [USF-XSim-97] Finding global include files...
INFO: [USF-XSim-98] Fetching design files from 'sim_1'...
INFO: [USF-XSim-2] XSim::Compile design
INFO: [USF-XSim-61] Executing 'COMPILE and ANALYZE' step in 'C:/Users/nikhi/CNN/rtl/CNN/CNN.sim/sim_1/behav/xsim'
"xvlog --incr --relax -prj tm_tb_vlog.prj"
INFO: [VRFC 10-2263] Analyzing Verilog file "C:/Users/nikhi/CNN/rtl/PE.v" into library xil_defaultlib
INFO: [VRFC 10-311] analyzing module PE
INFO: [VRFC 10-2263] Analyzing Verilog file "C:/Users/nikhi/CNN/rtl/linebuffer.v" into library xil_defaultlib
INFO: [VRFC 10-311] analyzing module linebuffer
INFO: [VRFC 10-2263] Analyzing Verilog file "C:/Users/nikhi/CNN/rtl/max_pool.v" into library xil_defaultlib
INFO: [VRFC 10-311] analyzing module max_pool
INFO: [VRFC 10-2263] Analyzing Verilog file "C:/Users/nikhi/CNN/rtl/top_module.v" into library xil_defaultlib
INFO: [VRFC 10-311] analyzing module top_module
INFO: [VRFC 10-2263] Analyzing Verilog file "C:/Users/nikhi/CNN/rtl/tm_tb.v" into library xil_defaultlib
INFO: [VRFC 10-311] analyzing module tm_tb
INFO: [USF-XSim-69] 'compile' step finished in '3' seconds
INFO: [USF-XSim-3] XSim::Elaborate design
INFO: [USF-XSim-61] Executing 'ELABORATE' step in 'C:/Users/nikhi/CNN/rtl/CNN/CNN.sim/sim_1/behav/xsim'
"xelab --incr --debug typical --relax --mt 2 -L xil_defaultlib -L unisims_ver -L unimacro_ver -L secureip --snapshot tm_tb_behav xil_defaultlib.tm_tb xil_defaultlib.glbl -log elaborate.log"
Vivado Simulator v2025.2
Copyright 1986-2022 Xilinx, Inc. All Rights Reserved.
Copyright 2022-2025 Advanced Micro Devices, Inc. All Rights Reserved.
Running: C:/AMDDesignTools/2025.2/Vivado/bin/unwrapped/win64.o/xelab.exe --incr --debug typical --relax --mt 2 -L xil_defaultlib -L unisims_ver -L unimacro_ver -L secureip --snapshot tm_tb_behav xil_defaultlib.tm_tb xil_defaultlib.glbl -log elaborate.log 
Using 2 slave threads.
Starting static elaboration
Pass Through NonSizing Optimizer
Completed static elaboration
Starting simulation data flow analysis
WARNING: [XSIM 43-4099] "C:/Users/nikhi/CNN/rtl/top_module.v" Line 1. Module top_module(IMG_W=8,IMG_H=8) doesn't have a timescale but at least one module in design has a timescale.
WARNING: [XSIM 43-4099] "C:/Users/nikhi/CNN/rtl/linebuffer.v" Line 1. Module linebuffer(IMG_W=8,IMG_H=8) doesn't have a timescale but at least one module in design has a timescale.
WARNING: [XSIM 43-4099] "C:/Users/nikhi/CNN/rtl/PE.v" Line 1. Module PE doesn't have a timescale but at least one module in design has a timescale.
WARNING: [XSIM 43-4099] "C:/Users/nikhi/CNN/rtl/max_pool.v" Line 1. Module max_pool(IMG_W=8,IMG_H=8) doesn't have a timescale but at least one module in design has a timescale.
Completed simulation data flow analysis
Time Resolution for simulation is 1ps
Compiling module xil_defaultlib.linebuffer(IMG_W=8,IMG_H=8)
Compiling module xil_defaultlib.PE
Compiling module xil_defaultlib.max_pool(IMG_W=8,IMG_H=8)
Compiling module xil_defaultlib.top_module(IMG_W=8,IMG_H=8)
Compiling module xil_defaultlib.tm_tb
Compiling module xil_defaultlib.glbl
Built simulation snapshot tm_tb_behav
INFO: [USF-XSim-69] 'elaborate' step finished in '3' seconds
INFO: [USF-XSim-4] XSim::Simulate design
INFO: [USF-XSim-61] Executing 'SIMULATE' step in 'C:/Users/nikhi/CNN/rtl/CNN/CNN.sim/sim_1/behav/xsim'
INFO: [USF-XSim-98] *** Running xsim
   with args "tm_tb_behav -key {Behavioral:sim_1:Functional:tm_tb} -tclbatch {tm_tb.tcl} -view {C:/Users/nikhi/CNN/rtl/CNN/lb_tb_behav1.wcfg} -log {simulate.log}"
INFO: [USF-XSim-8] Loading simulator feature
Time resolution is 1 ps
open_wave_config C:/Users/nikhi/CNN/rtl/CNN/lb_tb_behav1.wcfg
source tm_tb.tcl
# set curr_wave [current_wave_config]
# if { [string length $curr_wave] == 0 } {
#   if { [llength [get_objects]] > 0} {
#     add_wave /
#     set_property needs_save false [current_wave_config]
#   } else {
#      send_msg_id Add_Wave-1 WARNING "No top level signals found. Simulator will start without a wave window. If you want to open a wave window go to 'File->New Waveform Configuration' or type 'create_wave_config' in the TCL console."
#   }
# }
# run 1000ns
INFO: [USF-XSim-96] XSim completed. Design snapshot 'tm_tb_behav' loaded.
INFO: [USF-XSim-97] XSim simulation ran for 1000ns
launch_simulation: Time (s): cpu = 00:00:03 ; elapsed = 00:00:09 . Memory (MB): peak = 3008.941 ; gain = 0.000
current_wave_config {lb_tb_behav1.wcfg}
lb_tb_behav1.wcfg
add_wave {{/tm_tb/tm/pe1/valid_out}} 
current_wave_config {lb_tb_behav1.wcfg}
lb_tb_behav1.wcfg
add_wave {{/tm_tb/tm/mp/valid_in}} 
current_wave_config {lb_tb_behav1.wcfg}
lb_tb_behav1.wcfg
add_wave {{/tm_tb/tm/mp/data_in}} 
current_wave_config {lb_tb_behav1.wcfg}
lb_tb_behav1.wcfg
add_wave {{/tm_tb/tm/mp/pool_data}} 
current_wave_config {lb_tb_behav1.wcfg}
lb_tb_behav1.wcfg
add_wave {{/tm_tb/tm/mp/line1}} 
current_wave_config {lb_tb_behav1.wcfg}
lb_tb_behav1.wcfg
add_wave {{/tm_tb/tm/mp/r1}} 
current_wave_config {lb_tb_behav1.wcfg}
lb_tb_behav1.wcfg
add_wave {{/tm_tb/tm/mp/col}} 
current_wave_config {lb_tb_behav1.wcfg}
lb_tb_behav1.wcfg
add_wave {{/tm_tb/tm/mp/row}} 
current_wave_config {lb_tb_behav1.wcfg}
lb_tb_behav1.wcfg
add_wave {{/tm_tb/tm/mp/pool_en}} 
current_wave_config {lb_tb_behav1.wcfg}
lb_tb_behav1.wcfg
add_wave {{/tm_tb/tm/mp/ctr}} 
current_wave_config {lb_tb_behav1.wcfg}
lb_tb_behav1.wcfg
add_wave {{/tm_tb/tm/mp/row_1_max}} 
current_wave_config {lb_tb_behav1.wcfg}
lb_tb_behav1.wcfg
add_wave {{/tm_tb/tm/mp/row_2_max}} 
relaunch_sim
Command: launch_simulation -step compile -simset sim_1 -mode behavioral
INFO: [Vivado 12-25911] Executing simulation for 'XSim' simulator
INFO: [Vivado 12-28535] Process started - Mon Apr  6 00:27:29 2026

INFO: [Vivado 12-12493] Simulation top is 'tm_tb'
INFO: [Vivado 12-5682] Launching behavioral simulation in 'C:/Users/nikhi/CNN/rtl/CNN/CNN.sim/sim_1/behav/xsim'
INFO: [SIM-utils-51] Simulation object is 'sim_1'
INFO: [USF-XSim-2] XSim::Compile design
INFO: [USF-XSim-61] Executing 'COMPILE and ANALYZE' step in 'C:/Users/nikhi/CNN/rtl/CNN/CNN.sim/sim_1/behav/xsim'
"xvlog --incr --relax -prj tm_tb_vlog.prj"
INFO: [USF-XSim-69] 'compile' step finished in '2' seconds
Command: launch_simulation -step elaborate -simset sim_1 -mode behavioral
INFO: [Vivado 12-25911] Executing simulation for 'XSim' simulator
INFO: [Vivado 12-28535] Process started - Mon Apr  6 00:27:31 2026

INFO: [Vivado 12-12493] Simulation top is 'tm_tb'
INFO: [Vivado 12-5682] Launching behavioral simulation in 'C:/Users/nikhi/CNN/rtl/CNN/CNN.sim/sim_1/behav/xsim'
INFO: [SIM-utils-51] Simulation object is 'sim_1'
INFO: [USF-XSim-3] XSim::Elaborate design
INFO: [USF-XSim-61] Executing 'ELABORATE' step in 'C:/Users/nikhi/CNN/rtl/CNN/CNN.sim/sim_1/behav/xsim'
"xelab --incr --debug typical --relax --mt 2 -L xil_defaultlib -L unisims_ver -L unimacro_ver -L secureip --snapshot tm_tb_behav xil_defaultlib.tm_tb xil_defaultlib.glbl -log elaborate.log"
Vivado Simulator v2025.2
Copyright 1986-2022 Xilinx, Inc. All Rights Reserved.
Copyright 2022-2025 Advanced Micro Devices, Inc. All Rights Reserved.
Running: C:/AMDDesignTools/2025.2/Vivado/bin/unwrapped/win64.o/xelab.exe --incr --debug typical --relax --mt 2 -L xil_defaultlib -L unisims_ver -L unimacro_ver -L secureip --snapshot tm_tb_behav xil_defaultlib.tm_tb xil_defaultlib.glbl -log elaborate.log 
Using 2 slave threads.
Starting static elaboration
Pass Through NonSizing Optimizer
Completed static elaboration
INFO: [XSIM 43-4323] No Change in HDL. Linking previously generated obj files to create kernel
INFO: [USF-XSim-69] 'elaborate' step finished in '2' seconds
Time resolution is 1 ps
relaunch_sim: Time (s): cpu = 00:00:01 ; elapsed = 00:00:06 . Memory (MB): peak = 3008.941 ; gain = 0.000
WARNING: [filemgmt 56-199] Attempt to get parsing info during refresh. "On-the-fly" syntax checking information may be incorrect. [C:\Users\nikhi\CNN\rtl\top_module.v:]
WARNING: [filemgmt 56-199] Attempt to get parsing info during refresh. "On-the-fly" syntax checking information may be incorrect. [C:\Users\nikhi\CNN\rtl\max_pool.v:]
WARNING: [filemgmt 56-199] Attempt to get parsing info during refresh. "On-the-fly" syntax checking information may be incorrect. [C:\Users\nikhi\CNN\rtl\top_module.v:]
WARNING: [filemgmt 56-199] Attempt to get parsing info during refresh. "On-the-fly" syntax checking information may be incorrect. [C:\Users\nikhi\CNN\rtl\top_module.v:]
WARNING: [filemgmt 56-199] Attempt to get parsing info during refresh. "On-the-fly" syntax checking information may be incorrect. [C:\Users\nikhi\CNN\rtl\top_module.v:]
WARNING: [filemgmt 56-199] Attempt to get parsing info during refresh. "On-the-fly" syntax checking information may be incorrect. [C:\Users\nikhi\CNN\rtl\max_pool.v:]
WARNING: [filemgmt 56-199] Attempt to get parsing info during refresh. "On-the-fly" syntax checking information may be incorrect. [C:\Users\nikhi\CNN\rtl\top_module.v:]
WARNING: [filemgmt 56-199] Attempt to get parsing info during refresh. "On-the-fly" syntax checking information may be incorrect. [C:\Users\nikhi\CNN\rtl\top_module.v:]
ERROR: [Common 17-180] Spawn failed: The operation completed successfully.

WARNING: [filemgmt 56-199] Attempt to get parsing info during refresh. "On-the-fly" syntax checking information may be incorrect. [C:\Users\nikhi\CNN\rtl\top_module.v:]
WARNING: [filemgmt 56-199] Attempt to get parsing info during refresh. "On-the-fly" syntax checking information may be incorrect. [C:\Users\nikhi\CNN\rtl\max_pool.v:]
WARNING: [filemgmt 56-199] Attempt to get parsing info during refresh. "On-the-fly" syntax checking information may be incorrect. [C:\Users\nikhi\CNN\rtl\top_module.v:]
WARNING: [filemgmt 56-199] Attempt to get parsing info during refresh. "On-the-fly" syntax checking information may be incorrect. [C:\Users\nikhi\CNN\rtl\top_module.v:]
ERROR: [Common 17-180] Spawn failed: The operation completed successfully.

WARNING: [filemgmt 56-199] Attempt to get parsing info during refresh. "On-the-fly" syntax checking information may be incorrect. [C:\Users\nikhi\CNN\rtl\top_module.v:]
WARNING: [filemgmt 56-199] Attempt to get parsing info during refresh. "On-the-fly" syntax checking information may be incorrect. [C:\Users\nikhi\CNN\rtl\max_pool.v:]
WARNING: [filemgmt 56-199] Attempt to get parsing info during refresh. "On-the-fly" syntax checking information may be incorrect. [C:\Users\nikhi\CNN\rtl\max_pool.v:]
WARNING: [filemgmt 56-199] Attempt to get parsing info during refresh. "On-the-fly" syntax checking information may be incorrect. [C:\Users\nikhi\CNN\rtl\max_pool.v:]
ERROR: [Common 17-180] Spawn failed: The operation completed successfully.

WARNING: [filemgmt 56-199] Attempt to get parsing info during refresh. "On-the-fly" syntax checking information may be incorrect. [C:\Users\nikhi\CNN\rtl\top_module.v:]
WARNING: [filemgmt 56-199] Attempt to get parsing info during refresh. "On-the-fly" syntax checking information may be incorrect. [C:\Users\nikhi\CNN\rtl\max_pool.v:]
WARNING: [filemgmt 56-199] Attempt to get parsing info during refresh. "On-the-fly" syntax checking information may be incorrect. [C:\Users\nikhi\CNN\rtl\top_module.v:]
WARNING: [filemgmt 56-199] Attempt to get parsing info during refresh. "On-the-fly" syntax checking information may be incorrect. [C:\Users\nikhi\CNN\rtl\top_module.v:]
WARNING: [filemgmt 56-199] Attempt to get parsing info during refresh. "On-the-fly" syntax checking information may be incorrect. [C:\Users\nikhi\CNN\rtl\top_module.v:]
WARNING: [filemgmt 56-199] Attempt to get parsing info during refresh. "On-the-fly" syntax checking information may be incorrect. [C:\Users\nikhi\CNN\rtl\max_pool.v:]
WARNING: [filemgmt 56-199] Attempt to get parsing info during refresh. "On-the-fly" syntax checking information may be incorrect. [C:\Users\nikhi\CNN\rtl\max_pool.v:]
WARNING: [filemgmt 56-199] Attempt to get parsing info during refresh. "On-the-fly" syntax checking information may be incorrect. [C:\Users\nikhi\CNN\rtl\max_pool.v:]
ERROR: [Common 17-180] Spawn failed: The operation completed successfully.

WARNING: [filemgmt 56-199] Attempt to get parsing info during refresh. "On-the-fly" syntax checking information may be incorrect. [C:\Users\nikhi\CNN\rtl\top_module.v:]
WARNING: [filemgmt 56-199] Attempt to get parsing info during refresh. "On-the-fly" syntax checking information may be incorrect. [C:\Users\nikhi\CNN\rtl\max_pool.v:]
WARNING: [filemgmt 56-199] Attempt to get parsing info during refresh. "On-the-fly" syntax checking information may be incorrect. [C:\Users\nikhi\CNN\rtl\top_module.v:]
WARNING: [filemgmt 56-199] Attempt to get parsing info during refresh. "On-the-fly" syntax checking information may be incorrect. [C:\Users\nikhi\CNN\rtl\top_module.v:]
ERROR: [Common 17-180] Spawn failed: The operation completed successfully.

close_sim
INFO: [Simtcl 6-16] Simulation closed
launch_simulation
Command: launch_simulation 
INFO: [Vivado 12-25911] Executing simulation for 'XSim' simulator
INFO: [Vivado 12-28535] Process started - Mon Apr  6 00:34:19 2026

INFO: [Vivado 12-12493] Simulation top is 'tm_tb'
INFO: [Vivado 12-5682] Launching behavioral simulation in 'C:/Users/nikhi/CNN/rtl/CNN/CNN.sim/sim_1/behav/xsim'
INFO: [SIM-utils-51] Simulation object is 'sim_1'
INFO: [SIM-utils-72] Using boost library from 'C:/AMDDesignTools/2025.2/Vivado/tps/boost_1_72_0'
INFO: [SIM-utils-54] Inspecting design source files for 'tm_tb' in fileset 'sim_1'...
INFO: [USF-XSim-97] Finding global include files...
INFO: [USF-XSim-98] Fetching design files from 'sim_1'...
INFO: [USF-XSim-2] XSim::Compile design
INFO: [USF-XSim-61] Executing 'COMPILE and ANALYZE' step in 'C:/Users/nikhi/CNN/rtl/CNN/CNN.sim/sim_1/behav/xsim'
"xvlog --incr --relax -prj tm_tb_vlog.prj"
INFO: [VRFC 10-2263] Analyzing Verilog file "C:/Users/nikhi/CNN/rtl/PE.v" into library xil_defaultlib
INFO: [VRFC 10-311] analyzing module PE
INFO: [VRFC 10-2263] Analyzing Verilog file "C:/Users/nikhi/CNN/rtl/linebuffer.v" into library xil_defaultlib
INFO: [VRFC 10-311] analyzing module linebuffer
INFO: [VRFC 10-2263] Analyzing Verilog file "C:/Users/nikhi/CNN/rtl/max_pool.v" into library xil_defaultlib
INFO: [VRFC 10-311] analyzing module max_pool
INFO: [VRFC 10-2263] Analyzing Verilog file "C:/Users/nikhi/CNN/rtl/top_module.v" into library xil_defaultlib
INFO: [VRFC 10-311] analyzing module top_module
INFO: [VRFC 10-2263] Analyzing Verilog file "C:/Users/nikhi/CNN/rtl/tm_tb.v" into library xil_defaultlib
INFO: [VRFC 10-311] analyzing module tm_tb
INFO: [USF-XSim-69] 'compile' step finished in '2' seconds
INFO: [USF-XSim-3] XSim::Elaborate design
INFO: [USF-XSim-61] Executing 'ELABORATE' step in 'C:/Users/nikhi/CNN/rtl/CNN/CNN.sim/sim_1/behav/xsim'
"xelab --incr --debug typical --relax --mt 2 -L xil_defaultlib -L unisims_ver -L unimacro_ver -L secureip --snapshot tm_tb_behav xil_defaultlib.tm_tb xil_defaultlib.glbl -log elaborate.log"
Vivado Simulator v2025.2
Copyright 1986-2022 Xilinx, Inc. All Rights Reserved.
Copyright 2022-2025 Advanced Micro Devices, Inc. All Rights Reserved.
Running: C:/AMDDesignTools/2025.2/Vivado/bin/unwrapped/win64.o/xelab.exe --incr --debug typical --relax --mt 2 -L xil_defaultlib -L unisims_ver -L unimacro_ver -L secureip --snapshot tm_tb_behav xil_defaultlib.tm_tb xil_defaultlib.glbl -log elaborate.log 
Using 2 slave threads.
Starting static elaboration
Pass Through NonSizing Optimizer
Completed static elaboration
Starting simulation data flow analysis
WARNING: [XSIM 43-4099] "C:/Users/nikhi/CNN/rtl/top_module.v" Line 1. Module top_module(IMG_W=8,IMG_H=8) doesn't have a timescale but at least one module in design has a timescale.
WARNING: [XSIM 43-4099] "C:/Users/nikhi/CNN/rtl/linebuffer.v" Line 1. Module linebuffer(IMG_W=8,IMG_H=8) doesn't have a timescale but at least one module in design has a timescale.
WARNING: [XSIM 43-4099] "C:/Users/nikhi/CNN/rtl/PE.v" Line 1. Module PE doesn't have a timescale but at least one module in design has a timescale.
WARNING: [XSIM 43-4099] "C:/Users/nikhi/CNN/rtl/max_pool.v" Line 1. Module max_pool(IMG_W=8,IMG_H=8) doesn't have a timescale but at least one module in design has a timescale.
Completed simulation data flow analysis
Time Resolution for simulation is 1ps
Compiling module xil_defaultlib.linebuffer(IMG_W=8,IMG_H=8)
Compiling module xil_defaultlib.PE
Compiling module xil_defaultlib.max_pool(IMG_W=8,IMG_H=8)
Compiling module xil_defaultlib.top_module(IMG_W=8,IMG_H=8)
Compiling module xil_defaultlib.tm_tb
Compiling module xil_defaultlib.glbl
Built simulation snapshot tm_tb_behav
INFO: [USF-XSim-69] 'elaborate' step finished in '3' seconds
INFO: [USF-XSim-4] XSim::Simulate design
INFO: [USF-XSim-61] Executing 'SIMULATE' step in 'C:/Users/nikhi/CNN/rtl/CNN/CNN.sim/sim_1/behav/xsim'
INFO: [USF-XSim-98] *** Running xsim
   with args "tm_tb_behav -key {Behavioral:sim_1:Functional:tm_tb} -tclbatch {tm_tb.tcl} -view {C:/Users/nikhi/CNN/rtl/CNN/lb_tb_behav1.wcfg} -log {simulate.log}"
INFO: [USF-XSim-8] Loading simulator feature
Time resolution is 1 ps
open_wave_config C:/Users/nikhi/CNN/rtl/CNN/lb_tb_behav1.wcfg
source tm_tb.tcl
# set curr_wave [current_wave_config]
# if { [string length $curr_wave] == 0 } {
#   if { [llength [get_objects]] > 0} {
#     add_wave /
#     set_property needs_save false [current_wave_config]
#   } else {
#      send_msg_id Add_Wave-1 WARNING "No top level signals found. Simulator will start without a wave window. If you want to open a wave window go to 'File->New Waveform Configuration' or type 'create_wave_config' in the TCL console."
#   }
# }
# run 1000ns
INFO: [USF-XSim-96] XSim completed. Design snapshot 'tm_tb_behav' loaded.
INFO: [USF-XSim-97] XSim simulation ran for 1000ns
launch_simulation: Time (s): cpu = 00:00:02 ; elapsed = 00:00:08 . Memory (MB): peak = 3008.941 ; gain = 0.000
current_wave_config {lb_tb_behav1.wcfg}
lb_tb_behav1.wcfg
add_wave {{/tm_tb/tm/mp/valid_in}} {{/tm_tb/tm/mp/data_in}} {{/tm_tb/tm/mp/pool_data}} 
current_wave_config {lb_tb_behav1.wcfg}
lb_tb_behav1.wcfg
add_wave {{/tm_tb/tm/mp/r1}} {{/tm_tb/tm/mp/col}} {{/tm_tb/tm/mp/row}} {{/tm_tb/tm/mp/pool_en}} 
current_wave_config {lb_tb_behav1.wcfg}
lb_tb_behav1.wcfg
add_wave {{/tm_tb/tm/mp/line1}} 
current_wave_config {lb_tb_behav1.wcfg}
lb_tb_behav1.wcfg
add_wave {{/tm_tb/tm/mp/ctr}} {{/tm_tb/tm/mp/row_1_max}} {{/tm_tb/tm/mp/row_2_max}} 
relaunch_sim
Command: launch_simulation -step compile -simset sim_1 -mode behavioral
INFO: [Vivado 12-25911] Executing simulation for 'XSim' simulator
INFO: [Vivado 12-28535] Process started - Mon Apr  6 00:34:56 2026

INFO: [Vivado 12-12493] Simulation top is 'tm_tb'
INFO: [Vivado 12-5682] Launching behavioral simulation in 'C:/Users/nikhi/CNN/rtl/CNN/CNN.sim/sim_1/behav/xsim'
INFO: [SIM-utils-51] Simulation object is 'sim_1'
INFO: [USF-XSim-2] XSim::Compile design
INFO: [USF-XSim-61] Executing 'COMPILE and ANALYZE' step in 'C:/Users/nikhi/CNN/rtl/CNN/CNN.sim/sim_1/behav/xsim'
"xvlog --incr --relax -prj tm_tb_vlog.prj"
INFO: [USF-XSim-69] 'compile' step finished in '2' seconds
Command: launch_simulation -step elaborate -simset sim_1 -mode behavioral
INFO: [Vivado 12-25911] Executing simulation for 'XSim' simulator
INFO: [Vivado 12-28535] Process started - Mon Apr  6 00:34:58 2026

INFO: [Vivado 12-12493] Simulation top is 'tm_tb'
INFO: [Vivado 12-5682] Launching behavioral simulation in 'C:/Users/nikhi/CNN/rtl/CNN/CNN.sim/sim_1/behav/xsim'
INFO: [SIM-utils-51] Simulation object is 'sim_1'
INFO: [USF-XSim-3] XSim::Elaborate design
INFO: [USF-XSim-61] Executing 'ELABORATE' step in 'C:/Users/nikhi/CNN/rtl/CNN/CNN.sim/sim_1/behav/xsim'
"xelab --incr --debug typical --relax --mt 2 -L xil_defaultlib -L unisims_ver -L unimacro_ver -L secureip --snapshot tm_tb_behav xil_defaultlib.tm_tb xil_defaultlib.glbl -log elaborate.log"
Vivado Simulator v2025.2
Copyright 1986-2022 Xilinx, Inc. All Rights Reserved.
Copyright 2022-2025 Advanced Micro Devices, Inc. All Rights Reserved.
Running: C:/AMDDesignTools/2025.2/Vivado/bin/unwrapped/win64.o/xelab.exe --incr --debug typical --relax --mt 2 -L xil_defaultlib -L unisims_ver -L unimacro_ver -L secureip --snapshot tm_tb_behav xil_defaultlib.tm_tb xil_defaultlib.glbl -log elaborate.log 
Using 2 slave threads.
Starting static elaboration
Pass Through NonSizing Optimizer
Completed static elaboration
INFO: [XSIM 43-4323] No Change in HDL. Linking previously generated obj files to create kernel
INFO: [USF-XSim-69] 'elaborate' step finished in '2' seconds
Time resolution is 1 ps
relaunch_sim: Time (s): cpu = 00:00:01 ; elapsed = 00:00:07 . Memory (MB): peak = 3008.941 ; gain = 0.000
WARNING: [filemgmt 56-199] Attempt to get parsing info during refresh. "On-the-fly" syntax checking information may be incorrect. [C:\Users\nikhi\CNN\rtl\top_module.v:]
WARNING: [filemgmt 56-199] Attempt to get parsing info during refresh. "On-the-fly" syntax checking information may be incorrect. [C:\Users\nikhi\CNN\rtl\max_pool.v:]
WARNING: [filemgmt 56-199] Attempt to get parsing info during refresh. "On-the-fly" syntax checking information may be incorrect. [C:\Users\nikhi\CNN\rtl\max_pool.v:]
WARNING: [filemgmt 56-199] Attempt to get parsing info during refresh. "On-the-fly" syntax checking information may be incorrect. [C:\Users\nikhi\CNN\rtl\max_pool.v:]
ERROR: [Common 17-180] Spawn failed: The operation completed successfully.

WARNING: [filemgmt 56-199] Attempt to get parsing info during refresh. "On-the-fly" syntax checking information may be incorrect. [C:\Users\nikhi\CNN\rtl\top_module.v:]
WARNING: [filemgmt 56-199] Attempt to get parsing info during refresh. "On-the-fly" syntax checking information may be incorrect. [C:\Users\nikhi\CNN\rtl\max_pool.v:]
WARNING: [filemgmt 56-199] Attempt to get parsing info during refresh. "On-the-fly" syntax checking information may be incorrect. [C:\Users\nikhi\CNN\rtl\top_module.v:]
WARNING: [filemgmt 56-199] Attempt to get parsing info during refresh. "On-the-fly" syntax checking information may be incorrect. [C:\Users\nikhi\CNN\rtl\top_module.v:]
WARNING: [filemgmt 56-199] Attempt to get parsing info during refresh. "On-the-fly" syntax checking information may be incorrect. [C:\Users\nikhi\CNN\rtl\top_module.v:]
WARNING: [filemgmt 56-199] Attempt to get parsing info during refresh. "On-the-fly" syntax checking information may be incorrect. [C:\Users\nikhi\CNN\rtl\max_pool.v:]
WARNING: [filemgmt 56-199] Attempt to get parsing info during refresh. "On-the-fly" syntax checking information may be incorrect. [C:\Users\nikhi\CNN\rtl\max_pool.v:]
WARNING: [filemgmt 56-199] Attempt to get parsing info during refresh. "On-the-fly" syntax checking information may be incorrect. [C:\Users\nikhi\CNN\rtl\max_pool.v:]
ERROR: [Common 17-180] Spawn failed: The operation completed successfully.

update_compile_order -fileset sources_1
WARNING: [filemgmt 56-199] Attempt to get parsing info during refresh. "On-the-fly" syntax checking information may be incorrect. [C:\Users\nikhi\CNN\rtl\top_module.v:]
WARNING: [filemgmt 56-199] Attempt to get parsing info during refresh. "On-the-fly" syntax checking information may be incorrect. [C:\Users\nikhi\CNN\rtl\max_pool.v:]
WARNING: [filemgmt 56-199] Attempt to get parsing info during refresh. "On-the-fly" syntax checking information may be incorrect. [C:\Users\nikhi\CNN\rtl\max_pool.v:]
WARNING: [filemgmt 56-199] Attempt to get parsing info during refresh. "On-the-fly" syntax checking information may be incorrect. [C:\Users\nikhi\CNN\rtl\max_pool.v:]
ERROR: [Common 17-180] Spawn failed: The operation completed successfully.

WARNING: [filemgmt 56-199] Attempt to get parsing info during refresh. "On-the-fly" syntax checking information may be incorrect. [C:\Users\nikhi\CNN\rtl\top_module.v:]
WARNING: [filemgmt 56-199] Attempt to get parsing info during refresh. "On-the-fly" syntax checking information may be incorrect. [C:\Users\nikhi\CNN\rtl\max_pool.v:]
WARNING: [filemgmt 56-199] Attempt to get parsing info during refresh. "On-the-fly" syntax checking information may be incorrect. [C:\Users\nikhi\CNN\rtl\top_module.v:]
WARNING: [filemgmt 56-199] Attempt to get parsing info during refresh. "On-the-fly" syntax checking information may be incorrect. [C:\Users\nikhi\CNN\rtl\top_module.v:]
update_compile_order -fileset sources_1
close_sim
INFO: [Simtcl 6-16] Simulation closed
launch_simulation
Command: launch_simulation 
INFO: [Vivado 12-25911] Executing simulation for 'XSim' simulator
INFO: [Vivado 12-28535] Process started - Mon Apr  6 00:39:18 2026

INFO: [Vivado 12-12493] Simulation top is 'tm_tb'
INFO: [Vivado 12-5682] Launching behavioral simulation in 'C:/Users/nikhi/CNN/rtl/CNN/CNN.sim/sim_1/behav/xsim'
INFO: [SIM-utils-51] Simulation object is 'sim_1'
INFO: [SIM-utils-72] Using boost library from 'C:/AMDDesignTools/2025.2/Vivado/tps/boost_1_72_0'
INFO: [SIM-utils-54] Inspecting design source files for 'tm_tb' in fileset 'sim_1'...
INFO: [USF-XSim-97] Finding global include files...
INFO: [USF-XSim-98] Fetching design files from 'sim_1'...
INFO: [USF-XSim-2] XSim::Compile design
INFO: [USF-XSim-61] Executing 'COMPILE and ANALYZE' step in 'C:/Users/nikhi/CNN/rtl/CNN/CNN.sim/sim_1/behav/xsim'
"xvlog --incr --relax -prj tm_tb_vlog.prj"
INFO: [VRFC 10-2263] Analyzing Verilog file "C:/Users/nikhi/CNN/rtl/PE.v" into library xil_defaultlib
INFO: [VRFC 10-311] analyzing module PE
INFO: [VRFC 10-2263] Analyzing Verilog file "C:/Users/nikhi/CNN/rtl/linebuffer.v" into library xil_defaultlib
INFO: [VRFC 10-311] analyzing module linebuffer
INFO: [VRFC 10-2263] Analyzing Verilog file "C:/Users/nikhi/CNN/rtl/max_pool.v" into library xil_defaultlib
INFO: [VRFC 10-311] analyzing module max_pool
ERROR: [VRFC 10-2989] 'valid_1' is not declared [C:/Users/nikhi/CNN/rtl/max_pool.v:78]
ERROR: [VRFC 10-8530] module 'max_pool' is ignored due to previous errors [C:/Users/nikhi/CNN/rtl/max_pool.v:1]
INFO: [USF-XSim-69] 'compile' step finished in '2' seconds
INFO: [USF-XSim-99] Step results log file:'C:/Users/nikhi/CNN/rtl/CNN/CNN.sim/sim_1/behav/xsim/xvlog.log'
ERROR: [USF-XSim-62] 'compile' step failed with error(s). Please check the Tcl console output or 'C:/Users/nikhi/CNN/rtl/CNN/CNN.sim/sim_1/behav/xsim/xvlog.log' file for more information.
ERROR: [Vivado 12-4473] Detected error while running simulation. Please correct the issue and retry this operation.
ERROR: [Common 17-39] 'launch_simulation' failed due to earlier errors.
WARNING: [filemgmt 56-199] Attempt to get parsing info during refresh. "On-the-fly" syntax checking information may be incorrect. [C:\Users\nikhi\CNN\rtl\top_module.v:]
WARNING: [filemgmt 56-199] Attempt to get parsing info during refresh. "On-the-fly" syntax checking information may be incorrect. [C:\Users\nikhi\CNN\rtl\max_pool.v:]
WARNING: [filemgmt 56-199] Attempt to get parsing info during refresh. "On-the-fly" syntax checking information may be incorrect. [C:\Users\nikhi\CNN\rtl\max_pool.v:]
WARNING: [filemgmt 56-199] Attempt to get parsing info during refresh. "On-the-fly" syntax checking information may be incorrect. [C:\Users\nikhi\CNN\rtl\max_pool.v:]
ERROR: [Common 17-180] Spawn failed: The operation completed successfully.

launch_simulation
Command: launch_simulation 
INFO: [Vivado 12-25911] Executing simulation for 'XSim' simulator
INFO: [Vivado 12-28535] Process started - Mon Apr  6 00:39:36 2026

INFO: [Vivado 12-12493] Simulation top is 'tm_tb'
INFO: [Vivado 12-5682] Launching behavioral simulation in 'C:/Users/nikhi/CNN/rtl/CNN/CNN.sim/sim_1/behav/xsim'
INFO: [SIM-utils-51] Simulation object is 'sim_1'
INFO: [SIM-utils-72] Using boost library from 'C:/AMDDesignTools/2025.2/Vivado/tps/boost_1_72_0'
INFO: [SIM-utils-54] Inspecting design source files for 'tm_tb' in fileset 'sim_1'...
INFO: [USF-XSim-97] Finding global include files...
INFO: [USF-XSim-98] Fetching design files from 'sim_1'...
INFO: [USF-XSim-2] XSim::Compile design
INFO: [USF-XSim-61] Executing 'COMPILE and ANALYZE' step in 'C:/Users/nikhi/CNN/rtl/CNN/CNN.sim/sim_1/behav/xsim'
"xvlog --incr --relax -prj tm_tb_vlog.prj"
INFO: [VRFC 10-2263] Analyzing Verilog file "C:/Users/nikhi/CNN/rtl/PE.v" into library xil_defaultlib
INFO: [VRFC 10-311] analyzing module PE
INFO: [VRFC 10-2263] Analyzing Verilog file "C:/Users/nikhi/CNN/rtl/linebuffer.v" into library xil_defaultlib
INFO: [VRFC 10-311] analyzing module linebuffer
INFO: [VRFC 10-2263] Analyzing Verilog file "C:/Users/nikhi/CNN/rtl/max_pool.v" into library xil_defaultlib
INFO: [VRFC 10-311] analyzing module max_pool
INFO: [VRFC 10-2263] Analyzing Verilog file "C:/Users/nikhi/CNN/rtl/top_module.v" into library xil_defaultlib
INFO: [VRFC 10-311] analyzing module top_module
INFO: [VRFC 10-2263] Analyzing Verilog file "C:/Users/nikhi/CNN/rtl/tm_tb.v" into library xil_defaultlib
INFO: [VRFC 10-311] analyzing module tm_tb
INFO: [USF-XSim-69] 'compile' step finished in '2' seconds
INFO: [USF-XSim-3] XSim::Elaborate design
INFO: [USF-XSim-61] Executing 'ELABORATE' step in 'C:/Users/nikhi/CNN/rtl/CNN/CNN.sim/sim_1/behav/xsim'
"xelab --incr --debug typical --relax --mt 2 -L xil_defaultlib -L unisims_ver -L unimacro_ver -L secureip --snapshot tm_tb_behav xil_defaultlib.tm_tb xil_defaultlib.glbl -log elaborate.log"
Vivado Simulator v2025.2
Copyright 1986-2022 Xilinx, Inc. All Rights Reserved.
Copyright 2022-2025 Advanced Micro Devices, Inc. All Rights Reserved.
Running: C:/AMDDesignTools/2025.2/Vivado/bin/unwrapped/win64.o/xelab.exe --incr --debug typical --relax --mt 2 -L xil_defaultlib -L unisims_ver -L unimacro_ver -L secureip --snapshot tm_tb_behav xil_defaultlib.tm_tb xil_defaultlib.glbl -log elaborate.log 
Using 2 slave threads.
Starting static elaboration
Pass Through NonSizing Optimizer
Completed static elaboration
Starting simulation data flow analysis
WARNING: [XSIM 43-4099] "C:/Users/nikhi/CNN/rtl/top_module.v" Line 1. Module top_module(IMG_W=8,IMG_H=8) doesn't have a timescale but at least one module in design has a timescale.
WARNING: [XSIM 43-4099] "C:/Users/nikhi/CNN/rtl/linebuffer.v" Line 1. Module linebuffer(IMG_W=8,IMG_H=8) doesn't have a timescale but at least one module in design has a timescale.
WARNING: [XSIM 43-4099] "C:/Users/nikhi/CNN/rtl/PE.v" Line 1. Module PE doesn't have a timescale but at least one module in design has a timescale.
WARNING: [XSIM 43-4099] "C:/Users/nikhi/CNN/rtl/max_pool.v" Line 1. Module max_pool(IMG_W=8,IMG_H=8) doesn't have a timescale but at least one module in design has a timescale.
Completed simulation data flow analysis
Time Resolution for simulation is 1ps
Compiling module xil_defaultlib.linebuffer(IMG_W=8,IMG_H=8)
Compiling module xil_defaultlib.PE
Compiling module xil_defaultlib.max_pool(IMG_W=8,IMG_H=8)
Compiling module xil_defaultlib.top_module(IMG_W=8,IMG_H=8)
Compiling module xil_defaultlib.tm_tb
Compiling module xil_defaultlib.glbl
Built simulation snapshot tm_tb_behav
INFO: [USF-XSim-69] 'elaborate' step finished in '4' seconds
INFO: [USF-XSim-4] XSim::Simulate design
INFO: [USF-XSim-61] Executing 'SIMULATE' step in 'C:/Users/nikhi/CNN/rtl/CNN/CNN.sim/sim_1/behav/xsim'
INFO: [USF-XSim-98] *** Running xsim
   with args "tm_tb_behav -key {Behavioral:sim_1:Functional:tm_tb} -tclbatch {tm_tb.tcl} -view {C:/Users/nikhi/CNN/rtl/CNN/lb_tb_behav1.wcfg} -log {simulate.log}"
INFO: [USF-XSim-8] Loading simulator feature
Time resolution is 1 ps
open_wave_config C:/Users/nikhi/CNN/rtl/CNN/lb_tb_behav1.wcfg
source tm_tb.tcl
# set curr_wave [current_wave_config]
# if { [string length $curr_wave] == 0 } {
#   if { [llength [get_objects]] > 0} {
#     add_wave /
#     set_property needs_save false [current_wave_config]
#   } else {
#      send_msg_id Add_Wave-1 WARNING "No top level signals found. Simulator will start without a wave window. If you want to open a wave window go to 'File->New Waveform Configuration' or type 'create_wave_config' in the TCL console."
#   }
# }
# run 1000ns
INFO: [USF-XSim-96] XSim completed. Design snapshot 'tm_tb_behav' loaded.
INFO: [USF-XSim-97] XSim simulation ran for 1000ns
launch_simulation: Time (s): cpu = 00:00:03 ; elapsed = 00:00:09 . Memory (MB): peak = 3008.941 ; gain = 0.000
close_sim
INFO: [Simtcl 6-16] Simulation closed
launch_simulation
Command: launch_simulation 
INFO: [Vivado 12-25911] Executing simulation for 'XSim' simulator
INFO: [Vivado 12-28535] Process started - Mon Apr  6 00:39:59 2026

INFO: [Vivado 12-12493] Simulation top is 'tm_tb'
INFO: [Vivado 12-5682] Launching behavioral simulation in 'C:/Users/nikhi/CNN/rtl/CNN/CNN.sim/sim_1/behav/xsim'
INFO: [SIM-utils-51] Simulation object is 'sim_1'
INFO: [SIM-utils-72] Using boost library from 'C:/AMDDesignTools/2025.2/Vivado/tps/boost_1_72_0'
INFO: [SIM-utils-54] Inspecting design source files for 'tm_tb' in fileset 'sim_1'...
INFO: [USF-XSim-97] Finding global include files...
INFO: [USF-XSim-98] Fetching design files from 'sim_1'...
INFO: [USF-XSim-2] XSim::Compile design
INFO: [USF-XSim-61] Executing 'COMPILE and ANALYZE' step in 'C:/Users/nikhi/CNN/rtl/CNN/CNN.sim/sim_1/behav/xsim'
"xvlog --incr --relax -prj tm_tb_vlog.prj"
INFO: [VRFC 10-2263] Analyzing Verilog file "C:/Users/nikhi/CNN/rtl/PE.v" into library xil_defaultlib
INFO: [VRFC 10-311] analyzing module PE
INFO: [VRFC 10-2263] Analyzing Verilog file "C:/Users/nikhi/CNN/rtl/linebuffer.v" into library xil_defaultlib
INFO: [VRFC 10-311] analyzing module linebuffer
INFO: [VRFC 10-2263] Analyzing Verilog file "C:/Users/nikhi/CNN/rtl/max_pool.v" into library xil_defaultlib
INFO: [VRFC 10-311] analyzing module max_pool
INFO: [VRFC 10-2263] Analyzing Verilog file "C:/Users/nikhi/CNN/rtl/top_module.v" into library xil_defaultlib
INFO: [VRFC 10-311] analyzing module top_module
INFO: [VRFC 10-2263] Analyzing Verilog file "C:/Users/nikhi/CNN/rtl/tm_tb.v" into library xil_defaultlib
INFO: [VRFC 10-311] analyzing module tm_tb
INFO: [USF-XSim-69] 'compile' step finished in '2' seconds
INFO: [USF-XSim-3] XSim::Elaborate design
INFO: [USF-XSim-61] Executing 'ELABORATE' step in 'C:/Users/nikhi/CNN/rtl/CNN/CNN.sim/sim_1/behav/xsim'
"xelab --incr --debug typical --relax --mt 2 -L xil_defaultlib -L unisims_ver -L unimacro_ver -L secureip --snapshot tm_tb_behav xil_defaultlib.tm_tb xil_defaultlib.glbl -log elaborate.log"
Vivado Simulator v2025.2
Copyright 1986-2022 Xilinx, Inc. All Rights Reserved.
Copyright 2022-2025 Advanced Micro Devices, Inc. All Rights Reserved.
Running: C:/AMDDesignTools/2025.2/Vivado/bin/unwrapped/win64.o/xelab.exe --incr --debug typical --relax --mt 2 -L xil_defaultlib -L unisims_ver -L unimacro_ver -L secureip --snapshot tm_tb_behav xil_defaultlib.tm_tb xil_defaultlib.glbl -log elaborate.log 
Using 2 slave threads.
Starting static elaboration
Pass Through NonSizing Optimizer
Completed static elaboration
Starting simulation data flow analysis
WARNING: [XSIM 43-4099] "C:/Users/nikhi/CNN/rtl/top_module.v" Line 1. Module top_module(IMG_W=8,IMG_H=8) doesn't have a timescale but at least one module in design has a timescale.
WARNING: [XSIM 43-4099] "C:/Users/nikhi/CNN/rtl/linebuffer.v" Line 1. Module linebuffer(IMG_W=8,IMG_H=8) doesn't have a timescale but at least one module in design has a timescale.
WARNING: [XSIM 43-4099] "C:/Users/nikhi/CNN/rtl/PE.v" Line 1. Module PE doesn't have a timescale but at least one module in design has a timescale.
WARNING: [XSIM 43-4099] "C:/Users/nikhi/CNN/rtl/max_pool.v" Line 1. Module max_pool(IMG_W=8,IMG_H=8) doesn't have a timescale but at least one module in design has a timescale.
Completed simulation data flow analysis
Time Resolution for simulation is 1ps
Compiling module xil_defaultlib.linebuffer(IMG_W=8,IMG_H=8)
Compiling module xil_defaultlib.PE
Compiling module xil_defaultlib.max_pool(IMG_W=8,IMG_H=8)
Compiling module xil_defaultlib.top_module(IMG_W=8,IMG_H=8)
Compiling module xil_defaultlib.tm_tb
Compiling module xil_defaultlib.glbl
Built simulation snapshot tm_tb_behav
INFO: [USF-XSim-69] 'elaborate' step finished in '3' seconds
INFO: [USF-XSim-4] XSim::Simulate design
INFO: [USF-XSim-61] Executing 'SIMULATE' step in 'C:/Users/nikhi/CNN/rtl/CNN/CNN.sim/sim_1/behav/xsim'
INFO: [USF-XSim-98] *** Running xsim
   with args "tm_tb_behav -key {Behavioral:sim_1:Functional:tm_tb} -tclbatch {tm_tb.tcl} -view {C:/Users/nikhi/CNN/rtl/CNN/lb_tb_behav1.wcfg} -log {simulate.log}"
INFO: [USF-XSim-8] Loading simulator feature
Time resolution is 1 ps
open_wave_config C:/Users/nikhi/CNN/rtl/CNN/lb_tb_behav1.wcfg
source tm_tb.tcl
# set curr_wave [current_wave_config]
# if { [string length $curr_wave] == 0 } {
#   if { [llength [get_objects]] > 0} {
#     add_wave /
#     set_property needs_save false [current_wave_config]
#   } else {
#      send_msg_id Add_Wave-1 WARNING "No top level signals found. Simulator will start without a wave window. If you want to open a wave window go to 'File->New Waveform Configuration' or type 'create_wave_config' in the TCL console."
#   }
# }
# run 1000ns
INFO: [USF-XSim-96] XSim completed. Design snapshot 'tm_tb_behav' loaded.
INFO: [USF-XSim-97] XSim simulation ran for 1000ns
launch_simulation: Time (s): cpu = 00:00:03 ; elapsed = 00:00:08 . Memory (MB): peak = 3008.941 ; gain = 0.000
current_wave_config {lb_tb_behav1.wcfg}
lb_tb_behav1.wcfg
add_wave {{/tm_tb/tm/mp/valid_in}} {{/tm_tb/tm/mp/data_in}} {{/tm_tb/tm/mp/pool_data}} 
current_wave_config {lb_tb_behav1.wcfg}
lb_tb_behav1.wcfg
add_wave {{/tm_tb/tm/mp/line1}} 
current_wave_config {lb_tb_behav1.wcfg}
lb_tb_behav1.wcfg
add_wave {{/tm_tb/tm/mp/r1}} 
current_wave_config {lb_tb_behav1.wcfg}
lb_tb_behav1.wcfg
add_wave {{/tm_tb/tm/mp/ctr}} {{/tm_tb/tm/mp/row_1_max}} {{/tm_tb/tm/mp/row_2_max}} 
current_wave_config {lb_tb_behav1.wcfg}
lb_tb_behav1.wcfg
add_wave {{/tm_tb/tm/mp/col}} {{/tm_tb/tm/mp/row}} 
relaunch_sim
Command: launch_simulation -step compile -simset sim_1 -mode behavioral
INFO: [Vivado 12-25911] Executing simulation for 'XSim' simulator
INFO: [Vivado 12-28535] Process started - Mon Apr  6 00:40:50 2026

INFO: [Vivado 12-12493] Simulation top is 'tm_tb'
INFO: [Vivado 12-5682] Launching behavioral simulation in 'C:/Users/nikhi/CNN/rtl/CNN/CNN.sim/sim_1/behav/xsim'
INFO: [SIM-utils-51] Simulation object is 'sim_1'
INFO: [USF-XSim-2] XSim::Compile design
INFO: [USF-XSim-61] Executing 'COMPILE and ANALYZE' step in 'C:/Users/nikhi/CNN/rtl/CNN/CNN.sim/sim_1/behav/xsim'
"xvlog --incr --relax -prj tm_tb_vlog.prj"
INFO: [USF-XSim-69] 'compile' step finished in '2' seconds
Command: launch_simulation -step elaborate -simset sim_1 -mode behavioral
INFO: [Vivado 12-25911] Executing simulation for 'XSim' simulator
INFO: [Vivado 12-28535] Process started - Mon Apr  6 00:40:52 2026

INFO: [Vivado 12-12493] Simulation top is 'tm_tb'
INFO: [Vivado 12-5682] Launching behavioral simulation in 'C:/Users/nikhi/CNN/rtl/CNN/CNN.sim/sim_1/behav/xsim'
INFO: [SIM-utils-51] Simulation object is 'sim_1'
INFO: [USF-XSim-3] XSim::Elaborate design
INFO: [USF-XSim-61] Executing 'ELABORATE' step in 'C:/Users/nikhi/CNN/rtl/CNN/CNN.sim/sim_1/behav/xsim'
"xelab --incr --debug typical --relax --mt 2 -L xil_defaultlib -L unisims_ver -L unimacro_ver -L secureip --snapshot tm_tb_behav xil_defaultlib.tm_tb xil_defaultlib.glbl -log elaborate.log"
Vivado Simulator v2025.2
Copyright 1986-2022 Xilinx, Inc. All Rights Reserved.
Copyright 2022-2025 Advanced Micro Devices, Inc. All Rights Reserved.
Running: C:/AMDDesignTools/2025.2/Vivado/bin/unwrapped/win64.o/xelab.exe --incr --debug typical --relax --mt 2 -L xil_defaultlib -L unisims_ver -L unimacro_ver -L secureip --snapshot tm_tb_behav xil_defaultlib.tm_tb xil_defaultlib.glbl -log elaborate.log 
Using 2 slave threads.
Starting static elaboration
Pass Through NonSizing Optimizer
Completed static elaboration
INFO: [XSIM 43-4323] No Change in HDL. Linking previously generated obj files to create kernel
INFO: [USF-XSim-69] 'elaborate' step finished in '2' seconds
Time resolution is 1 ps
relaunch_sim: Time (s): cpu = 00:00:01 ; elapsed = 00:00:06 . Memory (MB): peak = 3008.941 ; gain = 0.000
WARNING: [filemgmt 56-199] Attempt to get parsing info during refresh. "On-the-fly" syntax checking information may be incorrect. [C:\Users\nikhi\CNN\rtl\top_module.v:]
WARNING: [filemgmt 56-199] Attempt to get parsing info during refresh. "On-the-fly" syntax checking information may be incorrect. [C:\Users\nikhi\CNN\rtl\max_pool.v:]
WARNING: [filemgmt 56-199] Attempt to get parsing info during refresh. "On-the-fly" syntax checking information may be incorrect. [C:\Users\nikhi\CNN\rtl\max_pool.v:]
WARNING: [filemgmt 56-199] Attempt to get parsing info during refresh. "On-the-fly" syntax checking information may be incorrect. [C:\Users\nikhi\CNN\rtl\max_pool.v:]
ERROR: [Common 17-180] Spawn failed: The operation completed successfully.

WARNING: [filemgmt 56-199] Attempt to get parsing info during refresh. "On-the-fly" syntax checking information may be incorrect. [C:\Users\nikhi\CNN\rtl\top_module.v:]
WARNING: [filemgmt 56-199] Attempt to get parsing info during refresh. "On-the-fly" syntax checking information may be incorrect. [C:\Users\nikhi\CNN\rtl\max_pool.v:]
WARNING: [filemgmt 56-199] Attempt to get parsing info during refresh. "On-the-fly" syntax checking information may be incorrect. [C:\Users\nikhi\CNN\rtl\max_pool.v:]
WARNING: [filemgmt 56-199] Attempt to get parsing info during refresh. "On-the-fly" syntax checking information may be incorrect. [C:\Users\nikhi\CNN\rtl\max_pool.v:]
ERROR: [Common 17-180] Spawn failed: The operation completed successfully.

WARNING: [filemgmt 56-199] Attempt to get parsing info during refresh. "On-the-fly" syntax checking information may be incorrect. [C:\Users\nikhi\CNN\rtl\top_module.v:]
WARNING: [filemgmt 56-199] Attempt to get parsing info during refresh. "On-the-fly" syntax checking information may be incorrect. [C:\Users\nikhi\CNN\rtl\max_pool.v:]
WARNING: [filemgmt 56-199] Attempt to get parsing info during refresh. "On-the-fly" syntax checking information may be incorrect. [C:\Users\nikhi\CNN\rtl\max_pool.v:]
WARNING: [filemgmt 56-199] Attempt to get parsing info during refresh. "On-the-fly" syntax checking information may be incorrect. [C:\Users\nikhi\CNN\rtl\max_pool.v:]
ERROR: [Common 17-180] Spawn failed: The operation completed successfully.

WARNING: [filemgmt 56-199] Attempt to get parsing info during refresh. "On-the-fly" syntax checking information may be incorrect. [C:\Users\nikhi\CNN\rtl\top_module.v:]
WARNING: [filemgmt 56-199] Attempt to get parsing info during refresh. "On-the-fly" syntax checking information may be incorrect. [C:\Users\nikhi\CNN\rtl\max_pool.v:]
WARNING: [filemgmt 56-199] Attempt to get parsing info during refresh. "On-the-fly" syntax checking information may be incorrect. [C:\Users\nikhi\CNN\rtl\max_pool.v:]
WARNING: [filemgmt 56-199] Attempt to get parsing info during refresh. "On-the-fly" syntax checking information may be incorrect. [C:\Users\nikhi\CNN\rtl\max_pool.v:]
ERROR: [Common 17-180] Spawn failed: The operation completed successfully.

WARNING: [filemgmt 56-199] Attempt to get parsing info during refresh. "On-the-fly" syntax checking information may be incorrect. [C:\Users\nikhi\CNN\rtl\top_module.v:]
WARNING: [filemgmt 56-199] Attempt to get parsing info during refresh. "On-the-fly" syntax checking information may be incorrect. [C:\Users\nikhi\CNN\rtl\max_pool.v:]
WARNING: [filemgmt 56-199] Attempt to get parsing info during refresh. "On-the-fly" syntax checking information may be incorrect. [C:\Users\nikhi\CNN\rtl\max_pool.v:]
WARNING: [filemgmt 56-199] Attempt to get parsing info during refresh. "On-the-fly" syntax checking information may be incorrect. [C:\Users\nikhi\CNN\rtl\max_pool.v:]
ERROR: [Common 17-180] Spawn failed: The operation completed successfully.

WARNING: [filemgmt 56-199] Attempt to get parsing info during refresh. "On-the-fly" syntax checking information may be incorrect. [C:\Users\nikhi\CNN\rtl\top_module.v:]
WARNING: [filemgmt 56-199] Attempt to get parsing info during refresh. "On-the-fly" syntax checking information may be incorrect. [C:\Users\nikhi\CNN\rtl\max_pool.v:]
WARNING: [filemgmt 56-199] Attempt to get parsing info during refresh. "On-the-fly" syntax checking information may be incorrect. [C:\Users\nikhi\CNN\rtl\top_module.v:]
WARNING: [filemgmt 56-199] Attempt to get parsing info during refresh. "On-the-fly" syntax checking information may be incorrect. [C:\Users\nikhi\CNN\rtl\top_module.v:]
WARNING: [filemgmt 56-199] Attempt to get parsing info during refresh. "On-the-fly" syntax checking information may be incorrect. [C:\Users\nikhi\CNN\rtl\top_module.v:]
WARNING: [filemgmt 56-199] Attempt to get parsing info during refresh. "On-the-fly" syntax checking information may be incorrect. [C:\Users\nikhi\CNN\rtl\max_pool.v:]
WARNING: [filemgmt 56-199] Attempt to get parsing info during refresh. "On-the-fly" syntax checking information may be incorrect. [C:\Users\nikhi\CNN\rtl\top_module.v:]
WARNING: [filemgmt 56-199] Attempt to get parsing info during refresh. "On-the-fly" syntax checking information may be incorrect. [C:\Users\nikhi\CNN\rtl\top_module.v:]
ERROR: [Common 17-180] Spawn failed: The operation completed successfully.

WARNING: [filemgmt 56-199] Attempt to get parsing info during refresh. "On-the-fly" syntax checking information may be incorrect. [C:\Users\nikhi\CNN\rtl\top_module.v:]
WARNING: [filemgmt 56-199] Attempt to get parsing info during refresh. "On-the-fly" syntax checking information may be incorrect. [C:\Users\nikhi\CNN\rtl\max_pool.v:]
WARNING: [filemgmt 56-199] Attempt to get parsing info during refresh. "On-the-fly" syntax checking information may be incorrect. [C:\Users\nikhi\CNN\rtl\max_pool.v:]
WARNING: [filemgmt 56-199] Attempt to get parsing info during refresh. "On-the-fly" syntax checking information may be incorrect. [C:\Users\nikhi\CNN\rtl\max_pool.v:]
ERROR: [Common 17-180] Spawn failed: The operation completed successfully.

WARNING: [filemgmt 56-199] Attempt to get parsing info during refresh. "On-the-fly" syntax checking information may be incorrect. [C:\Users\nikhi\CNN\rtl\top_module.v:]
WARNING: [filemgmt 56-199] Attempt to get parsing info during refresh. "On-the-fly" syntax checking information may be incorrect. [C:\Users\nikhi\CNN\rtl\max_pool.v:]
WARNING: [filemgmt 56-199] Attempt to get parsing info during refresh. "On-the-fly" syntax checking information may be incorrect. [C:\Users\nikhi\CNN\rtl\max_pool.v:]
WARNING: [filemgmt 56-199] Attempt to get parsing info during refresh. "On-the-fly" syntax checking information may be incorrect. [C:\Users\nikhi\CNN\rtl\max_pool.v:]
ERROR: [Common 17-180] Spawn failed: The operation completed successfully.

WARNING: [filemgmt 56-199] Attempt to get parsing info during refresh. "On-the-fly" syntax checking information may be incorrect. [C:\Users\nikhi\CNN\rtl\top_module.v:]
WARNING: [filemgmt 56-199] Attempt to get parsing info during refresh. "On-the-fly" syntax checking information may be incorrect. [C:\Users\nikhi\CNN\rtl\max_pool.v:]
WARNING: [filemgmt 56-199] Attempt to get parsing info during refresh. "On-the-fly" syntax checking information may be incorrect. [C:\Users\nikhi\CNN\rtl\top_module.v:]
WARNING: [filemgmt 56-199] Attempt to get parsing info during refresh. "On-the-fly" syntax checking information may be incorrect. [C:\Users\nikhi\CNN\rtl\top_module.v:]
ERROR: [Common 17-180] Spawn failed: The operation completed successfully.

WARNING: [filemgmt 56-199] Attempt to get parsing info during refresh. "On-the-fly" syntax checking information may be incorrect. [C:\Users\nikhi\CNN\rtl\top_module.v:]
WARNING: [filemgmt 56-199] Attempt to get parsing info during refresh. "On-the-fly" syntax checking information may be incorrect. [C:\Users\nikhi\CNN\rtl\max_pool.v:]
WARNING: [filemgmt 56-199] Attempt to get parsing info during refresh. "On-the-fly" syntax checking information may be incorrect. [C:\Users\nikhi\CNN\rtl\top_module.v:]
WARNING: [filemgmt 56-199] Attempt to get parsing info during refresh. "On-the-fly" syntax checking information may be incorrect. [C:\Users\nikhi\CNN\rtl\top_module.v:]
WARNING: [filemgmt 56-199] Attempt to get parsing info during refresh. "On-the-fly" syntax checking information may be incorrect. [C:\Users\nikhi\CNN\rtl\top_module.v:]
WARNING: [filemgmt 56-199] Attempt to get parsing info during refresh. "On-the-fly" syntax checking information may be incorrect. [C:\Users\nikhi\CNN\rtl\max_pool.v:]
WARNING: [filemgmt 56-199] Attempt to get parsing info during refresh. "On-the-fly" syntax checking information may be incorrect. [C:\Users\nikhi\CNN\rtl\max_pool.v:]
WARNING: [filemgmt 56-199] Attempt to get parsing info during refresh. "On-the-fly" syntax checking information may be incorrect. [C:\Users\nikhi\CNN\rtl\max_pool.v:]
ERROR: [Common 17-180] Spawn failed: The operation completed successfully.

WARNING: [filemgmt 56-199] Attempt to get parsing info during refresh. "On-the-fly" syntax checking information may be incorrect. [C:\Users\nikhi\CNN\rtl\top_module.v:]
WARNING: [filemgmt 56-199] Attempt to get parsing info during refresh. "On-the-fly" syntax checking information may be incorrect. [C:\Users\nikhi\CNN\rtl\max_pool.v:]
WARNING: [filemgmt 56-199] Attempt to get parsing info during refresh. "On-the-fly" syntax checking information may be incorrect. [C:\Users\nikhi\CNN\rtl\max_pool.v:]
WARNING: [filemgmt 56-199] Attempt to get parsing info during refresh. "On-the-fly" syntax checking information may be incorrect. [C:\Users\nikhi\CNN\rtl\max_pool.v:]
ERROR: [Common 17-180] Spawn failed: The operation completed successfully.

WARNING: [filemgmt 56-199] Attempt to get parsing info during refresh. "On-the-fly" syntax checking information may be incorrect. [C:\Users\nikhi\CNN\rtl\top_module.v:]
WARNING: [filemgmt 56-199] Attempt to get parsing info during refresh. "On-the-fly" syntax checking information may be incorrect. [C:\Users\nikhi\CNN\rtl\max_pool.v:]
WARNING: [filemgmt 56-199] Attempt to get parsing info during refresh. "On-the-fly" syntax checking information may be incorrect. [C:\Users\nikhi\CNN\rtl\top_module.v:]
WARNING: [filemgmt 56-199] Attempt to get parsing info during refresh. "On-the-fly" syntax checking information may be incorrect. [C:\Users\nikhi\CNN\rtl\top_module.v:]
WARNING: [filemgmt 56-199] Attempt to get parsing info during refresh. "On-the-fly" syntax checking information may be incorrect. [C:\Users\nikhi\CNN\rtl\top_module.v:]
WARNING: [filemgmt 56-199] Attempt to get parsing info during refresh. "On-the-fly" syntax checking information may be incorrect. [C:\Users\nikhi\CNN\rtl\max_pool.v:]
WARNING: [filemgmt 56-199] Attempt to get parsing info during refresh. "On-the-fly" syntax checking information may be incorrect. [C:\Users\nikhi\CNN\rtl\top_module.v:]
WARNING: [filemgmt 56-199] Attempt to get parsing info during refresh. "On-the-fly" syntax checking information may be incorrect. [C:\Users\nikhi\CNN\rtl\top_module.v:]
ERROR: [Common 17-180] Spawn failed: The operation completed successfully.

WARNING: [filemgmt 56-199] Attempt to get parsing info during refresh. "On-the-fly" syntax checking information may be incorrect. [C:\Users\nikhi\CNN\rtl\top_module.v:]
WARNING: [filemgmt 56-199] Attempt to get parsing info during refresh. "On-the-fly" syntax checking information may be incorrect. [C:\Users\nikhi\CNN\rtl\max_pool.v:]
WARNING: [filemgmt 56-199] Attempt to get parsing info during refresh. "On-the-fly" syntax checking information may be incorrect. [C:\Users\nikhi\CNN\rtl\top_module.v:]
WARNING: [filemgmt 56-199] Attempt to get parsing info during refresh. "On-the-fly" syntax checking information may be incorrect. [C:\Users\nikhi\CNN\rtl\top_module.v:]
ERROR: [Common 17-180] Spawn failed: The operation completed successfully.

WARNING: [filemgmt 56-199] Attempt to get parsing info during refresh. "On-the-fly" syntax checking information may be incorrect. [C:\Users\nikhi\CNN\rtl\top_module.v:]
WARNING: [filemgmt 56-199] Attempt to get parsing info during refresh. "On-the-fly" syntax checking information may be incorrect. [C:\Users\nikhi\CNN\rtl\max_pool.v:]
WARNING: [filemgmt 56-199] Attempt to get parsing info during refresh. "On-the-fly" syntax checking information may be incorrect. [C:\Users\nikhi\CNN\rtl\max_pool.v:]
WARNING: [filemgmt 56-199] Attempt to get parsing info during refresh. "On-the-fly" syntax checking information may be incorrect. [C:\Users\nikhi\CNN\rtl\max_pool.v:]
ERROR: [Common 17-180] Spawn failed: The operation completed successfully.

WARNING: [filemgmt 56-199] Attempt to get parsing info during refresh. "On-the-fly" syntax checking information may be incorrect. [C:\Users\nikhi\CNN\rtl\top_module.v:]
WARNING: [filemgmt 56-199] Attempt to get parsing info during refresh. "On-the-fly" syntax checking information may be incorrect. [C:\Users\nikhi\CNN\rtl\max_pool.v:]
WARNING: [filemgmt 56-199] Attempt to get parsing info during refresh. "On-the-fly" syntax checking information may be incorrect. [C:\Users\nikhi\CNN\rtl\max_pool.v:]
WARNING: [filemgmt 56-199] Attempt to get parsing info during refresh. "On-the-fly" syntax checking information may be incorrect. [C:\Users\nikhi\CNN\rtl\max_pool.v:]
ERROR: [Common 17-180] Spawn failed: The operation completed successfully.

WARNING: [filemgmt 56-199] Attempt to get parsing info during refresh. "On-the-fly" syntax checking information may be incorrect. [C:\Users\nikhi\CNN\rtl\top_module.v:]
WARNING: [filemgmt 56-199] Attempt to get parsing info during refresh. "On-the-fly" syntax checking information may be incorrect. [C:\Users\nikhi\CNN\rtl\max_pool.v:]
WARNING: [filemgmt 56-199] Attempt to get parsing info during refresh. "On-the-fly" syntax checking information may be incorrect. [C:\Users\nikhi\CNN\rtl\max_pool.v:]
WARNING: [filemgmt 56-199] Attempt to get parsing info during refresh. "On-the-fly" syntax checking information may be incorrect. [C:\Users\nikhi\CNN\rtl\max_pool.v:]
ERROR: [Common 17-180] Spawn failed: The operation completed successfully.

WARNING: [filemgmt 56-199] Attempt to get parsing info during refresh. "On-the-fly" syntax checking information may be incorrect. [C:\Users\nikhi\CNN\rtl\top_module.v:]
WARNING: [filemgmt 56-199] Attempt to get parsing info during refresh. "On-the-fly" syntax checking information may be incorrect. [C:\Users\nikhi\CNN\rtl\max_pool.v:]
WARNING: [filemgmt 56-199] Attempt to get parsing info during refresh. "On-the-fly" syntax checking information may be incorrect. [C:\Users\nikhi\CNN\rtl\max_pool.v:]
WARNING: [filemgmt 56-199] Attempt to get parsing info during refresh. "On-the-fly" syntax checking information may be incorrect. [C:\Users\nikhi\CNN\rtl\max_pool.v:]
ERROR: [Common 17-180] Spawn failed: The operation completed successfully.

WARNING: [filemgmt 56-199] Attempt to get parsing info during refresh. "On-the-fly" syntax checking information may be incorrect. [C:\Users\nikhi\CNN\rtl\top_module.v:]
WARNING: [filemgmt 56-199] Attempt to get parsing info during refresh. "On-the-fly" syntax checking information may be incorrect. [C:\Users\nikhi\CNN\rtl\max_pool.v:]
WARNING: [filemgmt 56-199] Attempt to get parsing info during refresh. "On-the-fly" syntax checking information may be incorrect. [C:\Users\nikhi\CNN\rtl\max_pool.v:]
WARNING: [filemgmt 56-199] Attempt to get parsing info during refresh. "On-the-fly" syntax checking information may be incorrect. [C:\Users\nikhi\CNN\rtl\max_pool.v:]
ERROR: [Common 17-180] Spawn failed: The operation completed successfully.

WARNING: [filemgmt 56-199] Attempt to get parsing info during refresh. "On-the-fly" syntax checking information may be incorrect. [C:\Users\nikhi\CNN\rtl\top_module.v:]
WARNING: [filemgmt 56-199] Attempt to get parsing info during refresh. "On-the-fly" syntax checking information may be incorrect. [C:\Users\nikhi\CNN\rtl\max_pool.v:]
WARNING: [filemgmt 56-199] Attempt to get parsing info during refresh. "On-the-fly" syntax checking information may be incorrect. [C:\Users\nikhi\CNN\rtl\top_module.v:]
WARNING: [filemgmt 56-199] Attempt to get parsing info during refresh. "On-the-fly" syntax checking information may be incorrect. [C:\Users\nikhi\CNN\rtl\top_module.v:]
ERROR: [Common 17-180] Spawn failed: The operation completed successfully.

WARNING: [filemgmt 56-199] Attempt to get parsing info during refresh. "On-the-fly" syntax checking information may be incorrect. [C:\Users\nikhi\CNN\rtl\top_module.v:]
WARNING: [filemgmt 56-199] Attempt to get parsing info during refresh. "On-the-fly" syntax checking information may be incorrect. [C:\Users\nikhi\CNN\rtl\max_pool.v:]
WARNING: [filemgmt 56-199] Attempt to get parsing info during refresh. "On-the-fly" syntax checking information may be incorrect. [C:\Users\nikhi\CNN\rtl\top_module.v:]
WARNING: [filemgmt 56-199] Attempt to get parsing info during refresh. "On-the-fly" syntax checking information may be incorrect. [C:\Users\nikhi\CNN\rtl\top_module.v:]
WARNING: [filemgmt 56-199] Attempt to get parsing info during refresh. "On-the-fly" syntax checking information may be incorrect. [C:\Users\nikhi\CNN\rtl\top_module.v:]
WARNING: [filemgmt 56-199] Attempt to get parsing info during refresh. "On-the-fly" syntax checking information may be incorrect. [C:\Users\nikhi\CNN\rtl\max_pool.v:]
WARNING: [filemgmt 56-199] Attempt to get parsing info during refresh. "On-the-fly" syntax checking information may be incorrect. [C:\Users\nikhi\CNN\rtl\max_pool.v:]
WARNING: [filemgmt 56-199] Attempt to get parsing info during refresh. "On-the-fly" syntax checking information may be incorrect. [C:\Users\nikhi\CNN\rtl\max_pool.v:]
ERROR: [Common 17-180] Spawn failed: The operation completed successfully.

update_compile_order -fileset sources_1
WARNING: [filemgmt 56-199] Attempt to get parsing info during refresh. "On-the-fly" syntax checking information may be incorrect. [C:\Users\nikhi\CNN\rtl\top_module.v:]
WARNING: [filemgmt 56-199] Attempt to get parsing info during refresh. "On-the-fly" syntax checking information may be incorrect. [C:\Users\nikhi\CNN\rtl\max_pool.v:]
WARNING: [filemgmt 56-199] Attempt to get parsing info during refresh. "On-the-fly" syntax checking information may be incorrect. [C:\Users\nikhi\CNN\rtl\top_module.v:]
WARNING: [filemgmt 56-199] Attempt to get parsing info during refresh. "On-the-fly" syntax checking information may be incorrect. [C:\Users\nikhi\CNN\rtl\top_module.v:]
WARNING: [filemgmt 56-199] Attempt to get parsing info during refresh. "On-the-fly" syntax checking information may be incorrect. [C:\Users\nikhi\CNN\rtl\top_module.v:]
WARNING: [filemgmt 56-199] Attempt to get parsing info during refresh. "On-the-fly" syntax checking information may be incorrect. [C:\Users\nikhi\CNN\rtl\max_pool.v:]
WARNING: [filemgmt 56-199] Attempt to get parsing info during refresh. "On-the-fly" syntax checking information may be incorrect. [C:\Users\nikhi\CNN\rtl\max_pool.v:]
WARNING: [filemgmt 56-199] Attempt to get parsing info during refresh. "On-the-fly" syntax checking information may be incorrect. [C:\Users\nikhi\CNN\rtl\max_pool.v:]
ERROR: [Common 17-180] Spawn failed: The operation completed successfully.

WARNING: [filemgmt 56-199] Attempt to get parsing info during refresh. "On-the-fly" syntax checking information may be incorrect. [C:\Users\nikhi\CNN\rtl\top_module.v:]
WARNING: [filemgmt 56-199] Attempt to get parsing info during refresh. "On-the-fly" syntax checking information may be incorrect. [C:\Users\nikhi\CNN\rtl\max_pool.v:]
WARNING: [filemgmt 56-199] Attempt to get parsing info during refresh. "On-the-fly" syntax checking information may be incorrect. [C:\Users\nikhi\CNN\rtl\top_module.v:]
WARNING: [filemgmt 56-199] Attempt to get parsing info during refresh. "On-the-fly" syntax checking information may be incorrect. [C:\Users\nikhi\CNN\rtl\top_module.v:]
ERROR: [Common 17-180] Spawn failed: The operation completed successfully.

WARNING: [filemgmt 56-199] Attempt to get parsing info during refresh. "On-the-fly" syntax checking information may be incorrect. [C:\Users\nikhi\CNN\rtl\top_module.v:]
WARNING: [filemgmt 56-199] Attempt to get parsing info during refresh. "On-the-fly" syntax checking information may be incorrect. [C:\Users\nikhi\CNN\rtl\max_pool.v:]
WARNING: [filemgmt 56-199] Attempt to get parsing info during refresh. "On-the-fly" syntax checking information may be incorrect. [C:\Users\nikhi\CNN\rtl\max_pool.v:]
WARNING: [filemgmt 56-199] Attempt to get parsing info during refresh. "On-the-fly" syntax checking information may be incorrect. [C:\Users\nikhi\CNN\rtl\max_pool.v:]
ERROR: [Common 17-180] Spawn failed: The operation completed successfully.

update_compile_order -fileset sources_1
WARNING: [filemgmt 56-199] Attempt to get parsing info during refresh. "On-the-fly" syntax checking information may be incorrect. [C:\Users\nikhi\CNN\rtl\top_module.v:]
WARNING: [filemgmt 56-199] Attempt to get parsing info during refresh. "On-the-fly" syntax checking information may be incorrect. [C:\Users\nikhi\CNN\rtl\max_pool.v:]
WARNING: [filemgmt 56-199] Attempt to get parsing info during refresh. "On-the-fly" syntax checking information may be incorrect. [C:\Users\nikhi\CNN\rtl\max_pool.v:]
WARNING: [filemgmt 56-199] Attempt to get parsing info during refresh. "On-the-fly" syntax checking information may be incorrect. [C:\Users\nikhi\CNN\rtl\max_pool.v:]
ERROR: [Common 17-180] Spawn failed: The operation completed successfully.

WARNING: [filemgmt 56-199] Attempt to get parsing info during refresh. "On-the-fly" syntax checking information may be incorrect. [C:\Users\nikhi\CNN\rtl\top_module.v:]
WARNING: [filemgmt 56-199] Attempt to get parsing info during refresh. "On-the-fly" syntax checking information may be incorrect. [C:\Users\nikhi\CNN\rtl\max_pool.v:]
WARNING: [filemgmt 56-199] Attempt to get parsing info during refresh. "On-the-fly" syntax checking information may be incorrect. [C:\Users\nikhi\CNN\rtl\max_pool.v:]
WARNING: [filemgmt 56-199] Attempt to get parsing info during refresh. "On-the-fly" syntax checking information may be incorrect. [C:\Users\nikhi\CNN\rtl\max_pool.v:]
ERROR: [Common 17-180] Spawn failed: The operation completed successfully.

WARNING: [filemgmt 56-199] Attempt to get parsing info during refresh. "On-the-fly" syntax checking information may be incorrect. [C:\Users\nikhi\CNN\rtl\top_module.v:]
WARNING: [filemgmt 56-199] Attempt to get parsing info during refresh. "On-the-fly" syntax checking information may be incorrect. [C:\Users\nikhi\CNN\rtl\max_pool.v:]
WARNING: [filemgmt 56-199] Attempt to get parsing info during refresh. "On-the-fly" syntax checking information may be incorrect. [C:\Users\nikhi\CNN\rtl\max_pool.v:]
WARNING: [filemgmt 56-199] Attempt to get parsing info during refresh. "On-the-fly" syntax checking information may be incorrect. [C:\Users\nikhi\CNN\rtl\max_pool.v:]
ERROR: [Common 17-180] Spawn failed: The operation completed successfully.

WARNING: [filemgmt 56-199] Attempt to get parsing info during refresh. "On-the-fly" syntax checking information may be incorrect. [C:\Users\nikhi\CNN\rtl\top_module.v:]
WARNING: [filemgmt 56-199] Attempt to get parsing info during refresh. "On-the-fly" syntax checking information may be incorrect. [C:\Users\nikhi\CNN\rtl\max_pool.v:]
WARNING: [filemgmt 56-199] Attempt to get parsing info during refresh. "On-the-fly" syntax checking information may be incorrect. [C:\Users\nikhi\CNN\rtl\max_pool.v:]
WARNING: [filemgmt 56-199] Attempt to get parsing info during refresh. "On-the-fly" syntax checking information may be incorrect. [C:\Users\nikhi\CNN\rtl\max_pool.v:]
ERROR: [Common 17-180] Spawn failed: The operation completed successfully.

WARNING: [filemgmt 56-199] Attempt to get parsing info during refresh. "On-the-fly" syntax checking information may be incorrect. [C:\Users\nikhi\CNN\rtl\top_module.v:]
WARNING: [filemgmt 56-199] Attempt to get parsing info during refresh. "On-the-fly" syntax checking information may be incorrect. [C:\Users\nikhi\CNN\rtl\max_pool.v:]
WARNING: [filemgmt 56-199] Attempt to get parsing info during refresh. "On-the-fly" syntax checking information may be incorrect. [C:\Users\nikhi\CNN\rtl\max_pool.v:]
WARNING: [filemgmt 56-199] Attempt to get parsing info during refresh. "On-the-fly" syntax checking information may be incorrect. [C:\Users\nikhi\CNN\rtl\max_pool.v:]
ERROR: [Common 17-180] Spawn failed: The operation completed successfully.

WARNING: [filemgmt 56-199] Attempt to get parsing info during refresh. "On-the-fly" syntax checking information may be incorrect. [C:\Users\nikhi\CNN\rtl\top_module.v:]
WARNING: [filemgmt 56-199] Attempt to get parsing info during refresh. "On-the-fly" syntax checking information may be incorrect. [C:\Users\nikhi\CNN\rtl\max_pool.v:]
WARNING: [filemgmt 56-199] Attempt to get parsing info during refresh. "On-the-fly" syntax checking information may be incorrect. [C:\Users\nikhi\CNN\rtl\max_pool.v:]
WARNING: [filemgmt 56-199] Attempt to get parsing info during refresh. "On-the-fly" syntax checking information may be incorrect. [C:\Users\nikhi\CNN\rtl\max_pool.v:]
ERROR: [Common 17-180] Spawn failed: The operation completed successfully.

WARNING: [filemgmt 56-199] Attempt to get parsing info during refresh. "On-the-fly" syntax checking information may be incorrect. [C:\Users\nikhi\CNN\rtl\top_module.v:]
WARNING: [filemgmt 56-199] Attempt to get parsing info during refresh. "On-the-fly" syntax checking information may be incorrect. [C:\Users\nikhi\CNN\rtl\max_pool.v:]
WARNING: [filemgmt 56-199] Attempt to get parsing info during refresh. "On-the-fly" syntax checking information may be incorrect. [C:\Users\nikhi\CNN\rtl\max_pool.v:]
WARNING: [filemgmt 56-199] Attempt to get parsing info during refresh. "On-the-fly" syntax checking information may be incorrect. [C:\Users\nikhi\CNN\rtl\max_pool.v:]
ERROR: [Common 17-180] Spawn failed: The operation completed successfully.

WARNING: [filemgmt 56-199] Attempt to get parsing info during refresh. "On-the-fly" syntax checking information may be incorrect. [C:\Users\nikhi\CNN\rtl\top_module.v:]
WARNING: [filemgmt 56-199] Attempt to get parsing info during refresh. "On-the-fly" syntax checking information may be incorrect. [C:\Users\nikhi\CNN\rtl\max_pool.v:]
WARNING: [filemgmt 56-199] Attempt to get parsing info during refresh. "On-the-fly" syntax checking information may be incorrect. [C:\Users\nikhi\CNN\rtl\max_pool.v:]
WARNING: [filemgmt 56-199] Attempt to get parsing info during refresh. "On-the-fly" syntax checking information may be incorrect. [C:\Users\nikhi\CNN\rtl\max_pool.v:]
ERROR: [Common 17-180] Spawn failed: The operation completed successfully.

WARNING: [filemgmt 56-199] Attempt to get parsing info during refresh. "On-the-fly" syntax checking information may be incorrect. [C:\Users\nikhi\CNN\rtl\top_module.v:]
WARNING: [filemgmt 56-199] Attempt to get parsing info during refresh. "On-the-fly" syntax checking information may be incorrect. [C:\Users\nikhi\CNN\rtl\max_pool.v:]
WARNING: [filemgmt 56-199] Attempt to get parsing info during refresh. "On-the-fly" syntax checking information may be incorrect. [C:\Users\nikhi\CNN\rtl\max_pool.v:]
WARNING: [filemgmt 56-199] Attempt to get parsing info during refresh. "On-the-fly" syntax checking information may be incorrect. [C:\Users\nikhi\CNN\rtl\max_pool.v:]
ERROR: [Common 17-180] Spawn failed: The operation completed successfully.

WARNING: [filemgmt 56-199] Attempt to get parsing info during refresh. "On-the-fly" syntax checking information may be incorrect. [C:\Users\nikhi\CNN\rtl\top_module.v:]
WARNING: [filemgmt 56-199] Attempt to get parsing info during refresh. "On-the-fly" syntax checking information may be incorrect. [C:\Users\nikhi\CNN\rtl\max_pool.v:]
WARNING: [filemgmt 56-199] Attempt to get parsing info during refresh. "On-the-fly" syntax checking information may be incorrect. [C:\Users\nikhi\CNN\rtl\max_pool.v:]
WARNING: [filemgmt 56-199] Attempt to get parsing info during refresh. "On-the-fly" syntax checking information may be incorrect. [C:\Users\nikhi\CNN\rtl\max_pool.v:]
WARNING: [filemgmt 56-199] Attempt to get parsing info during refresh. "On-the-fly" syntax checking information may be incorrect. [C:\Users\nikhi\CNN\rtl\top_module.v:]
WARNING: [filemgmt 56-199] Attempt to get parsing info during refresh. "On-the-fly" syntax checking information may be incorrect. [C:\Users\nikhi\CNN\rtl\max_pool.v:]
WARNING: [filemgmt 56-199] Attempt to get parsing info during refresh. "On-the-fly" syntax checking information may be incorrect. [C:\Users\nikhi\CNN\rtl\top_module.v:]
WARNING: [filemgmt 56-199] Attempt to get parsing info during refresh. "On-the-fly" syntax checking information may be incorrect. [C:\Users\nikhi\CNN\rtl\top_module.v:]
ERROR: [Common 17-180] Spawn failed: The operation completed successfully.

WARNING: [filemgmt 56-199] Attempt to get parsing info during refresh. "On-the-fly" syntax checking information may be incorrect. [C:\Users\nikhi\CNN\rtl\top_module.v:]
WARNING: [filemgmt 56-199] Attempt to get parsing info during refresh. "On-the-fly" syntax checking information may be incorrect. [C:\Users\nikhi\CNN\rtl\max_pool.v:]
WARNING: [filemgmt 56-199] Attempt to get parsing info during refresh. "On-the-fly" syntax checking information may be incorrect. [C:\Users\nikhi\CNN\rtl\max_pool.v:]
WARNING: [filemgmt 56-199] Attempt to get parsing info during refresh. "On-the-fly" syntax checking information may be incorrect. [C:\Users\nikhi\CNN\rtl\max_pool.v:]
ERROR: [Common 17-180] Spawn failed: The operation completed successfully.

WARNING: [filemgmt 56-199] Attempt to get parsing info during refresh. "On-the-fly" syntax checking information may be incorrect. [C:\Users\nikhi\CNN\rtl\top_module.v:]
WARNING: [filemgmt 56-199] Attempt to get parsing info during refresh. "On-the-fly" syntax checking information may be incorrect. [C:\Users\nikhi\CNN\rtl\max_pool.v:]
WARNING: [filemgmt 56-199] Attempt to get parsing info during refresh. "On-the-fly" syntax checking information may be incorrect. [C:\Users\nikhi\CNN\rtl\max_pool.v:]
WARNING: [filemgmt 56-199] Attempt to get parsing info during refresh. "On-the-fly" syntax checking information may be incorrect. [C:\Users\nikhi\CNN\rtl\max_pool.v:]
ERROR: [Common 17-180] Spawn failed: The operation completed successfully.

WARNING: [filemgmt 56-199] Attempt to get parsing info during refresh. "On-the-fly" syntax checking information may be incorrect. [C:\Users\nikhi\CNN\rtl\top_module.v:]
WARNING: [filemgmt 56-199] Attempt to get parsing info during refresh. "On-the-fly" syntax checking information may be incorrect. [C:\Users\nikhi\CNN\rtl\max_pool.v:]
WARNING: [filemgmt 56-199] Attempt to get parsing info during refresh. "On-the-fly" syntax checking information may be incorrect. [C:\Users\nikhi\CNN\rtl\max_pool.v:]
WARNING: [filemgmt 56-199] Attempt to get parsing info during refresh. "On-the-fly" syntax checking information may be incorrect. [C:\Users\nikhi\CNN\rtl\max_pool.v:]
ERROR: [Common 17-180] Spawn failed: The operation completed successfully.

WARNING: [filemgmt 56-199] Attempt to get parsing info during refresh. "On-the-fly" syntax checking information may be incorrect. [C:\Users\nikhi\CNN\rtl\top_module.v:]
WARNING: [filemgmt 56-199] Attempt to get parsing info during refresh. "On-the-fly" syntax checking information may be incorrect. [C:\Users\nikhi\CNN\rtl\max_pool.v:]
WARNING: [filemgmt 56-199] Attempt to get parsing info during refresh. "On-the-fly" syntax checking information may be incorrect. [C:\Users\nikhi\CNN\rtl\max_pool.v:]
WARNING: [filemgmt 56-199] Attempt to get parsing info during refresh. "On-the-fly" syntax checking information may be incorrect. [C:\Users\nikhi\CNN\rtl\max_pool.v:]
ERROR: [Common 17-180] Spawn failed: The operation completed successfully.

WARNING: [filemgmt 56-199] Attempt to get parsing info during refresh. "On-the-fly" syntax checking information may be incorrect. [C:\Users\nikhi\CNN\rtl\top_module.v:]
WARNING: [filemgmt 56-199] Attempt to get parsing info during refresh. "On-the-fly" syntax checking information may be incorrect. [C:\Users\nikhi\CNN\rtl\max_pool.v:]
WARNING: [filemgmt 56-199] Attempt to get parsing info during refresh. "On-the-fly" syntax checking information may be incorrect. [C:\Users\nikhi\CNN\rtl\max_pool.v:]
WARNING: [filemgmt 56-199] Attempt to get parsing info during refresh. "On-the-fly" syntax checking information may be incorrect. [C:\Users\nikhi\CNN\rtl\max_pool.v:]
ERROR: [Common 17-180] Spawn failed: The operation completed successfully.

WARNING: [filemgmt 56-199] Attempt to get parsing info during refresh. "On-the-fly" syntax checking information may be incorrect. [C:\Users\nikhi\CNN\rtl\top_module.v:]
WARNING: [filemgmt 56-199] Attempt to get parsing info during refresh. "On-the-fly" syntax checking information may be incorrect. [C:\Users\nikhi\CNN\rtl\max_pool.v:]
WARNING: [filemgmt 56-199] Attempt to get parsing info during refresh. "On-the-fly" syntax checking information may be incorrect. [C:\Users\nikhi\CNN\rtl\max_pool.v:]
WARNING: [filemgmt 56-199] Attempt to get parsing info during refresh. "On-the-fly" syntax checking information may be incorrect. [C:\Users\nikhi\CNN\rtl\max_pool.v:]
ERROR: [Common 17-180] Spawn failed: The operation completed successfully.

WARNING: [filemgmt 56-199] Attempt to get parsing info during refresh. "On-the-fly" syntax checking information may be incorrect. [C:\Users\nikhi\CNN\rtl\top_module.v:]
WARNING: [filemgmt 56-199] Attempt to get parsing info during refresh. "On-the-fly" syntax checking information may be incorrect. [C:\Users\nikhi\CNN\rtl\max_pool.v:]
WARNING: [filemgmt 56-199] Attempt to get parsing info during refresh. "On-the-fly" syntax checking information may be incorrect. [C:\Users\nikhi\CNN\rtl\top_module.v:]
WARNING: [filemgmt 56-199] Attempt to get parsing info during refresh. "On-the-fly" syntax checking information may be incorrect. [C:\Users\nikhi\CNN\rtl\top_module.v:]
ERROR: [Common 17-180] Spawn failed: The operation completed successfully.

WARNING: [filemgmt 56-199] Attempt to get parsing info during refresh. "On-the-fly" syntax checking information may be incorrect. [C:\Users\nikhi\CNN\rtl\top_module.v:]
WARNING: [filemgmt 56-199] Attempt to get parsing info during refresh. "On-the-fly" syntax checking information may be incorrect. [C:\Users\nikhi\CNN\rtl\max_pool.v:]
WARNING: [filemgmt 56-199] Attempt to get parsing info during refresh. "On-the-fly" syntax checking information may be incorrect. [C:\Users\nikhi\CNN\rtl\max_pool.v:]
WARNING: [filemgmt 56-199] Attempt to get parsing info during refresh. "On-the-fly" syntax checking information may be incorrect. [C:\Users\nikhi\CNN\rtl\max_pool.v:]
ERROR: [Common 17-180] Spawn failed: The operation completed successfully.

WARNING: [filemgmt 56-199] Attempt to get parsing info during refresh. "On-the-fly" syntax checking information may be incorrect. [C:\Users\nikhi\CNN\rtl\top_module.v:]
WARNING: [filemgmt 56-199] Attempt to get parsing info during refresh. "On-the-fly" syntax checking information may be incorrect. [C:\Users\nikhi\CNN\rtl\max_pool.v:]
WARNING: [filemgmt 56-199] Attempt to get parsing info during refresh. "On-the-fly" syntax checking information may be incorrect. [C:\Users\nikhi\CNN\rtl\max_pool.v:]
WARNING: [filemgmt 56-199] Attempt to get parsing info during refresh. "On-the-fly" syntax checking information may be incorrect. [C:\Users\nikhi\CNN\rtl\max_pool.v:]
ERROR: [Common 17-180] Spawn failed: The operation completed successfully.

WARNING: [filemgmt 56-199] Attempt to get parsing info during refresh. "On-the-fly" syntax checking information may be incorrect. [C:\Users\nikhi\CNN\rtl\top_module.v:]
WARNING: [filemgmt 56-199] Attempt to get parsing info during refresh. "On-the-fly" syntax checking information may be incorrect. [C:\Users\nikhi\CNN\rtl\max_pool.v:]
WARNING: [filemgmt 56-199] Attempt to get parsing info during refresh. "On-the-fly" syntax checking information may be incorrect. [C:\Users\nikhi\CNN\rtl\max_pool.v:]
WARNING: [filemgmt 56-199] Attempt to get parsing info during refresh. "On-the-fly" syntax checking information may be incorrect. [C:\Users\nikhi\CNN\rtl\max_pool.v:]
ERROR: [Common 17-180] Spawn failed: The operation completed successfully.

WARNING: [filemgmt 56-199] Attempt to get parsing info during refresh. "On-the-fly" syntax checking information may be incorrect. [C:\Users\nikhi\CNN\rtl\top_module.v:]
WARNING: [filemgmt 56-199] Attempt to get parsing info during refresh. "On-the-fly" syntax checking information may be incorrect. [C:\Users\nikhi\CNN\rtl\max_pool.v:]
WARNING: [filemgmt 56-199] Attempt to get parsing info during refresh. "On-the-fly" syntax checking information may be incorrect. [C:\Users\nikhi\CNN\rtl\max_pool.v:]
WARNING: [filemgmt 56-199] Attempt to get parsing info during refresh. "On-the-fly" syntax checking information may be incorrect. [C:\Users\nikhi\CNN\rtl\max_pool.v:]
ERROR: [Common 17-180] Spawn failed: The operation completed successfully.

close_sim
INFO: [Simtcl 6-16] Simulation closed
launch_simulation
Command: launch_simulation 
INFO: [Vivado 12-25911] Executing simulation for 'XSim' simulator
INFO: [Vivado 12-28535] Process started - Mon Apr  6 00:59:41 2026

INFO: [Vivado 12-12493] Simulation top is 'tm_tb'
INFO: [Vivado 12-5682] Launching behavioral simulation in 'C:/Users/nikhi/CNN/rtl/CNN/CNN.sim/sim_1/behav/xsim'
INFO: [SIM-utils-51] Simulation object is 'sim_1'
INFO: [SIM-utils-72] Using boost library from 'C:/AMDDesignTools/2025.2/Vivado/tps/boost_1_72_0'
INFO: [SIM-utils-54] Inspecting design source files for 'tm_tb' in fileset 'sim_1'...
INFO: [USF-XSim-97] Finding global include files...
INFO: [USF-XSim-98] Fetching design files from 'sim_1'...
INFO: [USF-XSim-2] XSim::Compile design
INFO: [USF-XSim-61] Executing 'COMPILE and ANALYZE' step in 'C:/Users/nikhi/CNN/rtl/CNN/CNN.sim/sim_1/behav/xsim'
"xvlog --incr --relax -prj tm_tb_vlog.prj"
INFO: [VRFC 10-2263] Analyzing Verilog file "C:/Users/nikhi/CNN/rtl/PE.v" into library xil_defaultlib
INFO: [VRFC 10-311] analyzing module PE
INFO: [VRFC 10-2263] Analyzing Verilog file "C:/Users/nikhi/CNN/rtl/linebuffer.v" into library xil_defaultlib
INFO: [VRFC 10-311] analyzing module linebuffer
INFO: [VRFC 10-2263] Analyzing Verilog file "C:/Users/nikhi/CNN/rtl/max_pool.v" into library xil_defaultlib
INFO: [VRFC 10-311] analyzing module max_pool
INFO: [VRFC 10-2263] Analyzing Verilog file "C:/Users/nikhi/CNN/rtl/top_module.v" into library xil_defaultlib
INFO: [VRFC 10-311] analyzing module top_module
INFO: [VRFC 10-2263] Analyzing Verilog file "C:/Users/nikhi/CNN/rtl/tm_tb.v" into library xil_defaultlib
INFO: [VRFC 10-311] analyzing module tm_tb
INFO: [USF-XSim-69] 'compile' step finished in '2' seconds
INFO: [USF-XSim-3] XSim::Elaborate design
INFO: [USF-XSim-61] Executing 'ELABORATE' step in 'C:/Users/nikhi/CNN/rtl/CNN/CNN.sim/sim_1/behav/xsim'
"xelab --incr --debug typical --relax --mt 2 -L xil_defaultlib -L unisims_ver -L unimacro_ver -L secureip --snapshot tm_tb_behav xil_defaultlib.tm_tb xil_defaultlib.glbl -log elaborate.log"
Vivado Simulator v2025.2
Copyright 1986-2022 Xilinx, Inc. All Rights Reserved.
Copyright 2022-2025 Advanced Micro Devices, Inc. All Rights Reserved.
Running: C:/AMDDesignTools/2025.2/Vivado/bin/unwrapped/win64.o/xelab.exe --incr --debug typical --relax --mt 2 -L xil_defaultlib -L unisims_ver -L unimacro_ver -L secureip --snapshot tm_tb_behav xil_defaultlib.tm_tb xil_defaultlib.glbl -log elaborate.log 
Using 2 slave threads.
Starting static elaboration
Pass Through NonSizing Optimizer
Completed static elaboration
Starting simulation data flow analysis
WARNING: [XSIM 43-4099] "C:/Users/nikhi/CNN/rtl/top_module.v" Line 1. Module top_module(IMG_W=8,IMG_H=8) doesn't have a timescale but at least one module in design has a timescale.
WARNING: [XSIM 43-4099] "C:/Users/nikhi/CNN/rtl/linebuffer.v" Line 1. Module linebuffer(IMG_W=8,IMG_H=8) doesn't have a timescale but at least one module in design has a timescale.
WARNING: [XSIM 43-4099] "C:/Users/nikhi/CNN/rtl/PE.v" Line 1. Module PE doesn't have a timescale but at least one module in design has a timescale.
WARNING: [XSIM 43-4099] "C:/Users/nikhi/CNN/rtl/max_pool.v" Line 1. Module max_pool(IMG_W=8,IMG_H=8) doesn't have a timescale but at least one module in design has a timescale.
Completed simulation data flow analysis
Time Resolution for simulation is 1ps
Compiling module xil_defaultlib.linebuffer(IMG_W=8,IMG_H=8)
Compiling module xil_defaultlib.PE
Compiling module xil_defaultlib.max_pool(IMG_W=8,IMG_H=8)
Compiling module xil_defaultlib.top_module(IMG_W=8,IMG_H=8)
Compiling module xil_defaultlib.tm_tb
Compiling module xil_defaultlib.glbl
Built simulation snapshot tm_tb_behav
INFO: [USF-XSim-69] 'elaborate' step finished in '4' seconds
INFO: [USF-XSim-4] XSim::Simulate design
INFO: [USF-XSim-61] Executing 'SIMULATE' step in 'C:/Users/nikhi/CNN/rtl/CNN/CNN.sim/sim_1/behav/xsim'
INFO: [USF-XSim-98] *** Running xsim
   with args "tm_tb_behav -key {Behavioral:sim_1:Functional:tm_tb} -tclbatch {tm_tb.tcl} -view {C:/Users/nikhi/CNN/rtl/CNN/lb_tb_behav1.wcfg} -log {simulate.log}"
INFO: [USF-XSim-8] Loading simulator feature
Time resolution is 1 ps
open_wave_config C:/Users/nikhi/CNN/rtl/CNN/lb_tb_behav1.wcfg
source tm_tb.tcl
# set curr_wave [current_wave_config]
# if { [string length $curr_wave] == 0 } {
#   if { [llength [get_objects]] > 0} {
#     add_wave /
#     set_property needs_save false [current_wave_config]
#   } else {
#      send_msg_id Add_Wave-1 WARNING "No top level signals found. Simulator will start without a wave window. If you want to open a wave window go to 'File->New Waveform Configuration' or type 'create_wave_config' in the TCL console."
#   }
# }
# run 1000ns
INFO: [USF-XSim-96] XSim completed. Design snapshot 'tm_tb_behav' loaded.
INFO: [USF-XSim-97] XSim simulation ran for 1000ns
launch_simulation: Time (s): cpu = 00:00:02 ; elapsed = 00:00:08 . Memory (MB): peak = 3008.941 ; gain = 0.000
current_wave_config {lb_tb_behav1.wcfg}
lb_tb_behav1.wcfg
add_wave {{/tm_tb/tm/mp/valid_in}} {{/tm_tb/tm/mp/data_in}} {{/tm_tb/tm/mp/pool_data}} 
current_wave_config {lb_tb_behav1.wcfg}
lb_tb_behav1.wcfg
add_wave {{/tm_tb/tm/mp/line1}} 
current_wave_config {lb_tb_behav1.wcfg}
lb_tb_behav1.wcfg
add_wave {{/tm_tb/tm/mp/r1}} 
current_wave_config {lb_tb_behav1.wcfg}
lb_tb_behav1.wcfg
add_wave {{/tm_tb/tm/mp/col}} {{/tm_tb/tm/mp/row}} {{/tm_tb/tm/mp/pool_en}} 
current_wave_config {lb_tb_behav1.wcfg}
lb_tb_behav1.wcfg
add_wave {{/tm_tb/tm/mp/ctr}} {{/tm_tb/tm/mp/row_1_max}} {{/tm_tb/tm/mp/row_2_max}} 
relaunch_sim
Command: launch_simulation -step compile -simset sim_1 -mode behavioral
INFO: [Vivado 12-25911] Executing simulation for 'XSim' simulator
INFO: [Vivado 12-28535] Process started - Mon Apr  6 01:00:25 2026

INFO: [Vivado 12-12493] Simulation top is 'tm_tb'
INFO: [Vivado 12-5682] Launching behavioral simulation in 'C:/Users/nikhi/CNN/rtl/CNN/CNN.sim/sim_1/behav/xsim'
INFO: [SIM-utils-51] Simulation object is 'sim_1'
INFO: [USF-XSim-2] XSim::Compile design
INFO: [USF-XSim-61] Executing 'COMPILE and ANALYZE' step in 'C:/Users/nikhi/CNN/rtl/CNN/CNN.sim/sim_1/behav/xsim'
"xvlog --incr --relax -prj tm_tb_vlog.prj"
INFO: [USF-XSim-69] 'compile' step finished in '2' seconds
Command: launch_simulation -step elaborate -simset sim_1 -mode behavioral
INFO: [Vivado 12-25911] Executing simulation for 'XSim' simulator
INFO: [Vivado 12-28535] Process started - Mon Apr  6 01:00:27 2026

INFO: [Vivado 12-12493] Simulation top is 'tm_tb'
INFO: [Vivado 12-5682] Launching behavioral simulation in 'C:/Users/nikhi/CNN/rtl/CNN/CNN.sim/sim_1/behav/xsim'
INFO: [SIM-utils-51] Simulation object is 'sim_1'
INFO: [USF-XSim-3] XSim::Elaborate design
INFO: [USF-XSim-61] Executing 'ELABORATE' step in 'C:/Users/nikhi/CNN/rtl/CNN/CNN.sim/sim_1/behav/xsim'
"xelab --incr --debug typical --relax --mt 2 -L xil_defaultlib -L unisims_ver -L unimacro_ver -L secureip --snapshot tm_tb_behav xil_defaultlib.tm_tb xil_defaultlib.glbl -log elaborate.log"
Vivado Simulator v2025.2
Copyright 1986-2022 Xilinx, Inc. All Rights Reserved.
Copyright 2022-2025 Advanced Micro Devices, Inc. All Rights Reserved.
Running: C:/AMDDesignTools/2025.2/Vivado/bin/unwrapped/win64.o/xelab.exe --incr --debug typical --relax --mt 2 -L xil_defaultlib -L unisims_ver -L unimacro_ver -L secureip --snapshot tm_tb_behav xil_defaultlib.tm_tb xil_defaultlib.glbl -log elaborate.log 
Using 2 slave threads.
Starting static elaboration
Pass Through NonSizing Optimizer
Completed static elaboration
INFO: [XSIM 43-4323] No Change in HDL. Linking previously generated obj files to create kernel
INFO: [USF-XSim-69] 'elaborate' step finished in '2' seconds
Time resolution is 1 ps
relaunch_sim: Time (s): cpu = 00:00:01 ; elapsed = 00:00:07 . Memory (MB): peak = 3008.941 ; gain = 0.000
WARNING: [filemgmt 56-199] Attempt to get parsing info during refresh. "On-the-fly" syntax checking information may be incorrect. [C:\Users\nikhi\CNN\rtl\top_module.v:]
WARNING: [filemgmt 56-199] Attempt to get parsing info during refresh. "On-the-fly" syntax checking information may be incorrect. [C:\Users\nikhi\CNN\rtl\max_pool.v:]
WARNING: [filemgmt 56-199] Attempt to get parsing info during refresh. "On-the-fly" syntax checking information may be incorrect. [C:\Users\nikhi\CNN\rtl\max_pool.v:]
WARNING: [filemgmt 56-199] Attempt to get parsing info during refresh. "On-the-fly" syntax checking information may be incorrect. [C:\Users\nikhi\CNN\rtl\max_pool.v:]
ERROR: [Common 17-180] Spawn failed: The operation completed successfully.

close_sim
INFO: [Simtcl 6-16] Simulation closed
launch_simulation
Command: launch_simulation 
INFO: [Vivado 12-25911] Executing simulation for 'XSim' simulator
INFO: [Vivado 12-28535] Process started - Mon Apr  6 01:03:23 2026

INFO: [Vivado 12-12493] Simulation top is 'tm_tb'
INFO: [Vivado 12-5682] Launching behavioral simulation in 'C:/Users/nikhi/CNN/rtl/CNN/CNN.sim/sim_1/behav/xsim'
INFO: [SIM-utils-51] Simulation object is 'sim_1'
INFO: [SIM-utils-72] Using boost library from 'C:/AMDDesignTools/2025.2/Vivado/tps/boost_1_72_0'
INFO: [SIM-utils-54] Inspecting design source files for 'tm_tb' in fileset 'sim_1'...
INFO: [USF-XSim-97] Finding global include files...
INFO: [USF-XSim-98] Fetching design files from 'sim_1'...
INFO: [USF-XSim-2] XSim::Compile design
INFO: [USF-XSim-61] Executing 'COMPILE and ANALYZE' step in 'C:/Users/nikhi/CNN/rtl/CNN/CNN.sim/sim_1/behav/xsim'
"xvlog --incr --relax -prj tm_tb_vlog.prj"
INFO: [VRFC 10-2263] Analyzing Verilog file "C:/Users/nikhi/CNN/rtl/PE.v" into library xil_defaultlib
INFO: [VRFC 10-311] analyzing module PE
INFO: [VRFC 10-2263] Analyzing Verilog file "C:/Users/nikhi/CNN/rtl/linebuffer.v" into library xil_defaultlib
INFO: [VRFC 10-311] analyzing module linebuffer
INFO: [VRFC 10-2263] Analyzing Verilog file "C:/Users/nikhi/CNN/rtl/max_pool.v" into library xil_defaultlib
INFO: [VRFC 10-311] analyzing module max_pool
INFO: [VRFC 10-2263] Analyzing Verilog file "C:/Users/nikhi/CNN/rtl/top_module.v" into library xil_defaultlib
INFO: [VRFC 10-311] analyzing module top_module
INFO: [VRFC 10-2263] Analyzing Verilog file "C:/Users/nikhi/CNN/rtl/tm_tb.v" into library xil_defaultlib
INFO: [VRFC 10-311] analyzing module tm_tb
INFO: [USF-XSim-69] 'compile' step finished in '2' seconds
INFO: [USF-XSim-3] XSim::Elaborate design
INFO: [USF-XSim-61] Executing 'ELABORATE' step in 'C:/Users/nikhi/CNN/rtl/CNN/CNN.sim/sim_1/behav/xsim'
"xelab --incr --debug typical --relax --mt 2 -L xil_defaultlib -L unisims_ver -L unimacro_ver -L secureip --snapshot tm_tb_behav xil_defaultlib.tm_tb xil_defaultlib.glbl -log elaborate.log"
Vivado Simulator v2025.2
Copyright 1986-2022 Xilinx, Inc. All Rights Reserved.
Copyright 2022-2025 Advanced Micro Devices, Inc. All Rights Reserved.
Running: C:/AMDDesignTools/2025.2/Vivado/bin/unwrapped/win64.o/xelab.exe --incr --debug typical --relax --mt 2 -L xil_defaultlib -L unisims_ver -L unimacro_ver -L secureip --snapshot tm_tb_behav xil_defaultlib.tm_tb xil_defaultlib.glbl -log elaborate.log 
Using 2 slave threads.
Starting static elaboration
Pass Through NonSizing Optimizer
Completed static elaboration
Starting simulation data flow analysis
WARNING: [XSIM 43-4099] "C:/Users/nikhi/CNN/rtl/top_module.v" Line 1. Module top_module(IMG_W=8,IMG_H=8) doesn't have a timescale but at least one module in design has a timescale.
WARNING: [XSIM 43-4099] "C:/Users/nikhi/CNN/rtl/linebuffer.v" Line 1. Module linebuffer(IMG_W=8,IMG_H=8) doesn't have a timescale but at least one module in design has a timescale.
WARNING: [XSIM 43-4099] "C:/Users/nikhi/CNN/rtl/PE.v" Line 1. Module PE doesn't have a timescale but at least one module in design has a timescale.
WARNING: [XSIM 43-4099] "C:/Users/nikhi/CNN/rtl/max_pool.v" Line 1. Module max_pool(IMG_W=8,IMG_H=8) doesn't have a timescale but at least one module in design has a timescale.
Completed simulation data flow analysis
Time Resolution for simulation is 1ps
Compiling module xil_defaultlib.linebuffer(IMG_W=8,IMG_H=8)
Compiling module xil_defaultlib.PE
Compiling module xil_defaultlib.max_pool(IMG_W=8,IMG_H=8)
Compiling module xil_defaultlib.top_module(IMG_W=8,IMG_H=8)
Compiling module xil_defaultlib.tm_tb
Compiling module xil_defaultlib.glbl
Built simulation snapshot tm_tb_behav
INFO: [USF-XSim-69] 'elaborate' step finished in '3' seconds
INFO: [USF-XSim-4] XSim::Simulate design
INFO: [USF-XSim-61] Executing 'SIMULATE' step in 'C:/Users/nikhi/CNN/rtl/CNN/CNN.sim/sim_1/behav/xsim'
INFO: [USF-XSim-98] *** Running xsim
   with args "tm_tb_behav -key {Behavioral:sim_1:Functional:tm_tb} -tclbatch {tm_tb.tcl} -view {C:/Users/nikhi/CNN/rtl/CNN/lb_tb_behav1.wcfg} -log {simulate.log}"
INFO: [USF-XSim-8] Loading simulator feature
Time resolution is 1 ps
open_wave_config C:/Users/nikhi/CNN/rtl/CNN/lb_tb_behav1.wcfg
source tm_tb.tcl
# set curr_wave [current_wave_config]
# if { [string length $curr_wave] == 0 } {
#   if { [llength [get_objects]] > 0} {
#     add_wave /
#     set_property needs_save false [current_wave_config]
#   } else {
#      send_msg_id Add_Wave-1 WARNING "No top level signals found. Simulator will start without a wave window. If you want to open a wave window go to 'File->New Waveform Configuration' or type 'create_wave_config' in the TCL console."
#   }
# }
# run 1000ns
INFO: [USF-XSim-96] XSim completed. Design snapshot 'tm_tb_behav' loaded.
INFO: [USF-XSim-97] XSim simulation ran for 1000ns
launch_simulation: Time (s): cpu = 00:00:04 ; elapsed = 00:00:09 . Memory (MB): peak = 3008.941 ; gain = 0.000
current_wave_config {lb_tb_behav1.wcfg}
lb_tb_behav1.wcfg
add_wave {{/tm_tb/tm/mp/valid_in}} {{/tm_tb/tm/mp/data_in}} {{/tm_tb/tm/mp/pool_data}} 
current_wave_config {lb_tb_behav1.wcfg}
lb_tb_behav1.wcfg
add_wave {{/tm_tb/tm/mp/line1}} 
current_wave_config {lb_tb_behav1.wcfg}
lb_tb_behav1.wcfg
add_wave {{/tm_tb/tm/mp/r1}} 
current_wave_config {lb_tb_behav1.wcfg}
lb_tb_behav1.wcfg
add_wave {{/tm_tb/tm/mp/col}} {{/tm_tb/tm/mp/row}} 
current_wave_config {lb_tb_behav1.wcfg}
lb_tb_behav1.wcfg
add_wave {{/tm_tb/tm/mp/pool_en}} 
current_wave_config {lb_tb_behav1.wcfg}
lb_tb_behav1.wcfg
add_wave {{/tm_tb/tm/mp/ctr}} {{/tm_tb/tm/mp/row_1_max}} {{/tm_tb/tm/mp/row_2_max}} 
relaunch_sim
Command: launch_simulation -step compile -simset sim_1 -mode behavioral
INFO: [Vivado 12-25911] Executing simulation for 'XSim' simulator
INFO: [Vivado 12-28535] Process started - Mon Apr  6 01:04:07 2026

INFO: [Vivado 12-12493] Simulation top is 'tm_tb'
INFO: [Vivado 12-5682] Launching behavioral simulation in 'C:/Users/nikhi/CNN/rtl/CNN/CNN.sim/sim_1/behav/xsim'
INFO: [SIM-utils-51] Simulation object is 'sim_1'
INFO: [USF-XSim-2] XSim::Compile design
INFO: [USF-XSim-61] Executing 'COMPILE and ANALYZE' step in 'C:/Users/nikhi/CNN/rtl/CNN/CNN.sim/sim_1/behav/xsim'
"xvlog --incr --relax -prj tm_tb_vlog.prj"
INFO: [USF-XSim-69] 'compile' step finished in '2' seconds
Command: launch_simulation -step elaborate -simset sim_1 -mode behavioral
INFO: [Vivado 12-25911] Executing simulation for 'XSim' simulator
INFO: [Vivado 12-28535] Process started - Mon Apr  6 01:04:09 2026

INFO: [Vivado 12-12493] Simulation top is 'tm_tb'
INFO: [Vivado 12-5682] Launching behavioral simulation in 'C:/Users/nikhi/CNN/rtl/CNN/CNN.sim/sim_1/behav/xsim'
INFO: [SIM-utils-51] Simulation object is 'sim_1'
INFO: [USF-XSim-3] XSim::Elaborate design
INFO: [USF-XSim-61] Executing 'ELABORATE' step in 'C:/Users/nikhi/CNN/rtl/CNN/CNN.sim/sim_1/behav/xsim'
"xelab --incr --debug typical --relax --mt 2 -L xil_defaultlib -L unisims_ver -L unimacro_ver -L secureip --snapshot tm_tb_behav xil_defaultlib.tm_tb xil_defaultlib.glbl -log elaborate.log"
Vivado Simulator v2025.2
Copyright 1986-2022 Xilinx, Inc. All Rights Reserved.
Copyright 2022-2025 Advanced Micro Devices, Inc. All Rights Reserved.
Running: C:/AMDDesignTools/2025.2/Vivado/bin/unwrapped/win64.o/xelab.exe --incr --debug typical --relax --mt 2 -L xil_defaultlib -L unisims_ver -L unimacro_ver -L secureip --snapshot tm_tb_behav xil_defaultlib.tm_tb xil_defaultlib.glbl -log elaborate.log 
Using 2 slave threads.
Starting static elaboration
Pass Through NonSizing Optimizer
Completed static elaboration
INFO: [XSIM 43-4323] No Change in HDL. Linking previously generated obj files to create kernel
INFO: [USF-XSim-69] 'elaborate' step finished in '2' seconds
Time resolution is 1 ps
relaunch_sim: Time (s): cpu = 00:00:01 ; elapsed = 00:00:07 . Memory (MB): peak = 3008.941 ; gain = 0.000
WARNING: [filemgmt 56-199] Attempt to get parsing info during refresh. "On-the-fly" syntax checking information may be incorrect. [C:\Users\nikhi\CNN\rtl\top_module.v:]
WARNING: [filemgmt 56-199] Attempt to get parsing info during refresh. "On-the-fly" syntax checking information may be incorrect. [C:\Users\nikhi\CNN\rtl\max_pool.v:]
WARNING: [filemgmt 56-199] Attempt to get parsing info during refresh. "On-the-fly" syntax checking information may be incorrect. [C:\Users\nikhi\CNN\rtl\max_pool.v:]
WARNING: [filemgmt 56-199] Attempt to get parsing info during refresh. "On-the-fly" syntax checking information may be incorrect. [C:\Users\nikhi\CNN\rtl\max_pool.v:]
ERROR: [Common 17-180] Spawn failed: The operation completed successfully.

update_compile_order -fileset sources_1
WARNING: [filemgmt 56-199] Attempt to get parsing info during refresh. "On-the-fly" syntax checking information may be incorrect. [C:\Users\nikhi\CNN\rtl\top_module.v:]
WARNING: [filemgmt 56-199] Attempt to get parsing info during refresh. "On-the-fly" syntax checking information may be incorrect. [C:\Users\nikhi\CNN\rtl\max_pool.v:]
WARNING: [filemgmt 56-199] Attempt to get parsing info during refresh. "On-the-fly" syntax checking information may be incorrect. [C:\Users\nikhi\CNN\rtl\max_pool.v:]
WARNING: [filemgmt 56-199] Attempt to get parsing info during refresh. "On-the-fly" syntax checking information may be incorrect. [C:\Users\nikhi\CNN\rtl\max_pool.v:]
update_compile_order -fileset sources_1
WARNING: [filemgmt 56-199] Attempt to get parsing info during refresh. "On-the-fly" syntax checking information may be incorrect. [C:\Users\nikhi\CNN\rtl\top_module.v:]
WARNING: [filemgmt 56-199] Attempt to get parsing info during refresh. "On-the-fly" syntax checking information may be incorrect. [C:\Users\nikhi\CNN\rtl\max_pool.v:]
WARNING: [filemgmt 56-199] Attempt to get parsing info during refresh. "On-the-fly" syntax checking information may be incorrect. [C:\Users\nikhi\CNN\rtl\max_pool.v:]
WARNING: [filemgmt 56-199] Attempt to get parsing info during refresh. "On-the-fly" syntax checking information may be incorrect. [C:\Users\nikhi\CNN\rtl\max_pool.v:]
WARNING: [filemgmt 56-199] Attempt to get parsing info during refresh. "On-the-fly" syntax checking information may be incorrect. [C:\Users\nikhi\CNN\rtl\top_module.v:]
WARNING: [filemgmt 56-199] Attempt to get parsing info during refresh. "On-the-fly" syntax checking information may be incorrect. [C:\Users\nikhi\CNN\rtl\max_pool.v:]
WARNING: [filemgmt 56-199] Attempt to get parsing info during refresh. "On-the-fly" syntax checking information may be incorrect. [C:\Users\nikhi\CNN\rtl\top_module.v:]
WARNING: [filemgmt 56-199] Attempt to get parsing info during refresh. "On-the-fly" syntax checking information may be incorrect. [C:\Users\nikhi\CNN\rtl\top_module.v:]
WARNING: [filemgmt 56-199] Attempt to get parsing info during refresh. "On-the-fly" syntax checking information may be incorrect. [C:\Users\nikhi\CNN\rtl\top_module.v:]
WARNING: [filemgmt 56-199] Attempt to get parsing info during refresh. "On-the-fly" syntax checking information may be incorrect. [C:\Users\nikhi\CNN\rtl\max_pool.v:]
WARNING: [filemgmt 56-199] Attempt to get parsing info during refresh. "On-the-fly" syntax checking information may be incorrect. [C:\Users\nikhi\CNN\rtl\top_module.v:]
WARNING: [filemgmt 56-199] Attempt to get parsing info during refresh. "On-the-fly" syntax checking information may be incorrect. [C:\Users\nikhi\CNN\rtl\top_module.v:]
ERROR: [Common 17-180] Spawn failed: The operation completed successfully.

WARNING: [filemgmt 56-199] Attempt to get parsing info during refresh. "On-the-fly" syntax checking information may be incorrect. [C:\Users\nikhi\CNN\rtl\top_module.v:]
WARNING: [filemgmt 56-199] Attempt to get parsing info during refresh. "On-the-fly" syntax checking information may be incorrect. [C:\Users\nikhi\CNN\rtl\max_pool.v:]
WARNING: [filemgmt 56-199] Attempt to get parsing info during refresh. "On-the-fly" syntax checking information may be incorrect. [C:\Users\nikhi\CNN\rtl\max_pool.v:]
WARNING: [filemgmt 56-199] Attempt to get parsing info during refresh. "On-the-fly" syntax checking information may be incorrect. [C:\Users\nikhi\CNN\rtl\max_pool.v:]
ERROR: [Common 17-180] Spawn failed: The operation completed successfully.

update_compile_order -fileset sources_1
add_files -norecurse C:/Users/nikhi/CNN/rtl/paul_pool.v
WARNING: [filemgmt 56-199] Attempt to get parsing info during refresh. "On-the-fly" syntax checking information may be incorrect. [C:\Users\nikhi\CNN\rtl\top_module.v:]
WARNING: [filemgmt 56-199] Attempt to get parsing info during refresh. "On-the-fly" syntax checking information may be incorrect. [C:\Users\nikhi\CNN\rtl\max_pool.v:]
WARNING: [filemgmt 56-199] Attempt to get parsing info during refresh. "On-the-fly" syntax checking information may be incorrect. [C:\Users\nikhi\CNN\rtl\max_pool.v:]
WARNING: [filemgmt 56-199] Attempt to get parsing info during refresh. "On-the-fly" syntax checking information may be incorrect. [C:\Users\nikhi\CNN\rtl\max_pool.v:]
ERROR: [Common 17-180] Spawn failed: The operation completed successfully.

update_compile_order -fileset sources_1
WARNING: [filemgmt 56-199] Attempt to get parsing info during refresh. "On-the-fly" syntax checking information may be incorrect. [C:\Users\nikhi\CNN\rtl\top_module.v:]
WARNING: [filemgmt 56-199] Attempt to get parsing info during refresh. "On-the-fly" syntax checking information may be incorrect. [C:\Users\nikhi\CNN\rtl\max_pool.v:]
WARNING: [filemgmt 56-199] Attempt to get parsing info during refresh. "On-the-fly" syntax checking information may be incorrect. [C:\Users\nikhi\CNN\rtl\max_pool.v:]
WARNING: [filemgmt 56-199] Attempt to get parsing info during refresh. "On-the-fly" syntax checking information may be incorrect. [C:\Users\nikhi\CNN\rtl\max_pool.v:]
ERROR: [Common 17-180] Spawn failed: The operation completed successfully.

close_sim
INFO: [Simtcl 6-16] Simulation closed
launch_simulation
Command: launch_simulation 
INFO: [Vivado 12-25911] Executing simulation for 'XSim' simulator
INFO: [Vivado 12-28535] Process started - Mon Apr  6 01:09:08 2026

INFO: [Vivado 12-12493] Simulation top is 'tm_tb'
INFO: [Vivado 12-5682] Launching behavioral simulation in 'C:/Users/nikhi/CNN/rtl/CNN/CNN.sim/sim_1/behav/xsim'
INFO: [SIM-utils-51] Simulation object is 'sim_1'
INFO: [SIM-utils-72] Using boost library from 'C:/AMDDesignTools/2025.2/Vivado/tps/boost_1_72_0'
INFO: [SIM-utils-54] Inspecting design source files for 'tm_tb' in fileset 'sim_1'...
INFO: [USF-XSim-97] Finding global include files...
INFO: [USF-XSim-98] Fetching design files from 'sim_1'...
INFO: [USF-XSim-2] XSim::Compile design
INFO: [USF-XSim-61] Executing 'COMPILE and ANALYZE' step in 'C:/Users/nikhi/CNN/rtl/CNN/CNN.sim/sim_1/behav/xsim'
"xvlog --incr --relax -prj tm_tb_vlog.prj"
INFO: [VRFC 10-2263] Analyzing Verilog file "C:/Users/nikhi/CNN/rtl/PE.v" into library xil_defaultlib
INFO: [VRFC 10-311] analyzing module PE
INFO: [VRFC 10-2263] Analyzing Verilog file "C:/Users/nikhi/CNN/rtl/linebuffer.v" into library xil_defaultlib
INFO: [VRFC 10-311] analyzing module linebuffer
INFO: [VRFC 10-2263] Analyzing Verilog file "C:/Users/nikhi/CNN/rtl/paul_pool.v" into library xil_defaultlib
INFO: [VRFC 10-311] analyzing module paul_pool
INFO: [VRFC 10-2263] Analyzing Verilog file "C:/Users/nikhi/CNN/rtl/top_module.v" into library xil_defaultlib
INFO: [VRFC 10-311] analyzing module top_module
INFO: [VRFC 10-2263] Analyzing Verilog file "C:/Users/nikhi/CNN/rtl/tm_tb.v" into library xil_defaultlib
INFO: [VRFC 10-311] analyzing module tm_tb
INFO: [USF-XSim-69] 'compile' step finished in '2' seconds
INFO: [USF-XSim-3] XSim::Elaborate design
INFO: [USF-XSim-61] Executing 'ELABORATE' step in 'C:/Users/nikhi/CNN/rtl/CNN/CNN.sim/sim_1/behav/xsim'
"xelab --incr --debug typical --relax --mt 2 -L xil_defaultlib -L unisims_ver -L unimacro_ver -L secureip --snapshot tm_tb_behav xil_defaultlib.tm_tb xil_defaultlib.glbl -log elaborate.log"
Vivado Simulator v2025.2
Copyright 1986-2022 Xilinx, Inc. All Rights Reserved.
Copyright 2022-2025 Advanced Micro Devices, Inc. All Rights Reserved.
Running: C:/AMDDesignTools/2025.2/Vivado/bin/unwrapped/win64.o/xelab.exe --incr --debug typical --relax --mt 2 -L xil_defaultlib -L unisims_ver -L unimacro_ver -L secureip --snapshot tm_tb_behav xil_defaultlib.tm_tb xil_defaultlib.glbl -log elaborate.log 
Using 2 slave threads.
Starting static elaboration
Pass Through NonSizing Optimizer
WARNING: [VRFC 10-3091] actual bit length 16 differs from formal bit length 32 for port 'data' [C:/Users/nikhi/CNN/rtl/top_module.v:52]
Completed static elaboration
Starting simulation data flow analysis
WARNING: [XSIM 43-4099] "C:/Users/nikhi/CNN/rtl/linebuffer.v" Line 1. Module linebuffer(IMG_W=8,IMG_H=8) doesn't have a timescale but at least one module in design has a timescale.
WARNING: [XSIM 43-4099] "C:/Users/nikhi/CNN/rtl/PE.v" Line 1. Module PE doesn't have a timescale but at least one module in design has a timescale.
Completed simulation data flow analysis
Time Resolution for simulation is 1ps
Compiling module xil_defaultlib.linebuffer(IMG_W=8,IMG_H=8)
Compiling module xil_defaultlib.PE
Compiling module xil_defaultlib.paul_pool
Compiling module xil_defaultlib.top_module(IMG_W=8,IMG_H=8)
Compiling module xil_defaultlib.tm_tb
Compiling module xil_defaultlib.glbl
Built simulation snapshot tm_tb_behav
INFO: [USF-XSim-69] 'elaborate' step finished in '4' seconds
INFO: [USF-XSim-4] XSim::Simulate design
INFO: [USF-XSim-61] Executing 'SIMULATE' step in 'C:/Users/nikhi/CNN/rtl/CNN/CNN.sim/sim_1/behav/xsim'
INFO: [USF-XSim-98] *** Running xsim
   with args "tm_tb_behav -key {Behavioral:sim_1:Functional:tm_tb} -tclbatch {tm_tb.tcl} -view {C:/Users/nikhi/CNN/rtl/CNN/lb_tb_behav1.wcfg} -log {simulate.log}"
INFO: [USF-XSim-8] Loading simulator feature
Time resolution is 1 ps
open_wave_config C:/Users/nikhi/CNN/rtl/CNN/lb_tb_behav1.wcfg
source tm_tb.tcl
# set curr_wave [current_wave_config]
# if { [string length $curr_wave] == 0 } {
#   if { [llength [get_objects]] > 0} {
#     add_wave /
#     set_property needs_save false [current_wave_config]
#   } else {
#      send_msg_id Add_Wave-1 WARNING "No top level signals found. Simulator will start without a wave window. If you want to open a wave window go to 'File->New Waveform Configuration' or type 'create_wave_config' in the TCL console."
#   }
# }
# run 1000ns
INFO: [USF-XSim-96] XSim completed. Design snapshot 'tm_tb_behav' loaded.
INFO: [USF-XSim-97] XSim simulation ran for 1000ns
launch_simulation: Time (s): cpu = 00:00:05 ; elapsed = 00:00:10 . Memory (MB): peak = 3008.941 ; gain = 0.000
WARNING: [filemgmt 56-199] Attempt to get parsing info during refresh. "On-the-fly" syntax checking information may be incorrect. [C:\Users\nikhi\CNN\rtl\top_module.v:]
WARNING: [filemgmt 56-199] Attempt to get parsing info during refresh. "On-the-fly" syntax checking information may be incorrect. [C:\Users\nikhi\CNN\rtl\max_pool.v:]
WARNING: [filemgmt 56-199] Attempt to get parsing info during refresh. "On-the-fly" syntax checking information may be incorrect. [C:\Users\nikhi\CNN\rtl\max_pool.v:]
WARNING: [filemgmt 56-199] Attempt to get parsing info during refresh. "On-the-fly" syntax checking information may be incorrect. [C:\Users\nikhi\CNN\rtl\max_pool.v:]
WARNING: [filemgmt 56-199] Attempt to get parsing info during refresh. "On-the-fly" syntax checking information may be incorrect. [C:\Users\nikhi\CNN\rtl\top_module.v:]
WARNING: [filemgmt 56-199] Attempt to get parsing info during refresh. "On-the-fly" syntax checking information may be incorrect. [C:\Users\nikhi\CNN\rtl\max_pool.v:]
WARNING: [filemgmt 56-199] Attempt to get parsing info during refresh. "On-the-fly" syntax checking information may be incorrect. [C:\Users\nikhi\CNN\rtl\max_pool.v:]
WARNING: [filemgmt 56-199] Attempt to get parsing info during refresh. "On-the-fly" syntax checking information may be incorrect. [C:\Users\nikhi\CNN\rtl\max_pool.v:]
WARNING: [filemgmt 56-199] Attempt to get parsing info during refresh. "On-the-fly" syntax checking information may be incorrect. [C:\Users\nikhi\CNN\rtl\top_module.v:]
WARNING: [filemgmt 56-199] Attempt to get parsing info during refresh. "On-the-fly" syntax checking information may be incorrect. [C:\Users\nikhi\CNN\rtl\max_pool.v:]
WARNING: [filemgmt 56-199] Attempt to get parsing info during refresh. "On-the-fly" syntax checking information may be incorrect. [C:\Users\nikhi\CNN\rtl\top_module.v:]
WARNING: [filemgmt 56-199] Attempt to get parsing info during refresh. "On-the-fly" syntax checking information may be incorrect. [C:\Users\nikhi\CNN\rtl\top_module.v:]
ERROR: [Common 17-180] Spawn failed: The operation completed successfully.

WARNING: [filemgmt 56-199] Attempt to get parsing info during refresh. "On-the-fly" syntax checking information may be incorrect. [C:\Users\nikhi\CNN\rtl\top_module.v:]
WARNING: [filemgmt 56-199] Attempt to get parsing info during refresh. "On-the-fly" syntax checking information may be incorrect. [C:\Users\nikhi\CNN\rtl\max_pool.v:]
WARNING: [filemgmt 56-199] Attempt to get parsing info during refresh. "On-the-fly" syntax checking information may be incorrect. [C:\Users\nikhi\CNN\rtl\top_module.v:]
WARNING: [filemgmt 56-199] Attempt to get parsing info during refresh. "On-the-fly" syntax checking information may be incorrect. [C:\Users\nikhi\CNN\rtl\top_module.v:]
ERROR: [Common 17-180] Spawn failed: The operation completed successfully.

WARNING: [filemgmt 56-199] Attempt to get parsing info during refresh. "On-the-fly" syntax checking information may be incorrect. [C:\Users\nikhi\CNN\rtl\top_module.v:]
WARNING: [filemgmt 56-199] Attempt to get parsing info during refresh. "On-the-fly" syntax checking information may be incorrect. [C:\Users\nikhi\CNN\rtl\max_pool.v:]
WARNING: [filemgmt 56-199] Attempt to get parsing info during refresh. "On-the-fly" syntax checking information may be incorrect. [C:\Users\nikhi\CNN\rtl\max_pool.v:]
WARNING: [filemgmt 56-199] Attempt to get parsing info during refresh. "On-the-fly" syntax checking information may be incorrect. [C:\Users\nikhi\CNN\rtl\max_pool.v:]
ERROR: [Common 17-180] Spawn failed: The operation completed successfully.

update_compile_order -fileset sources_1
WARNING: [filemgmt 56-199] Attempt to get parsing info during refresh. "On-the-fly" syntax checking information may be incorrect. [C:\Users\nikhi\CNN\rtl\top_module.v:]
WARNING: [filemgmt 56-199] Attempt to get parsing info during refresh. "On-the-fly" syntax checking information may be incorrect. [C:\Users\nikhi\CNN\rtl\max_pool.v:]
WARNING: [filemgmt 56-199] Attempt to get parsing info during refresh. "On-the-fly" syntax checking information may be incorrect. [C:\Users\nikhi\CNN\rtl\max_pool.v:]
WARNING: [filemgmt 56-199] Attempt to get parsing info during refresh. "On-the-fly" syntax checking information may be incorrect. [C:\Users\nikhi\CNN\rtl\max_pool.v:]
ERROR: [Common 17-180] Spawn failed: The operation completed successfully.

close_sim
INFO: [Simtcl 6-16] Simulation closed
launch_simulation
Command: launch_simulation 
INFO: [Vivado 12-25911] Executing simulation for 'XSim' simulator
INFO: [Vivado 12-28535] Process started - Mon Apr  6 01:11:21 2026

INFO: [Vivado 12-12493] Simulation top is 'tm_tb'
INFO: [Vivado 12-5682] Launching behavioral simulation in 'C:/Users/nikhi/CNN/rtl/CNN/CNN.sim/sim_1/behav/xsim'
INFO: [SIM-utils-51] Simulation object is 'sim_1'
INFO: [SIM-utils-72] Using boost library from 'C:/AMDDesignTools/2025.2/Vivado/tps/boost_1_72_0'
INFO: [SIM-utils-54] Inspecting design source files for 'tm_tb' in fileset 'sim_1'...
INFO: [USF-XSim-97] Finding global include files...
INFO: [USF-XSim-98] Fetching design files from 'sim_1'...
INFO: [USF-XSim-2] XSim::Compile design
INFO: [USF-XSim-61] Executing 'COMPILE and ANALYZE' step in 'C:/Users/nikhi/CNN/rtl/CNN/CNN.sim/sim_1/behav/xsim'
"xvlog --incr --relax -prj tm_tb_vlog.prj"
INFO: [VRFC 10-2263] Analyzing Verilog file "C:/Users/nikhi/CNN/rtl/PE.v" into library xil_defaultlib
INFO: [VRFC 10-311] analyzing module PE
INFO: [VRFC 10-2263] Analyzing Verilog file "C:/Users/nikhi/CNN/rtl/linebuffer.v" into library xil_defaultlib
INFO: [VRFC 10-311] analyzing module linebuffer
INFO: [VRFC 10-2263] Analyzing Verilog file "C:/Users/nikhi/CNN/rtl/max_pool.v" into library xil_defaultlib
INFO: [VRFC 10-311] analyzing module max_pool
INFO: [VRFC 10-2263] Analyzing Verilog file "C:/Users/nikhi/CNN/rtl/top_module.v" into library xil_defaultlib
INFO: [VRFC 10-311] analyzing module top_module
INFO: [VRFC 10-2263] Analyzing Verilog file "C:/Users/nikhi/CNN/rtl/tm_tb.v" into library xil_defaultlib
INFO: [VRFC 10-311] analyzing module tm_tb
INFO: [USF-XSim-69] 'compile' step finished in '3' seconds
INFO: [USF-XSim-3] XSim::Elaborate design
INFO: [USF-XSim-61] Executing 'ELABORATE' step in 'C:/Users/nikhi/CNN/rtl/CNN/CNN.sim/sim_1/behav/xsim'
"xelab --incr --debug typical --relax --mt 2 -L xil_defaultlib -L unisims_ver -L unimacro_ver -L secureip --snapshot tm_tb_behav xil_defaultlib.tm_tb xil_defaultlib.glbl -log elaborate.log"
Vivado Simulator v2025.2
Copyright 1986-2022 Xilinx, Inc. All Rights Reserved.
Copyright 2022-2025 Advanced Micro Devices, Inc. All Rights Reserved.
Running: C:/AMDDesignTools/2025.2/Vivado/bin/unwrapped/win64.o/xelab.exe --incr --debug typical --relax --mt 2 -L xil_defaultlib -L unisims_ver -L unimacro_ver -L secureip --snapshot tm_tb_behav xil_defaultlib.tm_tb xil_defaultlib.glbl -log elaborate.log 
Using 2 slave threads.
Starting static elaboration
Pass Through NonSizing Optimizer
Completed static elaboration
Starting simulation data flow analysis
WARNING: [XSIM 43-4099] "C:/Users/nikhi/CNN/rtl/top_module.v" Line 1. Module top_module(IMG_W=8,IMG_H=8) doesn't have a timescale but at least one module in design has a timescale.
WARNING: [XSIM 43-4099] "C:/Users/nikhi/CNN/rtl/linebuffer.v" Line 1. Module linebuffer(IMG_W=8,IMG_H=8) doesn't have a timescale but at least one module in design has a timescale.
WARNING: [XSIM 43-4099] "C:/Users/nikhi/CNN/rtl/PE.v" Line 1. Module PE doesn't have a timescale but at least one module in design has a timescale.
WARNING: [XSIM 43-4099] "C:/Users/nikhi/CNN/rtl/max_pool.v" Line 1. Module max_pool(IMG_W=8,IMG_H=8) doesn't have a timescale but at least one module in design has a timescale.
Completed simulation data flow analysis
Time Resolution for simulation is 1ps
Compiling module xil_defaultlib.linebuffer(IMG_W=8,IMG_H=8)
Compiling module xil_defaultlib.PE
Compiling module xil_defaultlib.max_pool(IMG_W=8,IMG_H=8)
Compiling module xil_defaultlib.top_module(IMG_W=8,IMG_H=8)
Compiling module xil_defaultlib.tm_tb
Compiling module xil_defaultlib.glbl
Built simulation snapshot tm_tb_behav
INFO: [USF-XSim-69] 'elaborate' step finished in '3' seconds
INFO: [USF-XSim-4] XSim::Simulate design
INFO: [USF-XSim-61] Executing 'SIMULATE' step in 'C:/Users/nikhi/CNN/rtl/CNN/CNN.sim/sim_1/behav/xsim'
INFO: [USF-XSim-98] *** Running xsim
   with args "tm_tb_behav -key {Behavioral:sim_1:Functional:tm_tb} -tclbatch {tm_tb.tcl} -view {C:/Users/nikhi/CNN/rtl/CNN/lb_tb_behav1.wcfg} -log {simulate.log}"
INFO: [USF-XSim-8] Loading simulator feature
Time resolution is 1 ps
open_wave_config C:/Users/nikhi/CNN/rtl/CNN/lb_tb_behav1.wcfg
source tm_tb.tcl
# set curr_wave [current_wave_config]
# if { [string length $curr_wave] == 0 } {
#   if { [llength [get_objects]] > 0} {
#     add_wave /
#     set_property needs_save false [current_wave_config]
#   } else {
#      send_msg_id Add_Wave-1 WARNING "No top level signals found. Simulator will start without a wave window. If you want to open a wave window go to 'File->New Waveform Configuration' or type 'create_wave_config' in the TCL console."
#   }
# }
# run 1000ns
INFO: [USF-XSim-96] XSim completed. Design snapshot 'tm_tb_behav' loaded.
INFO: [USF-XSim-97] XSim simulation ran for 1000ns
launch_simulation: Time (s): cpu = 00:00:03 ; elapsed = 00:00:09 . Memory (MB): peak = 3008.941 ; gain = 0.000
close_sim
INFO: [Simtcl 6-16] Simulation closed
exit
INFO: [Common 17-206] Exiting Vivado at Mon Apr  6 01:11:39 2026...
